timestamp,project_name,run_id,experiment_id,duration,emissions,emissions_rate,cpu_power,gpu_power,ram_power,cpu_energy,gpu_energy,ram_energy,energy_consumed,country_name,country_iso_code,region,cloud_provider,cloud_region,os,python_version,codecarbon_version,cpu_count,cpu_model,gpu_count,gpu_model,longitude,latitude,ram_total_size,tracking_mode,on_cloud,pue
2025-07-21T07:34:11,Linear Regression,22787f44-50b9-4404-9084-98624271b1a1,5b0fa12a-3dd7-45bb-9766-cc326314d9f1,1.1217679450000162,4.370877507032893e-06,3.896418618944251e-06,6.4,13.238583660549343,10.0,1.0999034755555942e-06,4.12000329600001e-06,1.7178398611111197e-06,6.937746632666724e-06,Morocco,MAR,,,,Linux-6.8.0-62-generic-x86_64-with-glibc2.39,3.12.3,3.0.2,16,13th Gen Intel(R) Core(TM) i7-13620H,1,1 x NVIDIA GeForce RTX 4060 Laptop GPU,-10.0,28.5,15.32736587524414,machine,N,1.0
2025-07-21T07:34:20,Ridge,75de0a8f-35d1-442b-83ec-290411cc9648,5b0fa12a-3dd7-45bb-9766-cc326314d9f1,1.1134222529999818,1.2230819147921263e-05,1.0984888361056912e-05,6.4,53.86518180164309,10.0,1.0849246719999931e-06,1.6634179973999967e-05,1.6944625888888887e-06,1.941356723488885e-05,Morocco,MAR,,,,Linux-6.8.0-62-generic-x86_64-with-glibc2.39,3.12.3,3.0.2,16,13th Gen Intel(R) Core(TM) i7-13620H,1,1 x NVIDIA GeForce RTX 4060 Laptop GPU,-10.0,28.5,15.32736587524414,machine,N,1.0
2025-07-21T07:34:33,RandomForest,0d009c3e-23ba-4f01-9f18-efa9031caffa,5b0fa12a-3dd7-45bb-9766-cc326314d9f1,4.541400207999999,2.033751299859033e-05,4.47824725131345e-06,6.4,11.009901581820904,10.0,7.17947599466667e-06,1.388445555199999e-05,1.1217117761111144e-05,3.22810493077778e-05,Morocco,MAR,,,,Linux-6.8.0-62-generic-x86_64-with-glibc2.39,3.12.3,3.0.2,16,13th Gen Intel(R) Core(TM) i7-13620H,1,1 x NVIDIA GeForce RTX 4060 Laptop GPU,-10.0,28.5,15.32736587524414,machine,N,1.0
2025-07-21T07:34:46,Xgboost,44f99a58-ab7c-40a8-819f-3df715e8cea3,5b0fa12a-3dd7-45bb-9766-cc326314d9f1,5.440641785999958,6.501788301435138e-05,1.1950406876934552e-05,52.0576,11.96971375809956,10.0,7.140223377498976e-05,1.8085570023999967e-05,1.3712891763888833e-05,0.0001032006955628,Morocco,MAR,,,,Linux-6.8.0-62-generic-x86_64-with-glibc2.39,3.12.3,3.0.2,16,13th Gen Intel(R) Core(TM) i7-13620H,1,1 x NVIDIA GeForce RTX 4060 Laptop GPU,-10.0,28.5,15.32736587524414,machine,N,1.0
2025-07-21T07:34:59,Lightgbm,f7cb7b2e-edd4-4178-88c3-157fa94ec994,5b0fa12a-3dd7-45bb-9766-cc326314d9f1,5.203653028999952,3.0062627751676705e-05,5.777216041142197e-06,12.4544,12.733602225562928,10.0,1.626157848888519e-05,1.8400570276e-05,1.305524759722216e-05,4.771739636210735e-05,Morocco,MAR,,,,Linux-6.8.0-62-generic-x86_64-with-glibc2.39,3.12.3,3.0.2,16,13th Gen Intel(R) Core(TM) i7-13620H,1,1 x NVIDIA GeForce RTX 4060 Laptop GPU,-10.0,28.5,15.32736587524414,machine,N,1.0
2025-07-21T07:35:08,SVR,4d58b590-fceb-4d58-8d16-08bc1be1350f,5b0fa12a-3dd7-45bb-9766-cc326314d9f1,1.2756101429999944,1.1148752885618636e-05,8.739937469765545e-06,6.4,40.0604981500637,10.0,1.3731929973333131e-06,1.4178066897999942e-05,2.1447800111111013e-06,1.7696039906444358e-05,Morocco,MAR,,,,Linux-6.8.0-62-generic-x86_64-with-glibc2.39,3.12.3,3.0.2,16,13th Gen Intel(R) Core(TM) i7-13620H,1,1 x NVIDIA GeForce RTX 4060 Laptop GPU,-10.0,28.5,15.32736587524414,machine,N,1.0
2025-07-21T07:40:00,Conv1D-model,d3466c40-7466-4d11-9847-8de40009ecd1,5b0fa12a-3dd7-45bb-9766-cc326314d9f1,283.62290689699995,0.0011565771020874,4.077869149361307e-06,7.136,5.230973778646924,10.0,0.0005991873820235,0.0004753939914259,0.0007612145010666,0.0018357958745162,Morocco,MAR,,,,Linux-6.8.0-62-generic-x86_64-with-glibc2.39,3.12.3,3.0.2,16,13th Gen Intel(R) Core(TM) i7-13620H,1,1 x NVIDIA GeForce RTX 4060 Laptop GPU,-10.0,28.5,15.32736587524414,machine,N,1.0
2025-07-21T07:47:45,LSTM-model,a07e1c5a-8022-4dd2-8e8a-ef436f2d6f2c,5b0fa12a-3dd7-45bb-9766-cc326314d9f1,453.670628138,0.0019662040484625,4.333990182552589e-06,6.4,10.123950959389154,10.0,0.0011142669389077,0.00079010340986,0.0012165191052166,0.0031208894539844,Morocco,MAR,,,,Linux-6.8.0-62-generic-x86_64-with-glibc2.39,3.12.3,3.0.2,16,13th Gen Intel(R) Core(TM) i7-13620H,1,1 x NVIDIA GeForce RTX 4060 Laptop GPU,-10.0,28.5,15.32736587524414,machine,N,1.0
2025-07-21T07:55:34,GRU-model,c6b31884-fb54-4088-8503-8613c5ff4b90,5b0fa12a-3dd7-45bb-9766-cc326314d9f1,456.781540598,0.0019405716712449,4.248358348072585e-06,6.400000000000001,5.821775734469405,10.0,0.0010725653945465,0.000782466459306,0.0012251721912083,0.0030802040450608,Morocco,MAR,,,,Linux-6.8.0-62-generic-x86_64-with-glibc2.39,3.12.3,3.0.2,16,13th Gen Intel(R) Core(TM) i7-13620H,1,1 x NVIDIA GeForce RTX 4060 Laptop GPU,-10.0,28.5,15.32736587524414,machine,N,1.0
2025-07-21T07:55:42,GRU-model,c6b31884-fb54-4088-8503-8613c5ff4b90,5b0fa12a-3dd7-45bb-9766-cc326314d9f1,464.5567546,0.0019731495925688,4.247381128421655e-06,6.4,8.610855658132506,10.0,0.001085490977974,0.000801055363066,0.0012453675411416,0.0031319138821817,Morocco,MAR,,,,Linux-6.8.0-62-generic-x86_64-with-glibc2.39,3.12.3,3.0.2,16,13th Gen Intel(R) Core(TM) i7-13620H,1,1 x NVIDIA GeForce RTX 4060 Laptop GPU,-10.0,28.5,15.32736587524414,machine,N,1.0
2025-07-21T08:23:36,Conv1d-LSTM,2eb4e425-71c5-4fba-ac5b-8a4da9dd6a1c,5b0fa12a-3dd7-45bb-9766-cc326314d9f1,350.147513637,0.0014378605095475,4.106442152372853e-06,6.4,8.154116561766813,10.0,0.0007901314908476,0.0005532112759019,0.0009389247853166,0.0022822675520663,Morocco,MAR,,,,Linux-6.8.0-62-generic-x86_64-with-glibc2.39,3.12.3,3.0.2,16,13th Gen Intel(R) Core(TM) i7-13620H,1,1 x NVIDIA GeForce RTX 4060 Laptop GPU,-10.0,28.5,15.32736587524414,machine,N,1.0
2025-07-21T08:23:44,Conv1d-LSTM,2eb4e425-71c5-4fba-ac5b-8a4da9dd6a1c,5b0fa12a-3dd7-45bb-9766-cc326314d9f1,358.47402985300005,0.0014674752159376,4.093672326944821e-06,6.4,4.86280697849126,10.0,0.0008040765537774,0.0005644843404759,0.0009607130836861,0.0023292739779395,Morocco,MAR,,,,Linux-6.8.0-62-generic-x86_64-with-glibc2.39,3.12.3,3.0.2,16,13th Gen Intel(R) Core(TM) i7-13620H,1,1 x NVIDIA GeForce RTX 4060 Laptop GPU,-10.0,28.5,15.32736587524414,machine,N,1.0
2025-08-04T20:02:27,Linear Regression,11cad6dd-0152-41b3-b9b1-130f39336c65,5b0fa12a-3dd7-45bb-9766-cc326314d9f1,1.0718422390000342,3.3308598964427246e-06,3.10760275649355e-06,6.4,9.061334123476357,10.0,1.012286812442148e-06,2.6947243779999915e-06,1.5799505222225384e-06,5.286961712664677e-06,Morocco,MAR,,,,Linux-6.8.0-62-generic-x86_64-with-glibc2.39,3.12.3,3.0.2,16,13th Gen Intel(R) Core(TM) i7-13620H,1,1 x NVIDIA GeForce RTX 4060 Laptop GPU,-10.0,28.5,15.32736587524414,machine,N,1.0
2025-08-04T20:02:36,Ridge,d2d0dc26-05d7-450d-86be-78fa537f46cd,5b0fa12a-3dd7-45bb-9766-cc326314d9f1,1.059751712000434,2.8874548283686176e-06,2.724652195105333e-06,6.4,6.964701716942324,10.0,9.899455715559372e-07,2.0472238600000112e-06,1.5459903527799825e-06,4.583159784335931e-06,Morocco,MAR,,,,Linux-6.8.0-62-generic-x86_64-with-glibc2.39,3.12.3,3.0.2,16,13th Gen Intel(R) Core(TM) i7-13620H,1,1 x NVIDIA GeForce RTX 4060 Laptop GPU,-10.0,28.5,15.32736587524414,machine,N,1.0
2025-08-04T20:02:47,RandomForest,41f857f3-7440-44ab-aaff-58593a95a20d,5b0fa12a-3dd7-45bb-9766-cc326314d9f1,2.9703295469989826,9.764292566388638e-06,3.2872758432658794e-06,6.4,5.16584317006839,10.0,4.386512705778135e-06,4.260003408000082e-06,6.852016563890276e-06,1.549853267766849e-05,Morocco,MAR,,,,Linux-6.8.0-62-generic-x86_64-with-glibc2.39,3.12.3,3.0.2,16,13th Gen Intel(R) Core(TM) i7-13620H,1,1 x NVIDIA GeForce RTX 4060 Laptop GPU,-10.0,28.5,15.32736587524414,machine,N,1.0
2025-08-04T20:02:58,Xgboost,ce699ba5-04ce-4eb6-afee-55cc5e7ddada,5b0fa12a-3dd7-45bb-9766-cc326314d9f1,3.619410146000519,4.141630406557263e-05,1.1442832504444963e-05,43.648,19.20945042913472,10.0,3.778571432846328e-05,1.930612655599992e-05,8.646863438889341e-06,6.573870432335253e-05,Morocco,MAR,,,,Linux-6.8.0-62-generic-x86_64-with-glibc2.39,3.12.3,3.0.2,16,13th Gen Intel(R) Core(TM) i7-13620H,1,1 x NVIDIA GeForce RTX 4060 Laptop GPU,-10.0,28.5,15.32736587524414,machine,N,1.0
2025-08-04T20:03:09,Lightgbm,d2d2ab9d-0e4e-4e74-ae69-865a57190331,5b0fa12a-3dd7-45bb-9766-cc326314d9f1,2.823799305000648,1.4367175374294032e-05,5.087888274797467e-06,11.488,11.410204308235956,10.0,7.409312079688195e-06,8.94667382399998e-06,6.448547605557703e-06,2.280453350924588e-05,Morocco,MAR,,,,Linux-6.8.0-62-generic-x86_64-with-glibc2.39,3.12.3,3.0.2,16,13th Gen Intel(R) Core(TM) i7-13620H,1,1 x NVIDIA GeForce RTX 4060 Laptop GPU,-10.0,28.5,15.32736587524414,machine,N,1.0
2025-08-04T20:03:18,SVR,c625a78f-63d9-4a74-951a-148ef5b5ea3c,5b0fa12a-3dd7-45bb-9766-cc326314d9f1,1.1567028720000962,3.4126879695776026e-06,2.950358343691671e-06,8.512,6.40541179660011,10.0,1.5461837375283358e-06,2.0552794220000167e-06,1.815381497221501e-06,5.416844656749853e-06,Morocco,MAR,,,,Linux-6.8.0-62-generic-x86_64-with-glibc2.39,3.12.3,3.0.2,16,13th Gen Intel(R) Core(TM) i7-13620H,1,1 x NVIDIA GeForce RTX 4060 Laptop GPU,-10.0,28.5,15.32736587524414,machine,N,1.0
2025-08-04T20:03:53,Conv1D-model,480dec78-9e31-4268-b179-69d8e65e1631,5b0fa12a-3dd7-45bb-9766-cc326314d9f1,27.086896798000453,0.0001102313224355,4.06954415109104e-06,6.902153846153847,8.66199489106903,10.0,4.814412363523278e-05,5.439448796000002e-05,7.242785333333915e-05,0.0001749664649285,Morocco,MAR,,,,Linux-6.8.0-62-generic-x86_64-with-glibc2.39,3.12.3,3.0.2,16,13th Gen Intel(R) Core(TM) i7-13620H,1,1 x NVIDIA GeForce RTX 4060 Laptop GPU,-10.0,28.5,15.32736587524414,machine,N,1.0
2025-08-04T20:05:22,LSTM-model,34b8a36d-2aa7-48b7-a0d6-ade617cc1a71,5b0fa12a-3dd7-45bb-9766-cc326314d9f1,79.97611167099967,0.0003208561307715,4.011899604365428e-06,6.4,16.57598969041843,10.0,0.0001458728590648,0.000149810953182,0.0002136003159972,0.000509284128244,Morocco,MAR,,,,Linux-6.8.0-62-generic-x86_64-with-glibc2.39,3.12.3,3.0.2,16,13th Gen Intel(R) Core(TM) i7-13620H,1,1 x NVIDIA GeForce RTX 4060 Laptop GPU,-10.0,28.5,15.32736587524414,machine,N,1.0
2025-08-04T20:07:03,GRU-model,d1dff62e-cbc7-4638-93a9-f66b857cd070,5b0fa12a-3dd7-45bb-9766-cc326314d9f1,91.7254901590004,0.0003712623827722,4.047537736006664e-06,6.4,21.4221648475514,10.0,0.0001638930752459,0.00018045153325,0.0002449476656,0.0005892922740959,Morocco,MAR,,,,Linux-6.8.0-62-generic-x86_64-with-glibc2.39,3.12.3,3.0.2,16,13th Gen Intel(R) Core(TM) i7-13620H,1,1 x NVIDIA GeForce RTX 4060 Laptop GPU,-10.0,28.5,15.32736587524414,machine,N,1.0
2025-08-04T20:07:08,GRU-model,d1dff62e-cbc7-4638-93a9-f66b857cd070,5b0fa12a-3dd7-45bb-9766-cc326314d9f1,96.78262585300035,0.0003902671466777,4.032409156479335e-06,6.4,6.721765161654389,10.0,0.0001719838448956,0.000189885429686,0.0002575886210805,0.0006194578956622,Morocco,MAR,,,,Linux-6.8.0-62-generic-x86_64-with-glibc2.39,3.12.3,3.0.2,16,13th Gen Intel(R) Core(TM) i7-13620H,1,1 x NVIDIA GeForce RTX 4060 Laptop GPU,-10.0,28.5,15.32736587524414,machine,N,1.0
2025-08-04T20:07:58,Conv1d-LSTM,f9f04d6e-2fde-465a-9821-f9ed41f8ac68,5b0fa12a-3dd7-45bb-9766-cc326314d9f1,45.82882604000042,0.0001911214889728,4.17033351031057e-06,6.78,7.561309253707652,10.0,8.875656797783832e-05,9.152229544000008e-05,0.0001230818380472,0.000303360701465,Morocco,MAR,,,,Linux-6.8.0-62-generic-x86_64-with-glibc2.39,3.12.3,3.0.2,16,13th Gen Intel(R) Core(TM) i7-13620H,1,1 x NVIDIA GeForce RTX 4060 Laptop GPU,-10.0,28.5,15.32736587524414,machine,N,1.0
2025-08-04T20:08:09,Conv1d-LSTM,f9f04d6e-2fde-465a-9821-f9ed41f8ac68,5b0fa12a-3dd7-45bb-9766-cc326314d9f1,56.42944525100029,0.000288842879759,5.118655313272493e-06,40.384,5.128509875553355,10.0,0.0002009998182034,0.00010660841862,0.0001508623364638,0.0004584705732873,Morocco,MAR,,,,Linux-6.8.0-62-generic-x86_64-with-glibc2.39,3.12.3,3.0.2,16,13th Gen Intel(R) Core(TM) i7-13620H,1,1 x NVIDIA GeForce RTX 4060 Laptop GPU,-10.0,28.5,15.32736587524414,machine,N,1.0
2025-08-04T20:12:35,Linear Regression,766d069a-c460-4ac5-977e-67a44dcf5b33,5b0fa12a-3dd7-45bb-9766-cc326314d9f1,1.0813995919997978,4.000783913454248e-06,3.6996351238266382e-06,6.848,12.153303008808916,10.0,1.1000341942807427e-06,3.6452806939999815e-06,1.6049946500061198e-06,6.350309538286844e-06,Morocco,MAR,,,,Linux-6.8.0-62-generic-x86_64-with-glibc2.39,3.12.3,3.0.2,16,13th Gen Intel(R) Core(TM) i7-13620H,1,1 x NVIDIA GeForce RTX 4060 Laptop GPU,-10.0,28.5,15.32736587524414,machine,N,1.0
2025-08-04T20:12:44,Ridge,285539ec-4b57-4e59-9c7d-a70eb28bfe4d,5b0fa12a-3dd7-45bb-9766-cc326314d9f1,1.065844520999235,1.0004563477955608e-05,9.386513024034946e-06,6.4,45.04637563823191,10.0,1.000965399111414e-06,1.331612176400012e-05,1.5628194388935095e-06,1.5879906602005045e-05,Morocco,MAR,,,,Linux-6.8.0-62-generic-x86_64-with-glibc2.39,3.12.3,3.0.2,16,13th Gen Intel(R) Core(TM) i7-13620H,1,1 x NVIDIA GeForce RTX 4060 Laptop GPU,-10.0,28.5,15.32736587524414,machine,N,1.0
2025-08-04T20:12:55,RandomForest,b268f6d3-0466-4140-9920-96a5a5bee338,5b0fa12a-3dd7-45bb-9766-cc326314d9f1,2.998869951003144,1.6205094837184277e-05,5.403733773704843e-06,7.84,16.041193195436037,10.0,5.435139586181321e-06,1.3355010684000176e-05,6.931650891672487e-06,2.5721801161853984e-05,Morocco,MAR,,,,Linux-6.8.0-62-generic-x86_64-with-glibc2.39,3.12.3,3.0.2,16,13th Gen Intel(R) Core(TM) i7-13620H,1,1 x NVIDIA GeForce RTX 4060 Laptop GPU,-10.0,28.5,15.32736587524414,machine,N,1.0
2025-08-04T20:13:06,Xgboost,b8272432-2a2a-4e0f-9da3-5139fbe11148,5b0fa12a-3dd7-45bb-9766-cc326314d9f1,2.6899723919996177,2.3613657844947948e-05,8.778401560989443e-06,36.288,12.55221019492526,10.0,2.2045490601095373e-05,9.374451944000163e-06,6.061221119438819e-06,3.7481163664534354e-05,Morocco,MAR,,,,Linux-6.8.0-62-generic-x86_64-with-glibc2.39,3.12.3,3.0.2,16,13th Gen Intel(R) Core(TM) i7-13620H,1,1 x NVIDIA GeForce RTX 4060 Laptop GPU,-10.0,28.5,15.32736587524414,machine,N,1.0
2025-08-04T20:13:17,Lightgbm,b89c9cb0-66d7-42c6-83f4-5a8afba4b6b5,5b0fa12a-3dd7-45bb-9766-cc326314d9f1,3.3222775450012705,1.468487821913171e-05,4.420123851851785e-06,12.970666666666666,5.765540449170613,10.0,1.015919961694559e-05,5.31861536600016e-06,7.830997550000675e-06,2.3308812532946424e-05,Morocco,MAR,,,,Linux-6.8.0-62-generic-x86_64-with-glibc2.39,3.12.3,3.0.2,16,13th Gen Intel(R) Core(TM) i7-13620H,1,1 x NVIDIA GeForce RTX 4060 Laptop GPU,-10.0,28.5,15.32736587524414,machine,N,1.0
2025-08-04T20:13:27,SVR,d139c463-beb0-4ef1-83c4-f09240023dcd,5b0fa12a-3dd7-45bb-9766-cc326314d9f1,1.159730908999336,5.590190767298908e-06,4.8202481488764985e-06,6.4,18.28273193835228,10.0,1.167724780440848e-06,5.88278248400036e-06,1.8226142333332973e-06,8.873121497774506e-06,Morocco,MAR,,,,Linux-6.8.0-62-generic-x86_64-with-glibc2.39,3.12.3,3.0.2,16,13th Gen Intel(R) Core(TM) i7-13620H,1,1 x NVIDIA GeForce RTX 4060 Laptop GPU,-10.0,28.5,15.32736587524414,machine,N,1.0
2025-08-04T20:14:03,Conv1D-model,b12365d8-788f-4582-a85b-2f224fb8c56e,5b0fa12a-3dd7-45bb-9766-cc326314d9f1,28.13291260400001,0.0001135065491169,4.034653315661597e-06,7.049142857142857,7.565116068377184,10.0,5.403046839119328e-05,5.081559620799992e-05,7.531905731388583e-05,0.000180165121913,Morocco,MAR,,,,Linux-6.8.0-62-generic-x86_64-with-glibc2.39,3.12.3,3.0.2,16,13th Gen Intel(R) Core(TM) i7-13620H,1,1 x NVIDIA GeForce RTX 4060 Laptop GPU,-10.0,28.5,15.32736587524414,machine,N,1.0
2025-08-04T20:15:35,LSTM-model,d58085e0-b8d8-4c36-81a9-b23d4daeb9fd,5b0fa12a-3dd7-45bb-9766-cc326314d9f1,82.90912356899935,0.0003562166923594,4.29647157062219e-06,6.5280000000000005,12.896210782105324,10.0,0.000163792555266,0.000179754032692,0.0002218641685638,0.0005654107565219,Morocco,MAR,,,,Linux-6.8.0-62-generic-x86_64-with-glibc2.39,3.12.3,3.0.2,16,13th Gen Intel(R) Core(TM) i7-13620H,1,1 x NVIDIA GeForce RTX 4060 Laptop GPU,-10.0,28.5,15.32736587524414,machine,N,1.0
2025-08-04T20:17:20,GRU-model,d7c196fa-b2be-46fd-8344-108ae53b0bd9,5b0fa12a-3dd7-45bb-9766-cc326314d9f1,95.66458116599824,0.0003948723620679,4.127675648134934e-06,6.442666666666668,14.076799583569551,10.0,0.0001924542257445,0.000178580976198,0.0002557323969805,0.000626767598923,Morocco,MAR,,,,Linux-6.8.0-62-generic-x86_64-with-glibc2.39,3.12.3,3.0.2,16,13th Gen Intel(R) Core(TM) i7-13620H,1,1 x NVIDIA GeForce RTX 4060 Laptop GPU,-10.0,28.5,15.32736587524414,machine,N,1.0
2025-08-04T20:17:26,GRU-model,d7c196fa-b2be-46fd-8344-108ae53b0bd9,5b0fa12a-3dd7-45bb-9766-cc326314d9f1,100.96552368799894,0.000413687402451,4.097313492172274e-06,6.4,5.453149380056347,10.0,0.0002009784096538,0.00018660292706,0.0002690507420194,0.0006566320787332,Morocco,MAR,,,,Linux-6.8.0-62-generic-x86_64-with-glibc2.39,3.12.3,3.0.2,16,13th Gen Intel(R) Core(TM) i7-13620H,1,1 x NVIDIA GeForce RTX 4060 Laptop GPU,-10.0,28.5,15.32736587524414,machine,N,1.0
2025-08-04T20:18:18,Conv1d-LSTM,414fced1-f9a7-4bd5-9773-551258393354,5b0fa12a-3dd7-45bb-9766-cc326314d9f1,47.846357959999295,0.0002105390996926,4.40031610908948e-06,6.549333333333333,33.57610944926178,10.0,0.000100835651686,0.000106094807098,0.0001272511620888,0.0003341816208729,Morocco,MAR,,,,Linux-6.8.0-62-generic-x86_64-with-glibc2.39,3.12.3,3.0.2,16,13th Gen Intel(R) Core(TM) i7-13620H,1,1 x NVIDIA GeForce RTX 4060 Laptop GPU,-10.0,28.5,15.32736587524414,machine,N,1.0
2025-08-04T20:42:57,Linear Regression,f46e4811-ee02-4caa-9366-a864dfe64354,5b0fa12a-3dd7-45bb-9766-cc326314d9f1,1.0647986390000028,3.7617459032937816e-06,3.532823733533877e-06,13.056,8.017910771812485,10.0,2.040835620266668e-06,2.3686130060000072e-06,1.5614439305555237e-06,5.970892556822199e-06,Morocco,MAR,,,,Linux-6.8.0-62-generic-x86_64-with-glibc2.39,3.12.3,3.0.2,16,13th Gen Intel(R) Core(TM) i7-13620H,1,1 x NVIDIA GeForce RTX 4060 Laptop GPU,-10.0,28.5,15.32736587524414,machine,N,1.0
2025-08-04T20:43:08,Ridge,cb0d7458-bb14-4f92-ad56-b93903082b58,5b0fa12a-3dd7-45bb-9766-cc326314d9f1,1.077886629000005,8.461711504464945e-06,7.850279683230864e-06,6.4,36.173565211034365,10.0,1.0221674328888892e-06,1.0812786428000023e-05,1.596035775000044e-06,1.3430989635888956e-05,Morocco,MAR,,,,Linux-6.8.0-62-generic-x86_64-with-glibc2.39,3.12.3,3.0.2,16,13th Gen Intel(R) Core(TM) i7-13620H,1,1 x NVIDIA GeForce RTX 4060 Laptop GPU,-10.0,28.5,15.32736587524414,machine,N,1.0
2025-08-04T20:43:21,RandomForest,ad91d928-0f4c-4dd5-9f8e-9a903ccdde78,5b0fa12a-3dd7-45bb-9766-cc326314d9f1,3.5747789570000066,1.387623331459004e-05,3.881703870785657e-06,6.528,7.987006721438287,10.0,5.569540915733342e-06,7.926673007999975e-06,8.529063791666718e-06,2.202527771540004e-05,Morocco,MAR,,,,Linux-6.8.0-62-generic-x86_64-with-glibc2.39,3.12.3,3.0.2,16,13th Gen Intel(R) Core(TM) i7-13620H,1,1 x NVIDIA GeForce RTX 4060 Laptop GPU,-10.0,28.5,15.32736587524414,machine,N,1.0
2025-08-04T20:43:38,Xgboost,8037f16a-03e8-45e9-b1c0-dcfd92d0d46e,5b0fa12a-3dd7-45bb-9766-cc326314d9f1,7.917114073000022,9.455260830323764e-05,1.1942812422735368e-05,56.448,6.019073522544401,10.0,0.0001162626223651,1.3235288366000028e-05,2.0582259397222283e-05,0.0001500801701283,Morocco,MAR,,,,Linux-6.8.0-62-generic-x86_64-with-glibc2.39,3.12.3,3.0.2,16,13th Gen Intel(R) Core(TM) i7-13620H,1,1 x NVIDIA GeForce RTX 4060 Laptop GPU,-10.0,28.5,15.32736587524414,machine,N,1.0
2025-08-04T20:43:50,Lightgbm,893a1345-b339-4d38-8543-5cc0fe49eb65,5b0fa12a-3dd7-45bb-9766-cc326314d9f1,3.483841915,1.9105709844998862e-05,5.484092077409565e-06,18.432,7.006103016623752,10.0,1.5266780830720092e-05,6.777783199999991e-06,8.281285625000044e-06,3.032584965572013e-05,Morocco,MAR,,,,Linux-6.8.0-62-generic-x86_64-with-glibc2.39,3.12.3,3.0.2,16,13th Gen Intel(R) Core(TM) i7-13620H,1,1 x NVIDIA GeForce RTX 4060 Laptop GPU,-10.0,28.5,15.32736587524414,machine,N,1.0
2025-08-04T20:44:00,SVR,6586e03f-c889-4d6f-8aaf-e8ab9d86c462,5b0fa12a-3dd7-45bb-9766-cc326314d9f1,1.1950228549999906,1.2265883613744296e-05,1.0264141445013947e-05,6.4,49.201918117866434,10.0,1.231288735999998e-06,1.631584638599995e-05,1.922088758333334e-06,1.9469223880333285e-05,Morocco,MAR,,,,Linux-6.8.0-62-generic-x86_64-with-glibc2.39,3.12.3,3.0.2,16,13th Gen Intel(R) Core(TM) i7-13620H,1,1 x NVIDIA GeForce RTX 4060 Laptop GPU,-10.0,28.5,15.32736587524414,machine,N,1.0
2025-08-04T20:44:44,Conv1D-model,cc39dc02-9365-475e-9f50-ef626d1191c5,5b0fa12a-3dd7-45bb-9766-cc326314d9f1,34.97633631100001,0.000133518967687,3.817408618782172e-06,7.2704,7.12974594245732,10.0,6.880118208372736e-05,5.017226235999996e-05,9.295671534166668e-05,0.0002119301597853,Morocco,MAR,,,,Linux-6.8.0-62-generic-x86_64-with-glibc2.39,3.12.3,3.0.2,16,13th Gen Intel(R) Core(TM) i7-13620H,1,1 x NVIDIA GeForce RTX 4060 Laptop GPU,-10.0,28.5,15.32736587524414,machine,N,1.0
2025-08-04T20:46:40,LSTM-model,ebbad713-13e7-4ea4-90e3-3693c0bc5300,5b0fa12a-3dd7-45bb-9766-cc326314d9f1,105.32723953200002,0.0004275246472298,4.059013120722041e-06,6.8053333333333335,6.863590978126314,10.0,0.0002151224498494,0.0001808768113679,0.0002825962100416,0.000678595471259,Morocco,MAR,,,,Linux-6.8.0-62-generic-x86_64-with-glibc2.39,3.12.3,3.0.2,16,13th Gen Intel(R) Core(TM) i7-13620H,1,1 x NVIDIA GeForce RTX 4060 Laptop GPU,-10.0,28.5,15.32736587524414,machine,N,1.0
2025-08-04T20:48:52,GRU-model,cf46d15b-4d44-43a0-8ca7-fd7d45516bfc,5b0fa12a-3dd7-45bb-9766-cc326314d9f1,121.71524964700006,0.0004949900283875,4.0667872745869735e-06,6.496000000000001,35.87605494369138,10.0,0.0002410216653497,0.0002215696217,0.0003230897111305,0.0007856809981803,Morocco,MAR,,,,Linux-6.8.0-62-generic-x86_64-with-glibc2.39,3.12.3,3.0.2,16,13th Gen Intel(R) Core(TM) i7-13620H,1,1 x NVIDIA GeForce RTX 4060 Laptop GPU,-10.0,28.5,15.32736587524414,machine,N,1.0
2025-08-04T20:48:58,GRU-model,cf46d15b-4d44-43a0-8ca7-fd7d45516bfc,5b0fa12a-3dd7-45bb-9766-cc326314d9f1,128.061639184,0.0005212947542112,4.070655018418661e-06,6.4,8.585870391336082,10.0,0.0002514104678671,0.000236702133806,0.000339321001725,0.0008274336033981,Morocco,MAR,,,,Linux-6.8.0-62-generic-x86_64-with-glibc2.39,3.12.3,3.0.2,16,13th Gen Intel(R) Core(TM) i7-13620H,1,1 x NVIDIA GeForce RTX 4060 Laptop GPU,-10.0,28.5,15.32736587524414,machine,N,1.0
2025-08-04T20:50:02,Conv1d-LSTM,11be56fe-fd67-4cfa-8133-5bd578efb785,5b0fa12a-3dd7-45bb-9766-cc326314d9f1,59.36379841100006,0.0002415998520173,4.06981794434098e-06,7.381333333333333,5.790270533547981,10.0,0.0001174294913256,0.0001069234188719,0.00015913039655,0.0003834833067476,Morocco,MAR,,,,Linux-6.8.0-62-generic-x86_64-with-glibc2.39,3.12.3,3.0.2,16,13th Gen Intel(R) Core(TM) i7-13620H,1,1 x NVIDIA GeForce RTX 4060 Laptop GPU,-10.0,28.5,15.32736587524414,machine,N,1.0
2025-08-04T20:50:08,Conv1d-LSTM,11be56fe-fd67-4cfa-8133-5bd578efb785,5b0fa12a-3dd7-45bb-9766-cc326314d9f1,65.31395760400005,0.0002669411500261,4.087046013114999e-06,6.4,9.325366705916956,10.0,0.0001271136152492,0.0001223323200879,0.0001742607601111,0.0004237066954483,Morocco,MAR,,,,Linux-6.8.0-62-generic-x86_64-with-glibc2.39,3.12.3,3.0.2,16,13th Gen Intel(R) Core(TM) i7-13620H,1,1 x NVIDIA GeForce RTX 4060 Laptop GPU,-10.0,28.5,15.32736587524414,machine,N,1.0
2025-08-04T23:42:05,Linear Regression,2566ff23-1d4e-4003-981a-3b6101ff0c2b,5b0fa12a-3dd7-45bb-9766-cc326314d9f1,1.0801179549998778,4.147935525343115e-06,3.840261617855972e-06,6.4,13.459849992712128,10.0,1.0095416728872806e-06,3.997780975999957e-06,1.5765556861070866e-06,6.5838783349943245e-06,Morocco,MAR,,,,Linux-6.8.0-62-generic-x86_64-with-glibc2.39,3.12.3,3.0.2,16,13th Gen Intel(R) Core(TM) i7-13620H,1,1 x NVIDIA GeForce RTX 4060 Laptop GPU,-10.0,28.5,15.32736587524414,machine,N,1.0
2025-08-04T23:42:15,Ridge,ad170e66-d38d-4fb7-a96f-c0fd8a881c30,5b0fa12a-3dd7-45bb-9766-cc326314d9f1,1.069522589999906,2.358265229108212e-06,2.204970003586758e-06,6.4,3.927728125150592,10.0,1.0064442773323715e-06,1.165000932000157e-06,1.5717497499988692e-06,3.7431949593313966e-06,Morocco,MAR,,,,Linux-6.8.0-62-generic-x86_64-with-glibc2.39,3.12.3,3.0.2,16,13th Gen Intel(R) Core(TM) i7-13620H,1,1 x NVIDIA GeForce RTX 4060 Laptop GPU,-10.0,28.5,15.32736587524414,machine,N,1.0
2025-08-04T23:42:26,RandomForest,51370257-e631-462f-9b63-f33bf4550625,5b0fa12a-3dd7-45bb-9766-cc326314d9f1,3.1212117610011774,1.4942610863011638e-05,4.787438984344517e-06,6.400000000000001,13.60359149118422,10.0,4.655534037333888e-06,1.178889832000019e-05,7.273470519445859e-06,2.371790287677994e-05,Morocco,MAR,,,,Linux-6.8.0-62-generic-x86_64-with-glibc2.39,3.12.3,3.0.2,16,13th Gen Intel(R) Core(TM) i7-13620H,1,1 x NVIDIA GeForce RTX 4060 Laptop GPU,-10.0,28.5,15.32736587524414,machine,N,1.0
2025-08-04T23:42:40,Xgboost,7b2ae25b-a8ff-4642-b50b-f260e96aea86,5b0fa12a-3dd7-45bb-9766-cc326314d9f1,6.05133876400032,6.514482281685836e-05,1.0765357114760748e-05,45.088,11.004844613278388,10.0,6.949694708961898e-05,1.849473701799999e-05,1.5410498727775728e-05,0.0001034021828353,Morocco,MAR,,,,Linux-6.8.0-62-generic-x86_64-with-glibc2.39,3.12.3,3.0.2,16,13th Gen Intel(R) Core(TM) i7-13620H,1,1 x NVIDIA GeForce RTX 4060 Laptop GPU,-10.0,28.5,15.32736587524414,machine,N,1.0
2025-08-04T23:42:52,Lightgbm,3bc8134f-5b8e-4e54-af33-6d4cc455dd32,5b0fa12a-3dd7-45bb-9766-cc326314d9f1,3.3446647569999186,1.3589737180761777e-05,4.063108911684002e-06,11.541333333333334,4.911864763532928,10.0,9.113567986657706e-06,4.561948093999941e-06,7.895015972220184e-06,2.157053205287783e-05,Morocco,MAR,,,,Linux-6.8.0-62-generic-x86_64-with-glibc2.39,3.12.3,3.0.2,16,13th Gen Intel(R) Core(TM) i7-13620H,1,1 x NVIDIA GeForce RTX 4060 Laptop GPU,-10.0,28.5,15.32736587524414,machine,N,1.0
2025-08-04T23:43:02,SVR,48eceedc-86ae-4038-9de4-b8591dc59ea2,5b0fa12a-3dd7-45bb-9766-cc326314d9f1,1.184360334998928,6.835616257936031e-06,5.771568040517177e-06,6.4,23.57348741913717,10.0,1.2118815164431e-06,7.745283974000105e-06,1.892777936109269e-06,1.0849943426552474e-05,Morocco,MAR,,,,Linux-6.8.0-62-generic-x86_64-with-glibc2.39,3.12.3,3.0.2,16,13th Gen Intel(R) Core(TM) i7-13620H,1,1 x NVIDIA GeForce RTX 4060 Laptop GPU,-10.0,28.5,15.32736587524414,machine,N,1.0
2025-08-04T23:43:40,Conv1D-model,083cfc9e-00bd-45ad-beb5-4faba17d8a65,5b0fa12a-3dd7-45bb-9766-cc326314d9f1,29.60097033800048,0.0001136440389849,3.839199785929559e-06,7.112533333333334,6.124026820900334,10.0,5.4845194989967336e-05,4.610531466200008e-05,7.943284529722202e-05,0.0001803833549491,Morocco,MAR,,,,Linux-6.8.0-62-generic-x86_64-with-glibc2.39,3.12.3,3.0.2,16,13th Gen Intel(R) Core(TM) i7-13620H,1,1 x NVIDIA GeForce RTX 4060 Laptop GPU,-10.0,28.5,15.32736587524414,machine,N,1.0
2025-08-04T23:49:31,Linear Regression,2b982415-ab97-4f09-97fb-ce319734870b,5b0fa12a-3dd7-45bb-9766-cc326314d9f1,1.0699090369998885,3.453733932187697e-06,3.228063146257972e-06,6.4,9.785276340097408,10.0,1.0074178008880053e-06,2.901668988000012e-06,1.5729087416679656e-06,5.481995530555982e-06,Morocco,MAR,,,,Linux-6.8.0-62-generic-x86_64-with-glibc2.39,3.12.3,3.0.2,16,13th Gen Intel(R) Core(TM) i7-13620H,1,1 x NVIDIA GeForce RTX 4060 Laptop GPU,-10.0,28.5,15.32736587524414,machine,N,1.0
2025-08-04T23:49:41,Ridge,5d251690-d9c2-42ac-a4fc-5f798b836ff0,5b0fa12a-3dd7-45bb-9766-cc326314d9f1,1.0595272200007455,3.63302065288866e-06,3.4289073317871934e-06,6.4,10.994926154351964,10.0,9.897848764440924e-07,3.2311136959999043e-06,1.545672730556665e-06,5.766571303000662e-06,Morocco,MAR,,,,Linux-6.8.0-62-generic-x86_64-with-glibc2.39,3.12.3,3.0.2,16,13th Gen Intel(R) Core(TM) i7-13620H,1,1 x NVIDIA GeForce RTX 4060 Laptop GPU,-10.0,28.5,15.32736587524414,machine,N,1.0
2025-08-04T23:49:52,RandomForest,b63277c3-71e4-4bfc-9bf8-4cae2c05b1fd,5b0fa12a-3dd7-45bb-9766-cc326314d9f1,3.142979359001401,1.4240535071425172e-05,4.5309031478812274e-06,6.976000000000001,11.638632307295127,10.0,5.115655750525152e-06,1.015584145800004e-05,7.3320244138914046e-06,2.26035216224166e-05,Morocco,MAR,,,,Linux-6.8.0-62-generic-x86_64-with-glibc2.39,3.12.3,3.0.2,16,13th Gen Intel(R) Core(TM) i7-13620H,1,1 x NVIDIA GeForce RTX 4060 Laptop GPU,-10.0,28.5,15.32736587524414,machine,N,1.0
2025-08-04T23:50:04,Xgboost,7800ef32-89e2-4683-af0d-658e097d3a83,5b0fa12a-3dd7-45bb-9766-cc326314d9f1,4.077549866000481,3.3945999834992544e-05,8.325097411571064e-06,38.16,5.349577776270558,10.0,3.789744046980195e-05,6.057504845999925e-06,9.926396741664374e-06,5.388134205746625e-05,Morocco,MAR,,,,Linux-6.8.0-62-generic-x86_64-with-glibc2.39,3.12.3,3.0.2,16,13th Gen Intel(R) Core(TM) i7-13620H,1,1 x NVIDIA GeForce RTX 4060 Laptop GPU,-10.0,28.5,15.32736587524414,machine,N,1.0
2025-08-04T23:50:15,Lightgbm,70729999-ef2b-4fe8-8194-29d784c950f3,5b0fa12a-3dd7-45bb-9766-cc326314d9f1,3.3491535960001784,2.087666372154428e-05,6.233414838446592e-06,12.544,16.46538709074214,10.0,9.91894519765512e-06,1.5311956694000336e-05,7.905923197222365e-06,3.3136825088877825e-05,Morocco,MAR,,,,Linux-6.8.0-62-generic-x86_64-with-glibc2.39,3.12.3,3.0.2,16,13th Gen Intel(R) Core(TM) i7-13620H,1,1 x NVIDIA GeForce RTX 4060 Laptop GPU,-10.0,28.5,15.32736587524414,machine,N,1.0
2025-08-04T23:50:24,SVR,83186020-504f-4b71-9922-afe31c19fe10,5b0fa12a-3dd7-45bb-9766-cc326314d9f1,1.1789177730006486,9.179006749196537e-06,7.785960106304619e-06,6.4,35.105749072406105,10.0,1.2034741653349354e-06,1.148639807800004e-05,1.8796559722229883e-06,1.4569528215557962e-05,Morocco,MAR,,,,Linux-6.8.0-62-generic-x86_64-with-glibc2.39,3.12.3,3.0.2,16,13th Gen Intel(R) Core(TM) i7-13620H,1,1 x NVIDIA GeForce RTX 4060 Laptop GPU,-10.0,28.5,15.32736587524414,machine,N,1.0
2025-08-04T23:51:02,Conv1D-model,de514b12-d101-4a38-a629-e20babf280be,5b0fa12a-3dd7-45bb-9766-cc326314d9f1,29.42127234100008,0.0001310071004165,4.452802003195208e-06,8.3456,9.043952263417808,10.0,6.296328209358514e-05,6.606977507800024e-05,7.891010030833868e-05,0.0002079431574799,Morocco,MAR,,,,Linux-6.8.0-62-generic-x86_64-with-glibc2.39,3.12.3,3.0.2,16,13th Gen Intel(R) Core(TM) i7-13620H,1,1 x NVIDIA GeForce RTX 4060 Laptop GPU,-10.0,28.5,15.32736587524414,machine,N,1.0
2025-08-04T23:52:37,LSTM-model,f2b46af0-5a06-4e3c-a934-42a8cf45c4ad,5b0fa12a-3dd7-45bb-9766-cc326314d9f1,85.02917959099977,0.0003465953520954,4.076193064106189e-06,6.4,10.09934813948619,10.0,0.0001552786456207,0.00016719874487,0.0002276617367277,0.0005501391272185,Morocco,MAR,,,,Linux-6.8.0-62-generic-x86_64-with-glibc2.39,3.12.3,3.0.2,16,13th Gen Intel(R) Core(TM) i7-13620H,1,1 x NVIDIA GeForce RTX 4060 Laptop GPU,-10.0,28.5,15.32736587524414,machine,N,1.0
2025-08-04T23:54:24,GRU-model,76d9f5a8-3b07-4fd2-a761-e41d66053fa3,5b0fa12a-3dd7-45bb-9766-cc326314d9f1,97.41601692900076,0.0004063481756931,4.17126657918402e-06,7.296,12.606063441626604,10.0,0.0001822045255869,0.0002021268283679,0.0002606514173694,0.0006449827713243,Morocco,MAR,,,,Linux-6.8.0-62-generic-x86_64-with-glibc2.39,3.12.3,3.0.2,16,13th Gen Intel(R) Core(TM) i7-13620H,1,1 x NVIDIA GeForce RTX 4060 Laptop GPU,-10.0,28.5,15.32736587524414,machine,N,1.0
2025-08-04T23:54:29,GRU-model,76d9f5a8-3b07-4fd2-a761-e41d66053fa3,5b0fa12a-3dd7-45bb-9766-cc326314d9f1,103.35000595299972,0.0004333830152401,4.193352590973418e-06,6.4,11.054309172722483,10.0,0.0001918496955211,0.0002203243429259,0.0002757202230138,0.000687894261461,Morocco,MAR,,,,Linux-6.8.0-62-generic-x86_64-with-glibc2.39,3.12.3,3.0.2,16,13th Gen Intel(R) Core(TM) i7-13620H,1,1 x NVIDIA GeForce RTX 4060 Laptop GPU,-10.0,28.5,15.32736587524414,machine,N,1.0
2025-08-04T23:55:22,Conv1d-LSTM,27dce6b9-79bb-4800-a5da-9255163c42b0,5b0fa12a-3dd7-45bb-9766-cc326314d9f1,48.306400788000246,0.0002087987477636,4.322382631652537e-06,6.400000000000001,38.99003948147735,10.0,9.146967028137388e-05,0.0001114189780239,0.0001285305705749,0.0003314192188803,Morocco,MAR,,,,Linux-6.8.0-62-generic-x86_64-with-glibc2.39,3.12.3,3.0.2,16,13th Gen Intel(R) Core(TM) i7-13620H,1,1 x NVIDIA GeForce RTX 4060 Laptop GPU,-10.0,28.5,15.32736587524414,machine,N,1.0
2025-08-04T23:55:28,Conv1d-LSTM,27dce6b9-79bb-4800-a5da-9255163c42b0,5b0fa12a-3dd7-45bb-9766-cc326314d9f1,53.61317098700056,0.0002361613689523,4.404913281656408e-06,6.4,14.620715475533908,10.0,0.0001000104585551,0.0001329664952619,0.0001418740319583,0.0003748509857754,Morocco,MAR,,,,Linux-6.8.0-62-generic-x86_64-with-glibc2.39,3.12.3,3.0.2,16,13th Gen Intel(R) Core(TM) i7-13620H,1,1 x NVIDIA GeForce RTX 4060 Laptop GPU,-10.0,28.5,15.32736587524414,machine,N,1.0
2025-08-05T00:10:01,Linear Regression,cfd62e11-4cb6-4a88-b320-781a166f87d9,5b0fa12a-3dd7-45bb-9766-cc326314d9f1,1.0770674949999377,4.386162383647113e-06,4.072318962376046e-06,6.4,14.768932069407589,10.0,1.0072920746655048e-06,4.3819479500000966e-06,1.572767777775476e-06,6.962007802441077e-06,Morocco,MAR,,,,Linux-6.8.0-62-generic-x86_64-with-glibc2.39,3.12.3,3.0.2,16,13th Gen Intel(R) Core(TM) i7-13620H,1,1 x NVIDIA GeForce RTX 4060 Laptop GPU,-10.0,28.5,15.32736587524414,machine,N,1.0
2025-08-05T00:10:40,Conv1D-model,3010ee2b-d827-453f-856b-c5055a4952d9,5b0fa12a-3dd7-45bb-9766-cc326314d9f1,29.230869226999857,0.0001129693294344,3.864726996557466e-06,6.7200000000000015,6.409671166812047,10.0,5.5683513140632784e-05,4.5239758413999874e-05,7.838913965278052e-05,0.0001793124112074,Morocco,MAR,,,,Linux-6.8.0-62-generic-x86_64-with-glibc2.39,3.12.3,3.0.2,16,13th Gen Intel(R) Core(TM) i7-13620H,1,1 x NVIDIA GeForce RTX 4060 Laptop GPU,-10.0,28.5,15.32736587524414,machine,N,1.0
2025-08-05T00:15:08,Linear Regression,650fa868-6edb-4a9a-9886-a00243141963,5b0fa12a-3dd7-45bb-9766-cc326314d9f1,1.0597840270002052,4.143272783475437e-06,3.9095444712478525e-06,6.4,13.784572622558144,10.0,9.877142204463275e-07,4.046947681999886e-06,1.541815419447327e-06,6.57647732189354e-06,Morocco,MAR,,,,Linux-6.8.0-62-generic-x86_64-with-glibc2.39,3.12.3,3.0.2,16,13th Gen Intel(R) Core(TM) i7-13620H,1,1 x NVIDIA GeForce RTX 4060 Laptop GPU,-10.0,28.5,15.32736587524414,machine,N,1.0
2025-08-05T00:15:46,Conv1D-model,2901aaae-1542-4586-aa49-dc06ba6a6f91,5b0fa12a-3dd7-45bb-9766-cc326314d9f1,29.447222980999868,0.0001032255046237,3.505441062823704e-06,6.8736,4.124147439288049,10.0,5.4746440764438206e-05,3.0097246299999256e-05,7.900267924444254e-05,0.0001638463663088,Morocco,MAR,,,,Linux-6.8.0-62-generic-x86_64-with-glibc2.39,3.12.3,3.0.2,16,13th Gen Intel(R) Core(TM) i7-13620H,1,1 x NVIDIA GeForce RTX 4060 Laptop GPU,-10.0,28.5,15.32736587524414,machine,N,1.0
2025-08-05T00:21:08,Linear Regression,f1e2d0b7-e3d5-424e-9016-f4cdd40dfa99,5b0fa12a-3dd7-45bb-9766-cc326314d9f1,1.061051445998601,3.490297633784507e-06,3.2894706914985065e-06,6.4,10.28751701982697,10.0,9.85370538666353e-07,3.0158357460000583e-06,1.5388255777755452e-06,5.5400318624419564e-06,Morocco,MAR,,,,Linux-6.8.0-62-generic-x86_64-with-glibc2.39,3.12.3,3.0.2,16,13th Gen Intel(R) Core(TM) i7-13620H,1,1 x NVIDIA GeForce RTX 4060 Laptop GPU,-10.0,28.5,15.32736587524414,machine,N,1.0
2025-08-05T00:21:46,Conv1D-model,cf422103-d3ca-4727-b583-db641c5bee12,5b0fa12a-3dd7-45bb-9766-cc326314d9f1,29.36320912699921,0.0001170512404937,3.986323156555743e-06,7.4496,6.849941414886582,10.0,5.701379465342899e-05,5.005254004199948e-05,7.872515643611122e-05,0.0001857914911315,Morocco,MAR,,,,Linux-6.8.0-62-generic-x86_64-with-glibc2.39,3.12.3,3.0.2,16,13th Gen Intel(R) Core(TM) i7-13620H,1,1 x NVIDIA GeForce RTX 4060 Laptop GPU,-10.0,28.5,15.32736587524414,machine,N,1.0
2025-08-05T00:25:04,Linear Regression,d8ca9d91-06b6-4895-b641-d7d289f47493,5b0fa12a-3dd7-45bb-9766-cc326314d9f1,1.060950896999202,3.739491705937172e-06,3.5246604876002887e-06,6.4,11.563536996498849,10.0,9.90338079999977e-07,3.3994471640001224e-06,1.5457839749968923e-06,5.935569218996992e-06,Morocco,MAR,,,,Linux-6.8.0-62-generic-x86_64-with-glibc2.39,3.12.3,3.0.2,16,13th Gen Intel(R) Core(TM) i7-13620H,1,1 x NVIDIA GeForce RTX 4060 Laptop GPU,-10.0,28.5,15.32736587524414,machine,N,1.0
2025-08-05T00:25:14,Ridge,fd05531e-2add-43e6-bb38-4bda40321ce7,5b0fa12a-3dd7-45bb-9766-cc326314d9f1,1.0665709470013098,8.081114184644192e-06,7.576724462038311e-06,6.4,34.685892919628536,10.0,1.0016097439996278e-06,1.0261119320000183e-05,1.5641512666661584e-06,1.2826880330665972e-05,Morocco,MAR,,,,Linux-6.8.0-62-generic-x86_64-with-glibc2.39,3.12.3,3.0.2,16,13th Gen Intel(R) Core(TM) i7-13620H,1,1 x NVIDIA GeForce RTX 4060 Laptop GPU,-10.0,28.5,15.32736587524414,machine,N,1.0
2025-08-05T00:25:25,RandomForest,567f94f5-9bdf-44dc-8fdb-6e8abca7aa36,5b0fa12a-3dd7-45bb-9766-cc326314d9f1,3.1342980319986964,1.29137507737207e-05,4.120141301778436e-06,6.400000000000001,9.77989802761367,10.0,4.678261491554117e-06,8.510284585999499e-06,7.309015522221469e-06,2.0497561599775084e-05,Morocco,MAR,,,,Linux-6.8.0-62-generic-x86_64-with-glibc2.39,3.12.3,3.0.2,16,13th Gen Intel(R) Core(TM) i7-13620H,1,1 x NVIDIA GeForce RTX 4060 Laptop GPU,-10.0,28.5,15.32736587524414,machine,N,1.0
2025-08-05T00:25:37,Xgboost,4b72157c-6957-4031-bc10-a84bd1b6d4f0,5b0fa12a-3dd7-45bb-9766-cc326314d9f1,3.66207062599824,3.809344270500901e-05,1.04021594871959e-05,45.888,11.226991184801768,10.0,4.02753997279268e-05,1.141723135600044e-05,8.771807333328575e-06,6.0464438417255817e-05,Morocco,MAR,,,,Linux-6.8.0-62-generic-x86_64-with-glibc2.39,3.12.3,3.0.2,16,13th Gen Intel(R) Core(TM) i7-13620H,1,1 x NVIDIA GeForce RTX 4060 Laptop GPU,-10.0,28.5,15.32736587524414,machine,N,1.0
2025-08-05T00:25:48,Lightgbm,dd5c3256-f39b-464a-b4be-edd07a396598,5b0fa12a-3dd7-45bb-9766-cc326314d9f1,3.298528991999774,1.4991426376455563e-05,4.544882404494746e-06,10.581333333333331,8.525057579951978,10.0,8.219852761125573e-06,7.808617357999998e-06,7.766915977779516e-06,2.3795386096905086e-05,Morocco,MAR,,,,Linux-6.8.0-62-generic-x86_64-with-glibc2.39,3.12.3,3.0.2,16,13th Gen Intel(R) Core(TM) i7-13620H,1,1 x NVIDIA GeForce RTX 4060 Laptop GPU,-10.0,28.5,15.32736587524414,machine,N,1.0
2025-08-05T00:25:57,SVR,c10c1a3e-02b2-4e77-b137-fcb837f1885e,5b0fa12a-3dd7-45bb-9766-cc326314d9f1,1.1722339780008042,1.1987814699691684e-05,1.0226469224289504e-05,6.4,49.11909766395491,10.0,1.190687041778195e-06,1.597751278199994e-05,1.8596546361095533e-06,1.9027854459887688e-05,Morocco,MAR,,,,Linux-6.8.0-62-generic-x86_64-with-glibc2.39,3.12.3,3.0.2,16,13th Gen Intel(R) Core(TM) i7-13620H,1,1 x NVIDIA GeForce RTX 4060 Laptop GPU,-10.0,28.5,15.32736587524414,machine,N,1.0
2025-08-05T00:26:35,Conv1D-model,dd428000-0852-41f3-b914-e672a784b104,5b0fa12a-3dd7-45bb-9766-cc326314d9f1,29.224141951001,0.0001113632278149,3.810658598690585e-06,6.651733333333335,5.9522163911016,10.0,5.250985847178541e-05,4.5869203362000014e-05,7.838403837499754e-05,0.0001767631002087,Morocco,MAR,,,,Linux-6.8.0-62-generic-x86_64-with-glibc2.39,3.12.3,3.0.2,16,13th Gen Intel(R) Core(TM) i7-13620H,1,1 x NVIDIA GeForce RTX 4060 Laptop GPU,-10.0,28.5,15.32736587524414,machine,N,1.0
2025-08-05T00:28:10,LSTM-model,0bdf7eea-c76b-4c55-a1b9-33f8d369b221,5b0fa12a-3dd7-45bb-9766-cc326314d9f1,86.06523990300047,0.0003454004707305,4.013240085309714e-06,6.7712,4.758937061891715,10.0,0.0001604445159248,0.000158007348628,0.0002297906677249,0.0005482425322778,Morocco,MAR,,,,Linux-6.8.0-62-generic-x86_64-with-glibc2.39,3.12.3,3.0.2,16,13th Gen Intel(R) Core(TM) i7-13620H,1,1 x NVIDIA GeForce RTX 4060 Laptop GPU,-10.0,28.5,15.32736587524414,machine,N,1.0
2025-08-05T00:29:59,GRU-model,34c83c25-672d-413c-8b43-3df72dfbbf1e,5b0fa12a-3dd7-45bb-9766-cc326314d9f1,99.36375530400072,0.0003943300461537,3.968550151384233e-06,7.487999999999999,8.740924894971533,10.0,0.0001927503879758,0.000167049855862,0.0002661065553027,0.0006259067991406,Morocco,MAR,,,,Linux-6.8.0-62-generic-x86_64-with-glibc2.39,3.12.3,3.0.2,16,13th Gen Intel(R) Core(TM) i7-13620H,1,1 x NVIDIA GeForce RTX 4060 Laptop GPU,-10.0,28.5,15.32736587524414,machine,N,1.0
2025-08-05T00:30:05,GRU-model,34c83c25-672d-413c-8b43-3df72dfbbf1e,5b0fa12a-3dd7-45bb-9766-cc326314d9f1,105.08137086399984,0.0004142348746953,3.942039119678667e-06,6.4,4.946446614015561,10.0,0.0002020166887065,0.00017490013992,0.0002805842343583,0.0006575010629848,Morocco,MAR,,,,Linux-6.8.0-62-generic-x86_64-with-glibc2.39,3.12.3,3.0.2,16,13th Gen Intel(R) Core(TM) i7-13620H,1,1 x NVIDIA GeForce RTX 4060 Laptop GPU,-10.0,28.5,15.32736587524414,machine,N,1.0
2025-08-05T00:30:59,Conv1d-LSTM,6acfacb7-5ff8-4b32-a844-6324abf36170,5b0fa12a-3dd7-45bb-9766-cc326314d9f1,49.68398553299994,0.0001900175004624,3.824522095479371e-06,6.4,12.166084623468551,10.0,9.24011347852628e-05,8.005895293600055e-05,0.0001291482899694,0.0003016083776907,Morocco,MAR,,,,Linux-6.8.0-62-generic-x86_64-with-glibc2.39,3.12.3,3.0.2,16,13th Gen Intel(R) Core(TM) i7-13620H,1,1 x NVIDIA GeForce RTX 4060 Laptop GPU,-10.0,28.5,15.32736587524414,machine,N,1.0
2025-08-05T00:31:04,Conv1d-LSTM,6acfacb7-5ff8-4b32-a844-6324abf36170,5b0fa12a-3dd7-45bb-9766-cc326314d9f1,55.10713511799986,0.000210208605074,3.814544244115991e-06,6.4,6.397156065870907,10.0,0.0001011484872208,8.96934050880001e-05,0.0001428151455888,0.0003336570378977,Morocco,MAR,,,,Linux-6.8.0-62-generic-x86_64-with-glibc2.39,3.12.3,3.0.2,16,13th Gen Intel(R) Core(TM) i7-13620H,1,1 x NVIDIA GeForce RTX 4060 Laptop GPU,-10.0,28.5,15.32736587524414,machine,N,1.0
2025-08-05T00:35:34,Linear Regression,283820d3-2755-43ea-8103-cee64ec00b4e,5b0fa12a-3dd7-45bb-9766-cc326314d9f1,1.110883625000497,3.7741626301566392e-06,3.3974419509108804e-06,6.4,10.451122516067931,10.0,1.0813753208882798e-06,3.2213914659996734e-06,1.6878344222226992e-06,5.9906012091106525e-06,Morocco,MAR,,,,Linux-6.8.0-62-generic-x86_64-with-glibc2.39,3.12.3,3.0.2,16,13th Gen Intel(R) Core(TM) i7-13620H,1,1 x NVIDIA GeForce RTX 4060 Laptop GPU,-10.0,28.5,15.32736587524414,machine,N,1.0
2025-08-05T00:35:43,Ridge,9dd1790e-13d7-4485-8f4e-fdc561ef3b3d,5b0fa12a-3dd7-45bb-9766-cc326314d9f1,1.1023203690001535,2.8235942146401853e-06,2.5615005347322867e-06,6.4,5.725860024331645,10.0,1.0660614382197512e-06,1.7508347340006863e-06,1.6648998111072109e-06,4.481795983327648e-06,Morocco,MAR,,,,Linux-6.8.0-62-generic-x86_64-with-glibc2.39,3.12.3,3.0.2,16,13th Gen Intel(R) Core(TM) i7-13620H,1,1 x NVIDIA GeForce RTX 4060 Laptop GPU,-10.0,28.5,15.32736587524414,machine,N,1.0
2025-08-05T00:35:56,RandomForest,01b7fd1f-034f-4919-84a1-30dd5cf5f6a8,5b0fa12a-3dd7-45bb-9766-cc326314d9f1,5.206818592001582,2.094309379087717e-05,4.022243798362546e-06,7.065600000000001,7.569974474573996,10.0,9.231922843992555e-06,1.0945286533999704e-05,1.3065057922221968e-05,3.324226730021423e-05,Morocco,MAR,,,,Linux-6.8.0-62-generic-x86_64-with-glibc2.39,3.12.3,3.0.2,16,13th Gen Intel(R) Core(TM) i7-13620H,1,1 x NVIDIA GeForce RTX 4060 Laptop GPU,-10.0,28.5,15.32736587524414,machine,N,1.0
2025-08-05T00:36:13,Xgboost,337d4578-b0d1-43d4-8241-1f393b237adb,5b0fa12a-3dd7-45bb-9766-cc326314d9f1,8.457831296000222,9.861732958743312e-05,1.165988373805352e-05,55.904,4.6434516103315575,10.0,0.0001235314590254,1.0907508725999798e-05,2.209299755000353e-05,0.0001565319653014,Morocco,MAR,,,,Linux-6.8.0-62-generic-x86_64-with-glibc2.39,3.12.3,3.0.2,16,13th Gen Intel(R) Core(TM) i7-13620H,1,1 x NVIDIA GeForce RTX 4060 Laptop GPU,-10.0,28.5,15.32736587524414,machine,N,1.0
2025-08-05T00:36:27,Lightgbm,48997282-4618-4214-8bea-91cfdef39d2e,5b0fa12a-3dd7-45bb-9766-cc326314d9f1,5.606780670999797,3.464413354641055e-05,6.178970710518776e-06,14.720000000000002,12.8065559141296,10.0,2.087114124177283e-05,1.994112706399983e-05,1.4177197874995626e-05,5.498946618076828e-05,Morocco,MAR,,,,Linux-6.8.0-62-generic-x86_64-with-glibc2.39,3.12.3,3.0.2,16,13th Gen Intel(R) Core(TM) i7-13620H,1,1 x NVIDIA GeForce RTX 4060 Laptop GPU,-10.0,28.5,15.32736587524414,machine,N,1.0
2025-08-05T00:36:36,SVR,fda28d5b-94bf-4a0c-95c8-0f4242ee5ed3,5b0fa12a-3dd7-45bb-9766-cc326314d9f1,1.3396885189995371,8.196620338192068e-06,6.118303039808987e-06,6.4,24.734620757975627,10.0,1.488635816889453e-06,9.196396245999931e-06,2.3251872944456406e-06,1.3010219357335025e-05,Morocco,MAR,,,,Linux-6.8.0-62-generic-x86_64-with-glibc2.39,3.12.3,3.0.2,16,13th Gen Intel(R) Core(TM) i7-13620H,1,1 x NVIDIA GeForce RTX 4060 Laptop GPU,-10.0,28.5,15.32736587524414,machine,N,1.0
2025-08-05T00:42:12,Conv1D-model,4344af65-86b3-4a38-ba64-e483e819a0fe,5b0fa12a-3dd7-45bb-9766-cc326314d9f1,327.4333346679996,0.0016550104528842,5.0544959161299455e-06,10.512,8.878996139360073,10.0,0.0011427220418564,0.000605493262172,0.0008787270383388,0.0026269423423673,Morocco,MAR,,,,Linux-6.8.0-62-generic-x86_64-with-glibc2.39,3.12.3,3.0.2,16,13th Gen Intel(R) Core(TM) i7-13620H,1,1 x NVIDIA GeForce RTX 4060 Laptop GPU,-10.0,28.5,15.32736587524414,machine,N,1.0
2025-08-05T00:50:41,LSTM-model,8bcdb711-6c95-4c88-a0cb-01f3d9c50120,5b0fa12a-3dd7-45bb-9766-cc326314d9f1,493.6642332530009,0.00219201394536,4.440293214916157e-06,6.6971428571428575,7.275440329409714,10.0,0.0013551494486658,0.000799340083916,0.0013248203642777,0.0034793098968595,Morocco,MAR,,,,Linux-6.8.0-62-generic-x86_64-with-glibc2.39,3.12.3,3.0.2,16,13th Gen Intel(R) Core(TM) i7-13620H,1,1 x NVIDIA GeForce RTX 4060 Laptop GPU,-10.0,28.5,15.32736587524414,machine,N,1.0
2025-08-05T01:22:59,Linear Regression,a91673e0-5003-44a6-b549-ade9860158b5,5b0fa12a-3dd7-45bb-9766-cc326314d9f1,1.106888897999994,3.3867143110855766e-06,3.059669599365333e-06,6.4,8.580797472213805,10.0,1.071089571555553e-06,2.6316687719999733e-06,1.6728591999999764e-06,5.375617543555503e-06,Morocco,MAR,,,,Linux-6.8.0-62-generic-x86_64-with-glibc2.39,3.12.3,3.0.2,16,13th Gen Intel(R) Core(TM) i7-13620H,1,1 x NVIDIA GeForce RTX 4060 Laptop GPU,-10.0,28.5,15.327362060546877,machine,N,1.0
2025-08-05T01:23:08,Ridge,edc1529a-5423-476d-8488-0f6e0f6967b2,5b0fa12a-3dd7-45bb-9766-cc326314d9f1,1.122893389000012,6.117781164571503e-06,5.448229746921626e-06,6.4,22.11430007004425,10.0,1.1018434364444452e-06,6.88778328799999e-06,1.7209212388889247e-06,9.71054796333336e-06,Morocco,MAR,,,,Linux-6.8.0-62-generic-x86_64-with-glibc2.39,3.12.3,3.0.2,16,13th Gen Intel(R) Core(TM) i7-13620H,1,1 x NVIDIA GeForce RTX 4060 Laptop GPU,-10.0,28.5,15.327362060546877,machine,N,1.0
2025-08-05T01:23:20,RandomForest,b133bb40-256d-4d5d-b6f1-672b03fd4bc9,5b0fa12a-3dd7-45bb-9766-cc326314d9f1,4.645606047000001,1.9836721729092703e-05,4.269996536168341e-06,6.4,9.784687478126752,10.0,7.36294612977776e-06,1.2619732318000004e-05,1.150348174722219e-05,3.1486160194999955e-05,Morocco,MAR,,,,Linux-6.8.0-62-generic-x86_64-with-glibc2.39,3.12.3,3.0.2,16,13th Gen Intel(R) Core(TM) i7-13620H,1,1 x NVIDIA GeForce RTX 4060 Laptop GPU,-10.0,28.5,15.327362060546877,machine,N,1.0
2025-08-05T01:23:33,Xgboost,81c28b5a-b323-408e-9cf1-e6c1c6f73d15,5b0fa12a-3dd7-45bb-9766-cc326314d9f1,4.865668055000015,5.672570557997639e-05,1.1658359127414051e-05,49.968,12.86198514594271,10.0,6.055069257264023e-05,1.7379458348e-05,1.2108650725000006e-05,9.003880164564023e-05,Morocco,MAR,,,,Linux-6.8.0-62-generic-x86_64-with-glibc2.39,3.12.3,3.0.2,16,13th Gen Intel(R) Core(TM) i7-13620H,1,1 x NVIDIA GeForce RTX 4060 Laptop GPU,-10.0,28.5,15.327362060546877,machine,N,1.0
2025-08-05T01:23:46,Lightgbm,73cf03a4-01c7-40bc-bafa-f363dc1d7973,5b0fa12a-3dd7-45bb-9766-cc326314d9f1,5.490288286999999,2.878610872955217e-05,5.243096031534889e-06,14.1696,8.00646228446634,10.0,1.9630813996416028e-05,1.2207787543999985e-05,1.3852619177777823e-05,4.569122071819384e-05,Morocco,MAR,,,,Linux-6.8.0-62-generic-x86_64-with-glibc2.39,3.12.3,3.0.2,16,13th Gen Intel(R) Core(TM) i7-13620H,1,1 x NVIDIA GeForce RTX 4060 Laptop GPU,-10.0,28.5,15.327362060546877,machine,N,1.0
2025-08-05T01:23:55,SVR,f7d2a3ed-0d16-48d3-bf20-1e236e2d708b,5b0fa12a-3dd7-45bb-9766-cc326314d9f1,1.309135587999975,9.80783865259674e-06,7.491843276203812e-06,6.4,32.74979201233686,10.0,1.4330716159999812e-06,1.1896120628000004e-05,2.2384596694443814e-06,1.5567651913444365e-05,Morocco,MAR,,,,Linux-6.8.0-62-generic-x86_64-with-glibc2.39,3.12.3,3.0.2,16,13th Gen Intel(R) Core(TM) i7-13620H,1,1 x NVIDIA GeForce RTX 4060 Laptop GPU,-10.0,28.5,15.327362060546877,machine,N,1.0
2025-08-05T01:29:04,Conv1D-model,06d67ef7-1f9b-406d-9e42-74c2d41bc887,5b0fa12a-3dd7-45bb-9766-cc326314d9f1,300.68325982,0.0013843851817547,4.604131212969688e-06,7.356,4.3272792390843415,10.0,0.0009122130156236,0.000477999549066,0.0008071754009027,0.0021973879655924,Morocco,MAR,,,,Linux-6.8.0-62-generic-x86_64-with-glibc2.39,3.12.3,3.0.2,16,13th Gen Intel(R) Core(TM) i7-13620H,1,1 x NVIDIA GeForce RTX 4060 Laptop GPU,-10.0,28.5,15.327362060546877,machine,N,1.0
2025-08-05T01:37:04,LSTM-model,6a56f9a2-ef3c-4b3c-9d9b-338ba9c40969,5b0fa12a-3dd7-45bb-9766-cc326314d9f1,467.553978049,0.002028048383981,4.337570589055192e-06,6.4,44.80037188509148,10.0,0.0011842680293199,0.000781035624828,0.0012537492303611,0.003219052884509,Morocco,MAR,,,,Linux-6.8.0-62-generic-x86_64-with-glibc2.39,3.12.3,3.0.2,16,13th Gen Intel(R) Core(TM) i7-13620H,1,1 x NVIDIA GeForce RTX 4060 Laptop GPU,-10.0,28.5,15.327362060546877,machine,N,1.0
2025-08-05T01:45:36,GRU-model,9e959e6f-e713-481e-870b-813b0aa4088a,5b0fa12a-3dd7-45bb-9766-cc326314d9f1,499.3690505740001,0.0021837020821297,4.372922349952855e-06,6.4,19.98466266372612,10.0,0.0013095046592469,0.0008170773203279,0.0013395347767666,0.0034661167563415,Morocco,MAR,,,,Linux-6.8.0-62-generic-x86_64-with-glibc2.39,3.12.3,3.0.2,16,13th Gen Intel(R) Core(TM) i7-13620H,1,1 x NVIDIA GeForce RTX 4060 Laptop GPU,-10.0,28.5,15.327362060546877,machine,N,1.0
2025-08-05T01:45:44,GRU-model,9e959e6f-e713-481e-870b-813b0aa4088a,5b0fa12a-3dd7-45bb-9766-cc326314d9f1,507.104158766,0.0022135445838181,4.365068882898959e-06,6.4,6.712609471512616,10.0,0.0013223625348344,0.0008314978874199,0.0013596243317638,0.0035134847540183,Morocco,MAR,,,,Linux-6.8.0-62-generic-x86_64-with-glibc2.39,3.12.3,3.0.2,16,13th Gen Intel(R) Core(TM) i7-13620H,1,1 x NVIDIA GeForce RTX 4060 Laptop GPU,-10.0,28.5,15.327362060546877,machine,N,1.0
2025-08-06T11:47:16,Linear Regression,c15a9824-c36d-4a84-8d26-29c607d177d1,5b0fa12a-3dd7-45bb-9766-cc326314d9f1,1.0735831120000512,3.5682312643361394e-06,3.323665605812892e-06,6.4,10.349745533465825,10.0,1.0104344871111205e-06,3.075280238000008e-06,1.5780185638890192e-06,5.663733289000148e-06,Morocco,MAR,,,,Linux-6.8.0-62-generic-x86_64-with-glibc2.39,3.12.3,3.0.2,16,13th Gen Intel(R) Core(TM) i7-13620H,1,1 x NVIDIA GeForce RTX 4060 Laptop GPU,-10.0,28.5,15.327362060546877,machine,N,1.0
2025-08-06T11:47:26,Ridge,d2071c7e-37a0-4c5c-8e46-63a72dc7d165,5b0fa12a-3dd7-45bb-9766-cc326314d9f1,1.062483570999973,9.929996260149934e-06,9.346023346793176e-06,6.4,44.81992126505951,10.0,9.96258447999935e-07,1.3210288346000008e-05,1.5550017750000065e-06,1.576154856899995e-05,Morocco,MAR,,,,Linux-6.8.0-62-generic-x86_64-with-glibc2.39,3.12.3,3.0.2,16,13th Gen Intel(R) Core(TM) i7-13620H,1,1 x NVIDIA GeForce RTX 4060 Laptop GPU,-10.0,28.5,15.327362060546877,machine,N,1.0
2025-08-06T11:47:37,RandomForest,6535317f-195c-46ba-ae35-7f58f5fb7f30,5b0fa12a-3dd7-45bb-9766-cc326314d9f1,3.385087345999977,1.1195899853349353e-05,3.307418305344204e-06,6.890666666666667,4.518900351358359,10.0,5.5176452662755136e-06,4.247225620000034e-06,8.006003813888816e-06,1.7770874700164365e-05,Morocco,MAR,,,,Linux-6.8.0-62-generic-x86_64-with-glibc2.39,3.12.3,3.0.2,16,13th Gen Intel(R) Core(TM) i7-13620H,1,1 x NVIDIA GeForce RTX 4060 Laptop GPU,-10.0,28.5,15.327362060546877,machine,N,1.0
2025-08-06T11:47:51,Xgboost,d6f9b16c-045a-429c-88a4-f329db906a96,5b0fa12a-3dd7-45bb-9766-cc326314d9f1,4.404470828000001,4.964935755989424e-05,1.1272490952662117e-05,48.496,12.603062147174755,10.0,5.256328965881749e-05,1.5415290110000002e-05,1.0828173033333305e-05,7.88067528021508e-05,Morocco,MAR,,,,Linux-6.8.0-62-generic-x86_64-with-glibc2.39,3.12.3,3.0.2,16,13th Gen Intel(R) Core(TM) i7-13620H,1,1 x NVIDIA GeForce RTX 4060 Laptop GPU,-10.0,28.5,15.327362060546877,machine,N,1.0
2025-08-06T11:48:02,Lightgbm,4caca538-8ec3-4dee-938f-2b189f382ad3,5b0fa12a-3dd7-45bb-9766-cc326314d9f1,3.2859948109999664,1.4169437352078557e-05,4.312069302314763e-06,10.816,7.011710731100113,10.0,8.3629525315556e-06,6.396949562000005e-06,7.730768513888917e-06,2.2490670607444524e-05,Morocco,MAR,,,,Linux-6.8.0-62-generic-x86_64-with-glibc2.39,3.12.3,3.0.2,16,13th Gen Intel(R) Core(TM) i7-13620H,1,1 x NVIDIA GeForce RTX 4060 Laptop GPU,-10.0,28.5,15.327362060546877,machine,N,1.0
2025-08-06T11:48:11,SVR,213ff912-def6-4d37-b09d-087e7a8d179b,5b0fa12a-3dd7-45bb-9766-cc326314d9f1,1.2182362660000194,5.9200380203571e-06,4.859515502518299e-06,6.4,18.154928146372708,10.0,1.272229971555539e-06,6.137504910000012e-06,1.986942050000096e-06,9.396676931555646e-06,Morocco,MAR,,,,Linux-6.8.0-62-generic-x86_64-with-glibc2.39,3.12.3,3.0.2,16,13th Gen Intel(R) Core(TM) i7-13620H,1,1 x NVIDIA GeForce RTX 4060 Laptop GPU,-10.0,28.5,15.327362060546877,machine,N,1.0
2025-08-06T11:48:52,Conv1D-model,1ba45bf5-ff19-4208-8908-47e4cb584db2,5b0fa12a-3dd7-45bb-9766-cc326314d9f1,32.373438394999994,0.0001548859904631,4.784354030403939e-06,8.682666666666668,22.002205181329952,10.0,0.0001044303646575,5.570282234e-05,8.571212828611105e-05,0.0002458453152837,Morocco,MAR,,,,Linux-6.8.0-62-generic-x86_64-with-glibc2.39,3.12.3,3.0.2,16,13th Gen Intel(R) Core(TM) i7-13620H,1,1 x NVIDIA GeForce RTX 4060 Laptop GPU,-10.0,28.5,15.327362060546877,machine,N,1.0
2025-08-06T11:50:37,LSTM-model,e616c511-c153-4b8f-9b8f-1b936ddf0608,5b0fa12a-3dd7-45bb-9766-cc326314d9f1,95.74673663299995,0.0004092458174805,4.274253430162993e-06,6.873600000000001,5.580379548916945,10.0,0.0002216565314987,0.0001718634708239,0.0002560620982027,0.0006495821005255,Morocco,MAR,,,,Linux-6.8.0-62-generic-x86_64-with-glibc2.39,3.12.3,3.0.2,16,13th Gen Intel(R) Core(TM) i7-13620H,1,1 x NVIDIA GeForce RTX 4060 Laptop GPU,-10.0,28.5,15.327362060546877,machine,N,1.0
2025-08-06T11:52:42,GRU-model,dbb40bd9-3116-4d9f-a42f-013c4b8a8e3a,5b0fa12a-3dd7-45bb-9766-cc326314d9f1,114.56933131899996,0.0004832729952856,4.218170689501777e-06,7.139555555555556,10.140077792247745,10.0,0.0002434095941431,0.000216795173436,0.0003068781786499,0.0007670829462291,Morocco,MAR,,,,Linux-6.8.0-62-generic-x86_64-with-glibc2.39,3.12.3,3.0.2,16,13th Gen Intel(R) Core(TM) i7-13620H,1,1 x NVIDIA GeForce RTX 4060 Laptop GPU,-10.0,28.5,15.327362060546877,machine,N,1.0
2025-08-06T11:52:47,GRU-model,dbb40bd9-3116-4d9f-a42f-013c4b8a8e3a,5b0fa12a-3dd7-45bb-9766-cc326314d9f1,120.22490815099992,0.0005043859580973,4.195353241308623e-06,6.4,6.362338342893172,10.0,0.0002525831359191,0.000226800736996,0.0003212109679888,0.000800594840904,Morocco,MAR,,,,Linux-6.8.0-62-generic-x86_64-with-glibc2.39,3.12.3,3.0.2,16,13th Gen Intel(R) Core(TM) i7-13620H,1,1 x NVIDIA GeForce RTX 4060 Laptop GPU,-10.0,28.5,15.327362060546877,machine,N,1.0
2025-08-06T11:53:48,Conv1d-LSTM,7143b47c-2345-4014-804f-c4417a2d3e13,5b0fa12a-3dd7-45bb-9766-cc326314d9f1,55.74871078900003,0.0002374755334869,4.25974933098838e-06,7.144727272727272,9.614347803470771,10.0,0.0001186589756952,0.000109052309464,0.0001492256297138,0.0003769369148731,Morocco,MAR,,,,Linux-6.8.0-62-generic-x86_64-with-glibc2.39,3.12.3,3.0.2,16,13th Gen Intel(R) Core(TM) i7-13620H,1,1 x NVIDIA GeForce RTX 4060 Laptop GPU,-10.0,28.5,15.327362060546877,machine,N,1.0
2025-08-06T11:53:53,Conv1d-LSTM,7143b47c-2345-4014-804f-c4417a2d3e13,5b0fa12a-3dd7-45bb-9766-cc326314d9f1,61.399705617999984,0.0002577660356615,4.198164031358957e-06,6.4,5.578013594740837,10.0,0.0001278115955246,0.000117806483134,0.0001635252668249,0.0004091433454836,Morocco,MAR,,,,Linux-6.8.0-62-generic-x86_64-with-glibc2.39,3.12.3,3.0.2,16,13th Gen Intel(R) Core(TM) i7-13620H,1,1 x NVIDIA GeForce RTX 4060 Laptop GPU,-10.0,28.5,15.327362060546877,machine,N,1.0
2025-08-06T12:52:57,Linear Regression,360c60a3-2b7d-41eb-93c9-032671e852a5,5b0fa12a-3dd7-45bb-9766-cc326314d9f1,1.0757219800007078,3.490627331874336e-06,3.2449158767510163e-06,6.4,9.81298080292946,10.0,1.0198469155568293e-06,2.929169009999828e-06,1.591539255557311e-06,5.540555181113968e-06,Morocco,MAR,,,,Linux-6.8.0-62-generic-x86_64-with-glibc2.39,3.12.3,3.0.2,16,13th Gen Intel(R) Core(TM) i7-13620H,1,1 x NVIDIA GeForce RTX 4060 Laptop GPU,-10.0,28.5,15.327362060546877,machine,N,1.0
2025-08-06T12:53:07,Ridge,1c691dd6-d4f2-4482-9d02-173bee858ec0,5b0fa12a-3dd7-45bb-9766-cc326314d9f1,1.072771862999616,3.009851148924439e-06,2.805676819774603e-06,6.4,7.33126621089486,10.0,1.0134832373328714e-06,2.181668411999982e-06,1.5822836916666144e-06,4.777435340999468e-06,Morocco,MAR,,,,Linux-6.8.0-62-generic-x86_64-with-glibc2.39,3.12.3,3.0.2,16,13th Gen Intel(R) Core(TM) i7-13620H,1,1 x NVIDIA GeForce RTX 4060 Laptop GPU,-10.0,28.5,15.327362060546877,machine,N,1.0
2025-08-06T12:53:19,RandomForest,080ed371-85be-4ad7-b80c-b474462fd1fb,5b0fa12a-3dd7-45bb-9766-cc326314d9f1,3.3469023150000794,1.3689118705878517e-05,4.090086120687449e-06,6.400000000000001,9.438608579991875,10.0,5.057001516444467e-06,8.771118127999869e-06,7.900157355556481e-06,2.1728277000000817e-05,Morocco,MAR,,,,Linux-6.8.0-62-generic-x86_64-with-glibc2.39,3.12.3,3.0.2,16,13th Gen Intel(R) Core(TM) i7-13620H,1,1 x NVIDIA GeForce RTX 4060 Laptop GPU,-10.0,28.5,15.327362060546877,machine,N,1.0
2025-08-06T12:53:40,Xgboost,870eff08-f8e2-4083-bdd4-07e62929a8a0,5b0fa12a-3dd7-45bb-9766-cc326314d9f1,12.63524273099938,0.0001592084052605,1.2600344025841016e-05,59.38133333333335,5.384174456712735,10.0,0.0002001246383878,1.889501511600014e-05,3.368648518611129e-05,0.0002527061386899,Morocco,MAR,,,,Linux-6.8.0-62-generic-x86_64-with-glibc2.39,3.12.3,3.0.2,16,13th Gen Intel(R) Core(TM) i7-13620H,1,1 x NVIDIA GeForce RTX 4060 Laptop GPU,-10.0,28.5,15.327362060546877,machine,N,1.0
2025-08-06T12:53:52,Lightgbm,bf5649fa-9b59-4e24-bf1b-e4b63bc18fe2,5b0fa12a-3dd7-45bb-9766-cc326314d9f1,3.3163402379996114,1.993709823476591e-05,6.011777080747239e-06,12.117333333333336,15.591466406375831,10.0,9.472430824912283e-06,1.4357233708e-05,7.815819908331732e-06,3.1645484441244016e-05,Morocco,MAR,,,,Linux-6.8.0-62-generic-x86_64-with-glibc2.39,3.12.3,3.0.2,16,13th Gen Intel(R) Core(TM) i7-13620H,1,1 x NVIDIA GeForce RTX 4060 Laptop GPU,-10.0,28.5,15.327362060546877,machine,N,1.0
2025-08-06T12:54:01,SVR,c0702992-795e-4152-a87f-307ade138215,5b0fa12a-3dd7-45bb-9766-cc326314d9f1,1.1872933489994466,1.1486303987876078e-05,9.674360592987228e-06,6.4,45.893524982571975,10.0,1.217083160888352e-06,1.511556764800001e-05,1.899172591664764e-06,1.823182340055313e-05,Morocco,MAR,,,,Linux-6.8.0-62-generic-x86_64-with-glibc2.39,3.12.3,3.0.2,16,13th Gen Intel(R) Core(TM) i7-13620H,1,1 x NVIDIA GeForce RTX 4060 Laptop GPU,-10.0,28.5,15.327362060546877,machine,N,1.0
2025-08-06T12:54:41,Conv1D-model,b6c1f983-aeec-4dd8-be7e-02684c8c450a,5b0fa12a-3dd7-45bb-9766-cc326314d9f1,30.89467433199934,0.0001057213834054,3.421993780202292e-06,6.852,2.640265271888796,10.0,5.834428068410988e-05,2.6460576724000005e-05,8.300313321666535e-05,0.0001678079906247,Morocco,MAR,,,,Linux-6.8.0-62-generic-x86_64-with-glibc2.39,3.12.3,3.0.2,16,13th Gen Intel(R) Core(TM) i7-13620H,1,1 x NVIDIA GeForce RTX 4060 Laptop GPU,-10.0,28.5,15.327362060546877,machine,N,1.0
2025-08-06T12:56:20,LSTM-model,e2024ff4-502f-43fb-ad53-132559964e58,5b0fa12a-3dd7-45bb-9766-cc326314d9f1,89.97452196999984,0.0003458900921983,3.844311529809142e-06,6.549333333333334,3.206193125229804,10.0,0.0002115429168525,9.602341015200002e-05,0.0002414533649361,0.0005490196919407,Morocco,MAR,,,,Linux-6.8.0-62-generic-x86_64-with-glibc2.39,3.12.3,3.0.2,16,13th Gen Intel(R) Core(TM) i7-13620H,1,1 x NVIDIA GeForce RTX 4060 Laptop GPU,-10.0,28.5,15.327362060546877,machine,N,1.0
2025-08-06T12:58:02,GRU-model,77d0afa8-db67-4bcd-ac70-30f3abc7253c,5b0fa12a-3dd7-45bb-9766-cc326314d9f1,92.39193625400004,0.000340679378046,3.6873280489484e-06,6.4,30.83392216932271,10.0,0.000168056759199,0.0001259867674559,0.0002467053742361,0.0005407489008911,Morocco,MAR,,,,Linux-6.8.0-62-generic-x86_64-with-glibc2.39,3.12.3,3.0.2,16,13th Gen Intel(R) Core(TM) i7-13620H,1,1 x NVIDIA GeForce RTX 4060 Laptop GPU,-10.0,28.5,15.327362060546877,machine,N,1.0
2025-08-06T12:58:07,GRU-model,77d0afa8-db67-4bcd-ac70-30f3abc7253c,5b0fa12a-3dd7-45bb-9766-cc326314d9f1,97.6449860040002,0.0003617223159775,3.704463800759844e-06,6.4,8.095669089549144,10.0,0.0001764891501554,0.000137780388002,0.000259880109275,0.0005741496474324,Morocco,MAR,,,,Linux-6.8.0-62-generic-x86_64-with-glibc2.39,3.12.3,3.0.2,16,13th Gen Intel(R) Core(TM) i7-13620H,1,1 x NVIDIA GeForce RTX 4060 Laptop GPU,-10.0,28.5,15.327362060546877,machine,N,1.0
2025-08-06T12:58:58,Conv1d-LSTM,7108c6a8-0b2c-4c2c-84fe-c3a05eb38525,5b0fa12a-3dd7-45bb-9766-cc326314d9f1,46.30342270999972,0.0001890288898102,4.08239561455728e-06,0.0,63.20708215851527,10.0,8.265707994475511e-05,5.273059774000004e-05,0.0001646515116194,0.0003000391893041,Morocco,MAR,,,,Linux-6.8.0-62-generic-x86_64-with-glibc2.39,3.12.3,3.0.2,16,13th Gen Intel(R) Core(TM) i7-13620H,1,1 x NVIDIA GeForce RTX 4060 Laptop GPU,-10.0,28.5,15.327362060546877,machine,N,1.0
2025-08-06T12:59:03,Conv1d-LSTM,7108c6a8-0b2c-4c2c-84fe-c3a05eb38525,5b0fa12a-3dd7-45bb-9766-cc326314d9f1,51.428829343999496,0.0002054467328261,3.994777548832054e-06,6.4,3.515083366603502,10.0,9.087466573853392e-05,5.77333795200002e-05,0.0001774906332249,0.0003260986784835,Morocco,MAR,,,,Linux-6.8.0-62-generic-x86_64-with-glibc2.39,3.12.3,3.0.2,16,13th Gen Intel(R) Core(TM) i7-13620H,1,1 x NVIDIA GeForce RTX 4060 Laptop GPU,-10.0,28.5,15.327362060546877,machine,N,1.0
2025-08-06T13:05:11,Linear Regression,570165a5-b91c-4512-b1fa-81a2b7813834,5b0fa12a-3dd7-45bb-9766-cc326314d9f1,1.0621496970006774,3.154678836057535e-06,2.9700887219247806e-06,6.4,8.433644249457977,10.0,9.87773374222646e-07,2.476946426000024e-06,1.5425956500015066e-06,5.007315450224177e-06,Morocco,MAR,,,,Linux-6.8.0-62-generic-x86_64-with-glibc2.39,3.12.3,3.0.2,16,13th Gen Intel(R) Core(TM) i7-13620H,1,1 x NVIDIA GeForce RTX 4060 Laptop GPU,-10.0,28.5,15.327362060546877,machine,N,1.0
2025-08-06T13:05:20,Ridge,1eccdd0a-1c1a-4770-a6ca-43488e67004c,5b0fa12a-3dd7-45bb-9766-cc326314d9f1,1.0572394689997964,2.8721355032859995e-06,2.7166366632180213e-06,6.4,6.941154292456707,10.0,9.851055768894083e-07,2.0352794060001303e-06,1.5384589527785566e-06,4.558843935668095e-06,Morocco,MAR,,,,Linux-6.8.0-62-generic-x86_64-with-glibc2.39,3.12.3,3.0.2,16,13th Gen Intel(R) Core(TM) i7-13620H,1,1 x NVIDIA GeForce RTX 4060 Laptop GPU,-10.0,28.5,15.327362060546877,machine,N,1.0
2025-08-06T13:05:31,RandomForest,8ca332a2-1f99-4634-b361-e05868040db5,5b0fa12a-3dd7-45bb-9766-cc326314d9f1,2.8428756470002554,1.071638658264314e-05,3.769558683986355e-06,6.4,8.049955328819273,10.0,4.159320547555884e-06,6.352782859999967e-06,6.497656030556855e-06,1.7009759438112707e-05,Morocco,MAR,,,,Linux-6.8.0-62-generic-x86_64-with-glibc2.39,3.12.3,3.0.2,16,13th Gen Intel(R) Core(TM) i7-13620H,1,1 x NVIDIA GeForce RTX 4060 Laptop GPU,-10.0,28.5,15.327362060546877,machine,N,1.0
2025-08-06T13:05:42,Xgboost,72a6cfbf-89ae-4f1f-b184-f606858fdc42,5b0fa12a-3dd7-45bb-9766-cc326314d9f1,3.331573090999882,3.514205534387266e-05,1.0548186812652434e-05,39.85066666666668,17.971638856321146,10.0,3.1302961902464486e-05,1.66247355220001e-05,7.852103252778559e-06,5.577980067724314e-05,Morocco,MAR,,,,Linux-6.8.0-62-generic-x86_64-with-glibc2.39,3.12.3,3.0.2,16,13th Gen Intel(R) Core(TM) i7-13620H,1,1 x NVIDIA GeForce RTX 4060 Laptop GPU,-10.0,28.5,15.327362060546877,machine,N,1.0
2025-08-06T13:05:53,Lightgbm,a823e2a9-6771-4eed-a1fb-a35256d6820a,5b0fa12a-3dd7-45bb-9766-cc326314d9f1,3.28794562100029,1.858158075212883e-05,5.651425812351411e-06,10.602666666666666,14.850343530645128,10.0,8.20212305326757e-06,1.3557510846000246e-05,7.734283302776626e-06,2.949391720204444e-05,Morocco,MAR,,,,Linux-6.8.0-62-generic-x86_64-with-glibc2.39,3.12.3,3.0.2,16,13th Gen Intel(R) Core(TM) i7-13620H,1,1 x NVIDIA GeForce RTX 4060 Laptop GPU,-10.0,28.5,15.327362060546877,machine,N,1.0
2025-08-06T13:06:02,SVR,ca269dae-eb18-46c2-a087-5e61ba4a3872,5b0fa12a-3dd7-45bb-9766-cc326314d9f1,1.1570859960002051,8.7659052610657e-06,7.5758459538595475e-06,6.4,34.05551073467152,10.0,1.1632602364439258e-06,1.0933619858000078e-05,1.816946044444497e-06,1.39138261388885e-05,Morocco,MAR,,,,Linux-6.8.0-62-generic-x86_64-with-glibc2.39,3.12.3,3.0.2,16,13th Gen Intel(R) Core(TM) i7-13620H,1,1 x NVIDIA GeForce RTX 4060 Laptop GPU,-10.0,28.5,15.327362060546877,machine,N,1.0
2025-08-06T13:06:37,Conv1D-model,a1e2a55c-9215-46e1-b7f1-80baa432099f,5b0fa12a-3dd7-45bb-9766-cc326314d9f1,26.75170542700016,0.0001030860636081,3.853438947639941e-06,6.949333333333335,6.776682501482804,10.0,4.806866452926183e-05,4.40417018999998e-05,7.151466985277845e-05,0.000163625036282,Morocco,MAR,,,,Linux-6.8.0-62-generic-x86_64-with-glibc2.39,3.12.3,3.0.2,16,13th Gen Intel(R) Core(TM) i7-13620H,1,1 x NVIDIA GeForce RTX 4060 Laptop GPU,-10.0,28.5,15.327362060546877,machine,N,1.0
2025-08-06T13:08:01,LSTM-model,fa1930f4-cbd7-432b-ae5b-73aa560d2771,5b0fa12a-3dd7-45bb-9766-cc326314d9f1,75.2813959060004,0.0002910121583982,3.865658372775196e-06,6.566400000000001,6.31360828235305,10.0,0.0001398398453694,0.0001200434293679,0.0002020305214611,0.0004619137961985,Morocco,MAR,,,,Linux-6.8.0-62-generic-x86_64-with-glibc2.39,3.12.3,3.0.2,16,13th Gen Intel(R) Core(TM) i7-13620H,1,1 x NVIDIA GeForce RTX 4060 Laptop GPU,-10.0,28.5,15.327362060546877,machine,N,1.0
2025-08-06T13:09:37,GRU-model,72a2dcc0-5d00-4eef-a524-806bebaf9797,5b0fa12a-3dd7-45bb-9766-cc326314d9f1,86.25738433900005,0.0003440766931942,3.988953477211439e-06,6.4,4.702021640504156,10.0,0.0001586974563131,0.0001564701251759,0.0002309737632972,0.0005461413447863,Morocco,MAR,,,,Linux-6.8.0-62-generic-x86_64-with-glibc2.39,3.12.3,3.0.2,16,13th Gen Intel(R) Core(TM) i7-13620H,1,1 x NVIDIA GeForce RTX 4060 Laptop GPU,-10.0,28.5,15.327362060546877,machine,N,1.0
2025-08-06T13:09:42,GRU-model,72a2dcc0-5d00-4eef-a524-806bebaf9797,5b0fa12a-3dd7-45bb-9766-cc326314d9f1,91.3145860650002,0.0003651083789386,3.998357706826618e-06,6.4,8.995848041661596,10.0,0.0001667948536268,0.0001691043019499,0.0002436250755333,0.0005795242311102,Morocco,MAR,,,,Linux-6.8.0-62-generic-x86_64-with-glibc2.39,3.12.3,3.0.2,16,13th Gen Intel(R) Core(TM) i7-13620H,1,1 x NVIDIA GeForce RTX 4060 Laptop GPU,-10.0,28.5,15.327362060546877,machine,N,1.0
2025-08-06T13:10:31,Conv1d-LSTM,ba8007c8-3a7b-4367-89ec-72793bbffd21,5b0fa12a-3dd7-45bb-9766-cc326314d9f1,45.03852128000017,0.0001749254329934,3.883907109337391e-06,6.660266666666668,6.7898754109801285,10.0,8.133370008306437e-05,7.544478257800026e-05,0.0001208747647166,0.0002776532473777,Morocco,MAR,,,,Linux-6.8.0-62-generic-x86_64-with-glibc2.39,3.12.3,3.0.2,16,13th Gen Intel(R) Core(TM) i7-13620H,1,1 x NVIDIA GeForce RTX 4060 Laptop GPU,-10.0,28.5,15.327362060546877,machine,N,1.0
2025-08-06T13:10:36,Conv1d-LSTM,ba8007c8-3a7b-4367-89ec-72793bbffd21,5b0fa12a-3dd7-45bb-9766-cc326314d9f1,50.18693729900042,0.0002010406362877,4.005835922801494e-06,6.4,14.189200226402326,10.0,8.959351489728739e-05,9.573174325200024e-05,0.0001337797717194,0.0003191050298687,Morocco,MAR,,,,Linux-6.8.0-62-generic-x86_64-with-glibc2.39,3.12.3,3.0.2,16,13th Gen Intel(R) Core(TM) i7-13620H,1,1 x NVIDIA GeForce RTX 4060 Laptop GPU,-10.0,28.5,15.327362060546877,machine,N,1.0
2025-08-06T13:13:42,Linear Regression,3d8cdcc9-e2e5-46ad-be50-59f208690633,5b0fa12a-3dd7-45bb-9766-cc326314d9f1,1.065753940999457,4.1173158593237694e-06,3.863289358763785e-06,6.4,13.457756237958442,10.0,9.99132353776885e-07,3.975836514000242e-06,1.5603079027768118e-06,6.5352767705539385e-06,Morocco,MAR,,,,Linux-6.8.0-62-generic-x86_64-with-glibc2.39,3.12.3,3.0.2,16,13th Gen Intel(R) Core(TM) i7-13620H,1,1 x NVIDIA GeForce RTX 4060 Laptop GPU,-10.0,28.5,15.327362060546877,machine,N,1.0
2025-08-06T13:13:51,Ridge,1cd33451-a8f1-4041-91bd-3d6aa1439b81,5b0fa12a-3dd7-45bb-9766-cc326314d9f1,1.061951150999448,7.3618217874128065e-06,6.932354450093376e-06,6.4,31.03978443511059,10.0,9.932881777769783e-07,9.141396201999864e-06,1.5504873583318437e-06,1.1685171738108686e-05,Morocco,MAR,,,,Linux-6.8.0-62-generic-x86_64-with-glibc2.39,3.12.3,3.0.2,16,13th Gen Intel(R) Core(TM) i7-13620H,1,1 x NVIDIA GeForce RTX 4060 Laptop GPU,-10.0,28.5,15.327362060546877,machine,N,1.0
2025-08-06T13:14:02,RandomForest,87a711f5-6073-4302-91e4-3bd210dd3f5d,5b0fa12a-3dd7-45bb-9766-cc326314d9f1,2.936193438999908,1.297340275728178e-05,4.4184427990890925e-06,6.4,11.668134615087292,10.0,4.324718222220933e-06,9.511118720000218e-06,6.756408241666476e-06,2.0592245183887623e-05,Morocco,MAR,,,,Linux-6.8.0-62-generic-x86_64-with-glibc2.39,3.12.3,3.0.2,16,13th Gen Intel(R) Core(TM) i7-13620H,1,1 x NVIDIA GeForce RTX 4060 Laptop GPU,-10.0,28.5,15.327362060546877,machine,N,1.0
2025-08-06T13:14:14,Xgboost,4b5b19f5-0d6f-452d-b2f3-7900fd54cc19,5b0fa12a-3dd7-45bb-9766-cc326314d9f1,3.814378494000266,3.654889267431174e-05,9.581873621561266e-06,44.86400000000001,7.153133968869008,10.0,4.126337987380109e-05,7.576394949999812e-06,9.173051358334306e-06,5.801282618213521e-05,Morocco,MAR,,,,Linux-6.8.0-62-generic-x86_64-with-glibc2.39,3.12.3,3.0.2,16,13th Gen Intel(R) Core(TM) i7-13620H,1,1 x NVIDIA GeForce RTX 4060 Laptop GPU,-10.0,28.5,15.327362060546877,machine,N,1.0
2025-08-06T13:14:25,Lightgbm,53b54aae-e8a5-4df2-93c3-739a250f58bd,5b0fa12a-3dd7-45bb-9766-cc326314d9f1,3.2406801570004973,1.2739610106881502e-05,3.9311531807177805e-06,9.898666666666664,5.661457638195628,10.0,7.525894177279831e-06,5.093337407999828e-06,7.601922399999239e-06,2.02211539852789e-05,Morocco,MAR,,,,Linux-6.8.0-62-generic-x86_64-with-glibc2.39,3.12.3,3.0.2,16,13th Gen Intel(R) Core(TM) i7-13620H,1,1 x NVIDIA GeForce RTX 4060 Laptop GPU,-10.0,28.5,15.327362060546877,machine,N,1.0
2025-08-06T13:14:34,SVR,46c54811-05e3-45d8-ae4e-e5050ce70350,5b0fa12a-3dd7-45bb-9766-cc326314d9f1,1.165266588999657,1.0062716504622414e-05,8.635548808844614e-06,6.4,40.07875170698836,10.0,1.1773380408881673e-06,1.2956677032000073e-05,1.838195869443856e-06,1.5972210942332096e-05,Morocco,MAR,,,,Linux-6.8.0-62-generic-x86_64-with-glibc2.39,3.12.3,3.0.2,16,13th Gen Intel(R) Core(TM) i7-13620H,1,1 x NVIDIA GeForce RTX 4060 Laptop GPU,-10.0,28.5,15.327362060546877,machine,N,1.0
2025-08-06T13:15:09,Conv1D-model,a852cfb1-d794-43bb-8525-d50732267ede,5b0fa12a-3dd7-45bb-9766-cc326314d9f1,26.985498478999943,0.0001046636304638,3.878513882012989e-06,6.522666666666667,4.437019877457305,10.0,4.77552378782252e-05,4.62114258579999e-05,7.216239127499952e-05,0.0001661290550112,Morocco,MAR,,,,Linux-6.8.0-62-generic-x86_64-with-glibc2.39,3.12.3,3.0.2,16,13th Gen Intel(R) Core(TM) i7-13620H,1,1 x NVIDIA GeForce RTX 4060 Laptop GPU,-10.0,28.5,15.327362060546877,machine,N,1.0
2025-08-06T13:16:36,LSTM-model,4d5e9824-a036-4c3b-b339-1e52fb07c024,5b0fa12a-3dd7-45bb-9766-cc326314d9f1,77.84011588300018,0.0002884750622387,3.7059947684607193e-06,6.400000000000001,15.49739624381892,10.0,0.000144755856073,0.00010535286206,0.0002077780307944,0.0004578867489274,Morocco,MAR,,,,Linux-6.8.0-62-generic-x86_64-with-glibc2.39,3.12.3,3.0.2,16,13th Gen Intel(R) Core(TM) i7-13620H,1,1 x NVIDIA GeForce RTX 4060 Laptop GPU,-10.0,28.5,15.327362060546877,machine,N,1.0
2025-08-06T13:18:11,GRU-model,d4018178-50ac-4894-8ccd-1ecd6e7bd851,5b0fa12a-3dd7-45bb-9766-cc326314d9f1,86.16835953100053,0.0003221072982748,3.73811570776154e-06,6.4,4.531452936855096,10.0,0.00015683430539,0.0001235764877499,0.0002308592711361,0.0005112700642761,Morocco,MAR,,,,Linux-6.8.0-62-generic-x86_64-with-glibc2.39,3.12.3,3.0.2,16,13th Gen Intel(R) Core(TM) i7-13620H,1,1 x NVIDIA GeForce RTX 4060 Laptop GPU,-10.0,28.5,15.327362060546877,machine,N,1.0
2025-08-06T13:18:16,GRU-model,d4018178-50ac-4894-8ccd-1ecd6e7bd851,5b0fa12a-3dd7-45bb-9766-cc326314d9f1,91.04868588200044,0.0003451811782155,3.791171447141124e-06,6.4,12.31039658128376,10.0,0.0001646163151642,0.000140260389986,0.0002430177515055,0.0005478944566558,Morocco,MAR,,,,Linux-6.8.0-62-generic-x86_64-with-glibc2.39,3.12.3,3.0.2,16,13th Gen Intel(R) Core(TM) i7-13620H,1,1 x NVIDIA GeForce RTX 4060 Laptop GPU,-10.0,28.5,15.327362060546877,machine,N,1.0
2025-08-06T13:19:05,Conv1d-LSTM,1225fb21-1312-4bf0-b6c9-dcbcdd63ddf5,5b0fa12a-3dd7-45bb-9766-cc326314d9f1,44.14590200800012,0.0001633465646533,3.700152386142769e-06,6.651428571428572,5.552762622642788,10.0,7.882491410604775e-05,6.205366075399997e-05,0.0001183959248388,0.0002592744996989,Morocco,MAR,,,,Linux-6.8.0-62-generic-x86_64-with-glibc2.39,3.12.3,3.0.2,16,13th Gen Intel(R) Core(TM) i7-13620H,1,1 x NVIDIA GeForce RTX 4060 Laptop GPU,-10.0,28.5,15.327362060546877,machine,N,1.0
2025-08-06T13:19:09,Conv1d-LSTM,1225fb21-1312-4bf0-b6c9-dcbcdd63ddf5,5b0fa12a-3dd7-45bb-9766-cc326314d9f1,49.0394112440008,0.0001870799634325,3.814890078955319e-06,6.4,13.003653472403624,10.0,8.66303243798251e-05,7.972450822399998e-05,0.0001305908915111,0.0002969457241149,Morocco,MAR,,,,Linux-6.8.0-62-generic-x86_64-with-glibc2.39,3.12.3,3.0.2,16,13th Gen Intel(R) Core(TM) i7-13620H,1,1 x NVIDIA GeForce RTX 4060 Laptop GPU,-10.0,28.5,15.327362060546877,machine,N,1.0
2025-08-06T13:26:22,Linear Regression,db5e78b7-86e5-4f6c-b4f3-e1aca03607f6,5b0fa12a-3dd7-45bb-9766-cc326314d9f1,1.0713766949993442,4.7653269184895244e-06,4.447853813445552e-06,6.4,16.80927920231618,10.0,1.0060960817774886e-06,4.986948433999966e-06,1.5707983805542523e-06,7.563842896331707e-06,Morocco,MAR,,,,Linux-6.8.0-62-generic-x86_64-with-glibc2.39,3.12.3,3.0.2,16,13th Gen Intel(R) Core(TM) i7-13620H,1,1 x NVIDIA GeForce RTX 4060 Laptop GPU,-10.0,28.5,15.327362060546877,machine,N,1.0
2025-08-06T13:26:31,Ridge,ddf870f5-25c4-4557-9d4d-57b02377f2ae,5b0fa12a-3dd7-45bb-9766-cc326314d9f1,1.0644365439993635,1.03779629744843e-05,9.749724427434263e-06,6.4,47.118839516592445,10.0,9.989755999995395e-07,1.391362224200006e-05,1.5599932027776557e-06,1.6472591044777256e-05,Morocco,MAR,,,,Linux-6.8.0-62-generic-x86_64-with-glibc2.39,3.12.3,3.0.2,16,13th Gen Intel(R) Core(TM) i7-13620H,1,1 x NVIDIA GeForce RTX 4060 Laptop GPU,-10.0,28.5,15.327362060546877,machine,N,1.0
2025-08-06T13:26:43,RandomForest,9391fc3c-2b63-4c33-a880-ea183d98d90d,5b0fa12a-3dd7-45bb-9766-cc326314d9f1,2.931383081000604,9.476435730681654e-06,3.2327524137332983e-06,6.4,4.888214143340306,10.0,4.317744375111135e-06,3.978336515999929e-06,6.7455463277787605e-06,1.5041627218889825e-05,Morocco,MAR,,,,Linux-6.8.0-62-generic-x86_64-with-glibc2.39,3.12.3,3.0.2,16,13th Gen Intel(R) Core(TM) i7-13620H,1,1 x NVIDIA GeForce RTX 4060 Laptop GPU,-10.0,28.5,15.327362060546877,machine,N,1.0
2025-08-06T13:26:55,Xgboost,2cf78e89-2b44-4f3b-a301-1b25f0f340e9,5b0fa12a-3dd7-45bb-9766-cc326314d9f1,2.992803723000179,2.8473370407409904e-05,9.513945130643704e-06,35.744,16.32186795955354,10.0,2.471917654958101e-05,1.3563344183999734e-05,6.912300980555605e-06,4.519482171413635e-05,Morocco,MAR,,,,Linux-6.8.0-62-generic-x86_64-with-glibc2.39,3.12.3,3.0.2,16,13th Gen Intel(R) Core(TM) i7-13620H,1,1 x NVIDIA GeForce RTX 4060 Laptop GPU,-10.0,28.5,15.327362060546877,machine,N,1.0
2025-08-06T13:27:07,Lightgbm,787578cb-44f6-4dd5-a71a-56868afb99d8,5b0fa12a-3dd7-45bb-9766-cc326314d9f1,4.088418035999894,2.532114744210081e-05,6.193385123326334e-06,13.168,15.07550032794938,10.0,1.3116418639601065e-05,1.711556924800014e-05,9.959416497223275e-06,4.019140438482448e-05,Morocco,MAR,,,,Linux-6.8.0-62-generic-x86_64-with-glibc2.39,3.12.3,3.0.2,16,13th Gen Intel(R) Core(TM) i7-13620H,1,1 x NVIDIA GeForce RTX 4060 Laptop GPU,-10.0,28.5,15.327362060546877,machine,N,1.0
2025-08-06T13:27:18,SVR,feed142f-33d0-4613-b116-58dc44e20a82,5b0fa12a-3dd7-45bb-9766-cc326314d9f1,1.214539570000852,8.772089961292954e-06,7.222564153497938e-06,6.4,31.689181618245584,10.0,1.2664669582235446e-06,1.0680286322000288e-05,1.9768896250020083e-06,1.392364290522584e-05,Morocco,MAR,,,,Linux-6.8.0-62-generic-x86_64-with-glibc2.39,3.12.3,3.0.2,16,13th Gen Intel(R) Core(TM) i7-13620H,1,1 x NVIDIA GeForce RTX 4060 Laptop GPU,-10.0,28.5,15.327362060546877,machine,N,1.0
2025-08-06T13:27:54,Conv1D-model,5c58d797-e250-4efe-b883-95e12f90c7aa,5b0fa12a-3dd7-45bb-9766-cc326314d9f1,25.909128205000343,0.0001025786285866,3.959169439242195e-06,6.510545454545454,8.277607629374105,10.0,5.033505883120866e-05,4.343170141199969e-05,6.905284152222117e-05,0.0001628196017654,Morocco,MAR,,,,Linux-6.8.0-62-generic-x86_64-with-glibc2.39,3.12.3,3.0.2,16,13th Gen Intel(R) Core(TM) i7-13620H,1,1 x NVIDIA GeForce RTX 4060 Laptop GPU,-10.0,28.5,15.327362060546877,machine,N,1.0
2025-08-06T13:29:13,LSTM-model,f72d581f-1cdf-4aa6-bbcd-e11c359a5130,5b0fa12a-3dd7-45bb-9766-cc326314d9f1,70.2078098560005,0.0002759626159648,3.930654104305828e-06,6.4,9.092006785847236,10.0,0.0001208032849893,0.0001292848256499,0.0001879380538027,0.000438026164442,Morocco,MAR,,,,Linux-6.8.0-62-generic-x86_64-with-glibc2.39,3.12.3,3.0.2,16,13th Gen Intel(R) Core(TM) i7-13620H,1,1 x NVIDIA GeForce RTX 4060 Laptop GPU,-10.0,28.5,15.327362060546877,machine,N,1.0
2025-08-06T13:30:44,GRU-model,36019d00-8c81-4c32-9c08-1338b1cc073f,5b0fa12a-3dd7-45bb-9766-cc326314d9f1,81.50438710599974,0.0003222613239633,3.953913837107069e-06,7.626666666666668,12.0794856726294,10.0,0.0001447179103486,0.00014883761907,0.0002179590146444,0.000511514544063,Morocco,MAR,,,,Linux-6.8.0-62-generic-x86_64-with-glibc2.39,3.12.3,3.0.2,16,13th Gen Intel(R) Core(TM) i7-13620H,1,1 x NVIDIA GeForce RTX 4060 Laptop GPU,-10.0,28.5,15.327362060546877,machine,N,1.0
2025-08-06T13:30:49,GRU-model,36019d00-8c81-4c32-9c08-1338b1cc073f,5b0fa12a-3dd7-45bb-9766-cc326314d9f1,86.51670510700023,0.0003455805705504,3.994379699539852e-06,6.4,11.83435265325164,10.0,0.0001527342918099,0.000165310410026,0.0002304836968194,0.0005485283986553,Morocco,MAR,,,,Linux-6.8.0-62-generic-x86_64-with-glibc2.39,3.12.3,3.0.2,16,13th Gen Intel(R) Core(TM) i7-13620H,1,1 x NVIDIA GeForce RTX 4060 Laptop GPU,-10.0,28.5,15.327362060546877,machine,N,1.0
2025-08-06T13:31:33,Conv1d-LSTM,2b64957a-e7c3-4238-840f-b1f1c8615310,5b0fa12a-3dd7-45bb-9766-cc326314d9f1,40.02923877600006,0.00014289066319,3.569657269517987e-06,6.4,5.370917454281262,10.0,6.849324873817716e-05,5.132337439199943e-05,0.0001069889132388,0.000226805536369,Morocco,MAR,,,,Linux-6.8.0-62-generic-x86_64-with-glibc2.39,3.12.3,3.0.2,16,13th Gen Intel(R) Core(TM) i7-13620H,1,1 x NVIDIA GeForce RTX 4060 Laptop GPU,-10.0,28.5,15.327362060546877,machine,N,1.0
2025-08-06T13:31:38,Conv1d-LSTM,2b64957a-e7c3-4238-840f-b1f1c8615310,5b0fa12a-3dd7-45bb-9766-cc326314d9f1,45.098272969999925,0.0001638965171957,3.634208283426241e-06,6.4,8.909351508498574,10.0,7.661088019417696e-05,6.386477331399949e-05,0.0001196717673361,0.0002601474208442,Morocco,MAR,,,,Linux-6.8.0-62-generic-x86_64-with-glibc2.39,3.12.3,3.0.2,16,13th Gen Intel(R) Core(TM) i7-13620H,1,1 x NVIDIA GeForce RTX 4060 Laptop GPU,-10.0,28.5,15.327362060546877,machine,N,1.0
2025-08-06T13:48:20,Linear Regression,7322a885-1578-44c1-92ac-18711831723c,5b0fa12a-3dd7-45bb-9766-cc326314d9f1,1.1104653460000122,3.342040225060224e-06,3.0095853392440643e-06,6.4,8.248023022149766,10.0,1.079121263999999e-06,2.5408353660000195e-06,1.684751241666681e-06,5.304707871666699e-06,Morocco,MAR,,,,Linux-6.8.0-62-generic-x86_64-with-glibc2.39,3.12.3,3.0.2,16,13th Gen Intel(R) Core(TM) i7-13620H,1,1 x NVIDIA GeForce RTX 4060 Laptop GPU,-10.0,28.5,15.32735824584961,machine,N,1.0
2025-08-06T13:48:31,Ridge,1ee34f5e-ca39-49de-8733-101164834970,5b0fa12a-3dd7-45bb-9766-cc326314d9f1,1.110492631999989,7.617691022330938e-06,6.859740265553615e-06,6.4,30.281280571087773,10.0,1.079549964444444e-06,9.325840793999983e-06,1.6859135972221711e-06,1.20913043556666e-05,Morocco,MAR,,,,Linux-6.8.0-62-generic-x86_64-with-glibc2.39,3.12.3,3.0.2,16,13th Gen Intel(R) Core(TM) i7-13620H,1,1 x NVIDIA GeForce RTX 4060 Laptop GPU,-10.0,28.5,15.32735824584961,machine,N,1.0
2025-08-06T13:48:44,RandomForest,dc06ad1c-8472-41c5-92bc-0029e0f9716e,5b0fa12a-3dd7-45bb-9766-cc326314d9f1,5.170476521000012,1.7413395805982222e-05,3.367851248382486e-06,6.4,4.441756661455471,10.0,8.29776694400001e-06,6.377505102000031e-06,1.2964424541666612e-05,2.763969658766665e-05,Morocco,MAR,,,,Linux-6.8.0-62-generic-x86_64-with-glibc2.39,3.12.3,3.0.2,16,13th Gen Intel(R) Core(TM) i7-13620H,1,1 x NVIDIA GeForce RTX 4060 Laptop GPU,-10.0,28.5,15.32735824584961,machine,N,1.0
2025-08-06T13:48:58,Xgboost,fe7610d7-47cf-489e-a867-ee116ab28110,5b0fa12a-3dd7-45bb-9766-cc326314d9f1,5.866952684000012,6.960509859077498e-05,1.1863927040113633e-05,53.9136,9.364566634426373,10.0,8.033134719168008e-05,1.5257789983999948e-05,1.4892691150000003e-05,0.0001104818283256,Morocco,MAR,,,,Linux-6.8.0-62-generic-x86_64-with-glibc2.39,3.12.3,3.0.2,16,13th Gen Intel(R) Core(TM) i7-13620H,1,1 x NVIDIA GeForce RTX 4060 Laptop GPU,-10.0,28.5,15.32735824584961,machine,N,1.0
2025-08-06T13:49:12,Lightgbm,070db32d-2980-4d59-9746-77397c71be66,5b0fa12a-3dd7-45bb-9766-cc326314d9f1,5.528844828000047,2.726117608012318e-05,4.930718247338547e-06,14.7072,5.7157082686879805,10.0,2.053414449843208e-05,8.776118132000003e-06,1.3960483861111248e-05,4.327074649154333e-05,Morocco,MAR,,,,Linux-6.8.0-62-generic-x86_64-with-glibc2.39,3.12.3,3.0.2,16,13th Gen Intel(R) Core(TM) i7-13620H,1,1 x NVIDIA GeForce RTX 4060 Laptop GPU,-10.0,28.5,15.32735824584961,machine,N,1.0
2025-08-06T13:49:21,SVR,f0c09eee-f6e5-4062-983d-7f223d03c770,5b0fa12a-3dd7-45bb-9766-cc326314d9f1,1.3155247299999928,7.512479362576038e-06,5.710633324678039e-06,6.4,22.521427997009585,10.0,1.445314766222206e-06,8.221395465999996e-06,2.2575952e-06,1.19243054322222e-05,Morocco,MAR,,,,Linux-6.8.0-62-generic-x86_64-with-glibc2.39,3.12.3,3.0.2,16,13th Gen Intel(R) Core(TM) i7-13620H,1,1 x NVIDIA GeForce RTX 4060 Laptop GPU,-10.0,28.5,15.32735824584961,machine,N,1.0
2025-08-06T13:54:03,Conv1D-model,5096601c-ec94-4560-a9c5-f4deb7240b60,5b0fa12a-3dd7-45bb-9766-cc326314d9f1,273.61195569500006,0.0010666334586039,3.898343754367892e-06,6.4,4.09427694900149,10.0,0.0005464224082482,0.000413138386066,0.0007334705646777,0.001693031358992,Morocco,MAR,,,,Linux-6.8.0-62-generic-x86_64-with-glibc2.39,3.12.3,3.0.2,16,13th Gen Intel(R) Core(TM) i7-13620H,1,1 x NVIDIA GeForce RTX 4060 Laptop GPU,-10.0,28.5,15.32735824584961,machine,N,1.0
2025-08-06T14:02:00,LSTM-model,da05ad62-80e8-4ee7-9161-8a3df9bae343,5b0fa12a-3dd7-45bb-9766-cc326314d9f1,465.5948619180001,0.0020057678760827,4.307968236204371e-06,6.4,4.958233979081484,10.0,0.0011872311675539,0.000746544208346,0.0012499124089472,0.0031836877848471,Morocco,MAR,,,,Linux-6.8.0-62-generic-x86_64-with-glibc2.39,3.12.3,3.0.2,16,13th Gen Intel(R) Core(TM) i7-13620H,1,1 x NVIDIA GeForce RTX 4060 Laptop GPU,-10.0,28.5,15.32735824584961,machine,N,1.0
2025-08-06T14:10:04,GRU-model,58879769-e317-4f5e-9635-60bc6dc8754b,5b0fa12a-3dd7-45bb-9766-cc326314d9f1,472.021242993,0.0019825413600743,4.2001104600789766e-06,6.4,12.920900222137218,10.0,0.0011151566789384,0.000769460893346,0.0012622035460944,0.0031468211183789,Morocco,MAR,,,,Linux-6.8.0-62-generic-x86_64-with-glibc2.39,3.12.3,3.0.2,16,13th Gen Intel(R) Core(TM) i7-13620H,1,1 x NVIDIA GeForce RTX 4060 Laptop GPU,-10.0,28.5,15.32735824584961,machine,N,1.0
2025-08-06T14:10:12,GRU-model,58879769-e317-4f5e-9635-60bc6dc8754b,5b0fa12a-3dd7-45bb-9766-cc326314d9f1,479.683624087,0.0020119947656885,4.194420373465982e-06,6.4,6.620168449418731,10.0,0.0011278980142504,0.000783562571294,0.0012821109314194,0.0031935715169639,Morocco,MAR,,,,Linux-6.8.0-62-generic-x86_64-with-glibc2.39,3.12.3,3.0.2,16,13th Gen Intel(R) Core(TM) i7-13620H,1,1 x NVIDIA GeForce RTX 4060 Laptop GPU,-10.0,28.5,15.32735824584961,machine,N,1.0
2025-08-06T15:40:06,Linear Regression,f0a1cfa4-c14f-444c-9b40-5c0f4b82f82b,5b0fa12a-3dd7-45bb-9766-cc326314d9f1,1.1048776370000013,4.670705583720928e-06,4.227351000064564e-06,6.4,15.268594120992,10.0,1.068591583999983e-06,4.676392629999999e-06,1.6686694249999887e-06,7.41365363899997e-06,Morocco,MAR,,,,Linux-6.8.0-62-generic-x86_64-with-glibc2.39,3.12.3,3.0.2,16,13th Gen Intel(R) Core(TM) i7-13620H,1,1 x NVIDIA GeForce RTX 4060 Laptop GPU,-10.0,28.5,15.327369689941406,machine,N,1.0
2025-08-06T15:40:15,Ridge,522ae01d-9ceb-4c66-89ce-9b2669ab811c,5b0fa12a-3dd7-45bb-9766-cc326314d9f1,1.1061165189999969,6.536415747295493e-06,5.909337429663241e-06,6.4,24.867276122523982,10.0,1.07166654755555e-06,7.629728325999992e-06,1.6736376611111346e-06,1.0375032534666675e-05,Morocco,MAR,,,,Linux-6.8.0-62-generic-x86_64-with-glibc2.39,3.12.3,3.0.2,16,13th Gen Intel(R) Core(TM) i7-13620H,1,1 x NVIDIA GeForce RTX 4060 Laptop GPU,-10.0,28.5,15.327369689941406,machine,N,1.0
2025-08-06T15:40:27,RandomForest,571c0825-0f9c-4d19-965c-2b900a411f88,5b0fa12a-3dd7-45bb-9766-cc326314d9f1,4.605755901000009,2.238564559988673e-05,4.8603630068684975e-06,6.4,13.168702269469238,10.0,7.293875139555566e-06,1.6842235696000002e-05,1.1395870358333345e-05,3.553198119388891e-05,Morocco,MAR,,,,Linux-6.8.0-62-generic-x86_64-with-glibc2.39,3.12.3,3.0.2,16,13th Gen Intel(R) Core(TM) i7-13620H,1,1 x NVIDIA GeForce RTX 4060 Laptop GPU,-10.0,28.5,15.327369689941406,machine,N,1.0
2025-08-06T15:40:41,Xgboost,9257027b-22f2-47fd-b702-e3ff75aef103,5b0fa12a-3dd7-45bb-9766-cc326314d9f1,6.378420802000008,6.799047684903073e-05,1.0659453015033398e-05,51.85066666666666,3.9619668759074766,10.0,8.461365867622219e-05,7.018061169999993e-06,1.6287273777777777e-05,0.0001079189936239,Morocco,MAR,,,,Linux-6.8.0-62-generic-x86_64-with-glibc2.39,3.12.3,3.0.2,16,13th Gen Intel(R) Core(TM) i7-13620H,1,1 x NVIDIA GeForce RTX 4060 Laptop GPU,-10.0,28.5,15.327369689941406,machine,N,1.0
2025-08-06T15:40:55,Lightgbm,7e220884-ad9b-41dd-8719-2f290593067e,5b0fa12a-3dd7-45bb-9766-cc326314d9f1,5.589630961000012,3.340525802516556e-05,5.976290431021443e-06,14.016000000000002,12.299503952453335,10.0,1.980318293488e-05,1.9092515273999995e-05,1.412734258888888e-05,5.302304079776888e-05,Morocco,MAR,,,,Linux-6.8.0-62-generic-x86_64-with-glibc2.39,3.12.3,3.0.2,16,13th Gen Intel(R) Core(TM) i7-13620H,1,1 x NVIDIA GeForce RTX 4060 Laptop GPU,-10.0,28.5,15.327369689941406,machine,N,1.0
2025-08-06T15:41:03,SVR,6fb420ee-d591-48fb-8f75-fa2845fe0236,5b0fa12a-3dd7-45bb-9766-cc326314d9f1,1.3115260929999977,6.957456661002264e-06,5.304855693025298e-06,6.4,20.23627700748707,10.0,1.4365437617777592e-06,7.363339223999995e-06,2.2434536083332702e-06,1.1043336594111023e-05,Morocco,MAR,,,,Linux-6.8.0-62-generic-x86_64-with-glibc2.39,3.12.3,3.0.2,16,13th Gen Intel(R) Core(TM) i7-13620H,1,1 x NVIDIA GeForce RTX 4060 Laptop GPU,-10.0,28.5,15.327369689941406,machine,N,1.0
2025-08-06T15:45:37,Conv1D-model,93309371-48f9-439b-bcfb-aa48b62b54b2,5b0fa12a-3dd7-45bb-9766-cc326314d9f1,265.139317813,0.0010412652459618,3.927238157474106e-06,6.7456000000000005,7.979359589037887,10.0,0.0004967915622864,0.0004446464668279,0.0007113272204861,0.0016527652496005,Morocco,MAR,,,,Linux-6.8.0-62-generic-x86_64-with-glibc2.39,3.12.3,3.0.2,16,13th Gen Intel(R) Core(TM) i7-13620H,1,1 x NVIDIA GeForce RTX 4060 Laptop GPU,-10.0,28.5,15.327369689941406,machine,N,1.0
2025-08-06T15:52:44,LSTM-model,f7a371a2-6f86-43b2-9525-5ec2f8db6f34,5b0fa12a-3dd7-45bb-9766-cc326314d9f1,415.3356017489999,0.0016943767548415,4.079536518676483e-06,6.632727272727274,5.235956647927778,10.0,0.0008612690857171,0.0007136725153819,0.0011144855462999,0.0026894271473991,Morocco,MAR,,,,Linux-6.8.0-62-generic-x86_64-with-glibc2.39,3.12.3,3.0.2,16,13th Gen Intel(R) Core(TM) i7-13620H,1,1 x NVIDIA GeForce RTX 4060 Laptop GPU,-10.0,28.5,15.327369689941406,machine,N,1.0
2025-08-06T16:00:25,GRU-model,9b75154b-b42f-4849-b248-c5fa3e884618,5b0fa12a-3dd7-45bb-9766-cc326314d9f1,449.8214416480001,0.0018352386840706,4.0799270869500905e-06,6.4,6.294941082991043,10.0,0.0010222314730675,0.000683484157898,0.001207296911725,0.0029130125426905,Morocco,MAR,,,,Linux-6.8.0-62-generic-x86_64-with-glibc2.39,3.12.3,3.0.2,16,13th Gen Intel(R) Core(TM) i7-13620H,1,1 x NVIDIA GeForce RTX 4060 Laptop GPU,-10.0,28.5,15.327369689941406,machine,N,1.0
2025-08-06T16:00:33,GRU-model,9b75154b-b42f-4849-b248-c5fa3e884618,5b0fa12a-3dd7-45bb-9766-cc326314d9f1,457.25116091100006,0.0018645649000507,4.077769636135955e-06,6.4,7.266115894938982,10.0,0.0010345460973448,0.000698477225448,0.0012265377346611,0.0029595610574539,Morocco,MAR,,,,Linux-6.8.0-62-generic-x86_64-with-glibc2.39,3.12.3,3.0.2,16,13th Gen Intel(R) Core(TM) i7-13620H,1,1 x NVIDIA GeForce RTX 4060 Laptop GPU,-10.0,28.5,15.327369689941406,machine,N,1.0
2025-08-06T16:06:04,Conv1d-LSTM,5d7a963b-370a-4d01-a3f4-237f0b4c0a29,5b0fa12a-3dd7-45bb-9766-cc326314d9f1,326.81701171199984,0.001282442484971,3.924038342597647e-06,6.4,5.387317930612332,10.0,0.0006212478073796,0.0005373948743599,0.0008769350752166,0.0020355777569563,Morocco,MAR,,,,Linux-6.8.0-62-generic-x86_64-with-glibc2.39,3.12.3,3.0.2,16,13th Gen Intel(R) Core(TM) i7-13620H,1,1 x NVIDIA GeForce RTX 4060 Laptop GPU,-10.0,28.5,15.327369689941406,machine,N,1.0
2025-08-06T16:06:12,Conv1d-LSTM,5d7a963b-370a-4d01-a3f4-237f0b4c0a29,5b0fa12a-3dd7-45bb-9766-cc326314d9f1,334.363087905,0.0013152828836127,3.933696425205979e-06,6.4,9.562811802244992,10.0,0.0006337691879111,0.000557436279282,0.0008964987482888,0.002087704215482,Morocco,MAR,,,,Linux-6.8.0-62-generic-x86_64-with-glibc2.39,3.12.3,3.0.2,16,13th Gen Intel(R) Core(TM) i7-13620H,1,1 x NVIDIA GeForce RTX 4060 Laptop GPU,-10.0,28.5,15.327369689941406,machine,N,1.0
2025-08-07T01:53:26,Linear Regression,8ea79c06-200d-44cb-af08-d668ca6efbbe,5b0fa12a-3dd7-45bb-9766-cc326314d9f1,1.1061104270000044,3.606595856543601e-06,3.2606110280737693e-06,6.4,9.70048927737073,10.0,1.0726359128888763e-06,2.976946826000002e-06,1.6750453750000186e-06,5.7246281138888976e-06,Morocco,MAR,,,,Linux-6.8.0-62-generic-x86_64-with-glibc2.39,3.12.3,3.0.2,16,13th Gen Intel(R) Core(TM) i7-13620H,1,1 x NVIDIA GeForce RTX 4060 Laptop GPU,-10.0,28.5,15.327362060546877,machine,N,1.0
2025-08-07T01:53:36,Ridge,e68aab03-e2d6-46f5-8f8c-ce4562409456,5b0fa12a-3dd7-45bb-9766-cc326314d9f1,1.109841412999998,5.086395600431583e-06,4.58299315636692e-06,6.4,17.258723210947874,10.0,1.0780718026666769e-06,5.312504249999997e-06,1.682888347222189e-06,8.073464399888864e-06,Morocco,MAR,,,,Linux-6.8.0-62-generic-x86_64-with-glibc2.39,3.12.3,3.0.2,16,13th Gen Intel(R) Core(TM) i7-13620H,1,1 x NVIDIA GeForce RTX 4060 Laptop GPU,-10.0,28.5,15.327362060546877,machine,N,1.0
2025-08-07T01:53:48,RandomForest,cb041d1a-9ad5-47d8-9c8f-8176a72448d9,5b0fa12a-3dd7-45bb-9766-cc326314d9f1,4.6121325609999815,1.4147632389594558e-05,3.0674817348543715e-06,6.4,2.91971734825686,10.0,7.304425480888869e-06,3.7391696580000233e-06,1.141246518611112e-05,2.245606032500001e-05,Morocco,MAR,,,,Linux-6.8.0-62-generic-x86_64-with-glibc2.39,3.12.3,3.0.2,16,13th Gen Intel(R) Core(TM) i7-13620H,1,1 x NVIDIA GeForce RTX 4060 Laptop GPU,-10.0,28.5,15.327362060546877,machine,N,1.0
2025-08-07T01:54:02,Xgboost,70cb0f3b-fdf0-4927-a141-62717c178369,5b0fa12a-3dd7-45bb-9766-cc326314d9f1,5.898807585000014,7.133788886014316e-05,1.2093611773597627e-05,52.7872,11.67585954786658,10.0,7.911950294616166e-05,1.9127237524e-05,1.4985487480555549e-05,0.0001132322279507,Morocco,MAR,,,,Linux-6.8.0-62-generic-x86_64-with-glibc2.39,3.12.3,3.0.2,16,13th Gen Intel(R) Core(TM) i7-13620H,1,1 x NVIDIA GeForce RTX 4060 Laptop GPU,-10.0,28.5,15.327362060546877,machine,N,1.0
2025-08-07T01:54:15,Lightgbm,8a4f3b25-bc83-4229-954f-8f9ce0bf0c53,5b0fa12a-3dd7-45bb-9766-cc326314d9f1,5.475847481000017,2.559599723454489e-05,4.674344441359507e-06,14.208000000000002,4.728564528978059,10.0,1.9625374891200063e-05,7.190561307999989e-06,1.3811728002777813e-05,4.062766420197787e-05,Morocco,MAR,,,,Linux-6.8.0-62-generic-x86_64-with-glibc2.39,3.12.3,3.0.2,16,13th Gen Intel(R) Core(TM) i7-13620H,1,1 x NVIDIA GeForce RTX 4060 Laptop GPU,-10.0,28.5,15.327362060546877,machine,N,1.0
2025-08-07T01:54:24,SVR,461d40b4-8d16-4faa-918a-6f61b21ad12a,5b0fa12a-3dd7-45bb-9766-cc326314d9f1,1.3210077409999883,3.847420177096199e-06,2.9124887445275257e-06,6.4,6.493590992210719,10.0,1.4544410773332857e-06,2.380557460000051e-06,2.2718819083332658e-06,6.106880445666602e-06,Morocco,MAR,,,,Linux-6.8.0-62-generic-x86_64-with-glibc2.39,3.12.3,3.0.2,16,13th Gen Intel(R) Core(TM) i7-13620H,1,1 x NVIDIA GeForce RTX 4060 Laptop GPU,-10.0,28.5,15.327362060546877,machine,N,1.0
2025-08-07T01:59:12,Conv1D-model,7d56a6e9-68c0-46e6-9262-357224b711ab,5b0fa12a-3dd7-45bb-9766-cc326314d9f1,280.01847130100003,0.0011450297500478,4.089122209431187e-06,6.4,10.599743854070098,10.0,0.0005622633979875,0.000503928736476,0.0007512750171361,0.0018174671515996,Morocco,MAR,,,,Linux-6.8.0-62-generic-x86_64-with-glibc2.39,3.12.3,3.0.2,16,13th Gen Intel(R) Core(TM) i7-13620H,1,1 x NVIDIA GeForce RTX 4060 Laptop GPU,-10.0,28.5,15.327362060546877,machine,N,1.0
2025-08-07T02:06:16,LSTM-model,8ce34b03-137d-4fe6-b7dc-8cccff6abb78,5b0fa12a-3dd7-45bb-9766-cc326314d9f1,413.088358405,0.0016882157700955,4.086815171006103e-06,6.4,7.338036546998631,10.0,0.0008666477952022,0.000704830008308,0.0011081702203361,0.0026796480238463,Morocco,MAR,,,,Linux-6.8.0-62-generic-x86_64-with-glibc2.39,3.12.3,3.0.2,16,13th Gen Intel(R) Core(TM) i7-13620H,1,1 x NVIDIA GeForce RTX 4060 Laptop GPU,-10.0,28.5,15.327362060546877,machine,N,1.0
2025-08-07T02:13:57,GRU-model,c3cd6f9b-36d6-409a-a605-e2c7ebda1606,5b0fa12a-3dd7-45bb-9766-cc326314d9f1,449.0041309810001,0.0018926407479481,4.215196737306243e-06,6.4,5.777023918659107,10.0,0.0010262893119526,0.000772689229262,0.0012051463638638,0.0030041249050785,Morocco,MAR,,,,Linux-6.8.0-62-generic-x86_64-with-glibc2.39,3.12.3,3.0.2,16,13th Gen Intel(R) Core(TM) i7-13620H,1,1 x NVIDIA GeForce RTX 4060 Laptop GPU,-10.0,28.5,15.327362060546877,machine,N,1.0
2025-08-07T02:14:04,GRU-model,c3cd6f9b-36d6-409a-a605-e2c7ebda1606,5b0fa12a-3dd7-45bb-9766-cc326314d9f1,456.4230097530001,0.0019184040686326,4.2031274226749084e-06,6.4,4.554526645327615,10.0,0.0010385858534672,0.000782073681214,0.0012243586214749,0.0030450181561562,Morocco,MAR,,,,Linux-6.8.0-62-generic-x86_64-with-glibc2.39,3.12.3,3.0.2,16,13th Gen Intel(R) Core(TM) i7-13620H,1,1 x NVIDIA GeForce RTX 4060 Laptop GPU,-10.0,28.5,15.327362060546877,machine,N,1.0
2025-08-07T02:19:33,Conv1d-LSTM,5ef2b326-9a1f-439a-b974-d55d8d244c50,5b0fa12a-3dd7-45bb-9766-cc326314d9f1,324.28290329800006,0.0012802831486865,3.948043932214315e-06,6.4,5.502954796423735,10.0,0.0006168895206266,0.000545232658408,0.0008700281361749,0.0020321503152096,Morocco,MAR,,,,Linux-6.8.0-62-generic-x86_64-with-glibc2.39,3.12.3,3.0.2,16,13th Gen Intel(R) Core(TM) i7-13620H,1,1 x NVIDIA GeForce RTX 4060 Laptop GPU,-10.0,28.5,15.327362060546877,machine,N,1.0
2025-08-07T02:19:40,Conv1d-LSTM,5ef2b326-9a1f-439a-b974-d55d8d244c50,5b0fa12a-3dd7-45bb-9766-cc326314d9f1,331.7421226849999,0.0013141592167826152,3.961387857973202e-06,6.4,10.66059019769317,10.0,0.0006292555855795676,0.000567316009408,0.0008893490619861106,0.0020859206569736784,Morocco,MAR,,,,Linux-6.8.0-62-generic-x86_64-with-glibc2.39,3.12.3,3.0.2,16,13th Gen Intel(R) Core(TM) i7-13620H,1,1 x NVIDIA GeForce RTX 4060 Laptop GPU,-10.0,28.5,15.327362060546875,machine,N,1.0
