Date,Pression surface,Temperature,Humidite relative,Direction vent,Vitesse vent,Profil humidite sol,Quantite nuage,Rayonnement atmosphere,Precipitation totale,Rayonnnement surface ciel,SPI6
1985-06-01 00:52:00,97.88,28.60166667,42.61166667,154.0733333,2.513333333,0.415,55.54833333,35.85333333,168.75,21.39333333,-0.72544177
1985-07-01 00:52:00,97.92,28.395,50.57166667,179.2616667,2.443333333,0.423333333,61.7,36.73833333,406.05,21.36166667,-0.01896194
1985-08-01 00:52:00,97.935,28.38333333,61.66666667,204.5316667,2.261666667,0.448333333,68.335,37.23333333,685.54,20.89333333,0.02326028
1985-09-01 00:52:00,97.99833333,27.38166667,69.77166667,209.48,2.085,0.485,68.635,37.24,864.84,20.435,0.07458146
1985-10-01 00:52:00,98.04166667,26.45,74.845,199.6366667,1.943333333,0.518333333,62.58,36.75666667,870.11,20.23833333,-0.04774133
1985-11-01 00:52:00,98.07,25.68333333,74.58333333,181.5316667,1.718333333,0.543333333,53.75166667,35.885,822.65,19.945,0.14993507
1985-12-01 00:52:00,98.055,24.94166667,69.94833333,155.73,1.67,0.556666667,49.17166667,34.845,711.91,19.54666667,0.2409361
1986-01-01 00:52:00,98.04,24.7,61.66666667,130.23,1.705,0.553333333,40.055,33.95666667,474.61,19.62,-0.14966182
1986-02-01 00:52:00,97.99333333,25.32,53.37333333,110.0733333,1.781666667,0.531666667,34.16833333,33.45666667,195.12,20.3,-0.28231562
1986-03-01 00:52:00,97.95333333,26.21333333,46.46666667,107.9266667,1.953333333,0.496666667,33.41666667,33.44833333,26.37,21.00333333,-0.74929938
1986-04-01 00:52:00,97.9,27.165,43.405,123.26,2.185,0.465,39.6,33.93166667,36.92,21.20333333,0.56333079
1986-05-01 00:52:00,97.885,27.77833333,44.22833333,141.2916667,2.328333333,0.443333333,47.51833333,34.805,126.57,21.35,0.55590922
1986-06-01 00:52:00,97.88166667,28.68166667,48.375,168.4266667,2.395,0.433333333,52.90666667,35.845,237.31,21.775,0.29483859
1986-07-01 00:52:00,97.90833333,29.01166667,56.27,196.145,2.388333333,0.436666667,62.09833333,36.73166667,474.61,21.5,0.68404687
1986-08-01 00:52:00,97.95666667,28.48333333,63.95833333,216.4683333,2.296666667,0.451666667,68.335,37.23,659.18,20.92833333,-0.19425822
1986-09-01 00:52:00,98.01333333,27.63333333,70.73,218.0716667,2.141666667,0.481666667,69.43333333,37.23833333,907.03,19.88666667,0.38986706
1986-10-01 00:52:00,98.08166667,26.73666667,73.68666667,210.5933333,1.918333333,0.511666667,64.475,36.75833333,965.04,19.48333333,0.57651631
1986-11-01 00:52:00,98.10166667,26.005,73.15666667,187.1866667,1.781666667,0.535,58.07833333,35.88833333,875.39,19.12833333,0.51378751
1986-12-01 00:52:00,98.135,24.95666667,69.365,162.135,1.736666667,0.546666667,51.32833333,34.84833333,764.65,18.45166667,0.6681659
1987-01-01 00:52:00,98.12,24.82,62.25166667,138.3433333,1.771666667,0.546666667,41.12833333,33.96,527.35,18.73,0.37696278
1987-02-01 00:52:00,98.09166667,25.24666667,53.595,115.385,1.853333333,0.533333333,33.54166667,33.45833333,342.78,19.05833333,1.49214744
1987-03-01 00:52:00,98.03333333,26.01166667,45.55333333,108.0633333,2.0,0.505,31.45,33.44666667,84.38,19.78166667,1.04671416
1987-04-01 00:52:00,97.99,26.925,38.90833333,99.19833333,2.155,0.475,32.46333333,33.92666667,5.27,20.245,-0.98701604
1987-05-01 00:52:00,97.94333333,28.235,36.74166667,119.595,2.311666667,0.45,37.43166667,34.79833333,21.09,20.84166667,-2.45572366
1987-06-01 00:52:00,97.92333333,29.32,40.55333333,143.6466667,2.308333333,0.435,44.58333333,35.84,126.56,21.28333333,-1.50427774
1987-07-01 00:52:00,97.90333333,29.75666667,46.68833333,164.1683333,2.278333333,0.43,53.05666667,36.72833333,279.49,21.49333333,-1.5627533
1987-08-01 00:52:00,97.915,29.47,55.14666667,185.9083333,2.24,0.435,61.56166667,37.23166667,506.25,21.075,-1.58830306
1987-09-01 00:52:00,97.96166667,28.86666667,62.78166667,191.7733333,2.105,0.451666667,63.19666667,37.24666667,685.55,20.84666667,-1.39414725
1987-10-01 00:52:00,97.99166667,28.07333333,68.97,199.94,1.986666667,0.468333333,62.735,36.77,722.47,20.30833333,-1.11641934
1987-11-01 00:52:00,98.04,27.00333333,68.97,183.7733333,1.858333333,0.48,55.67833333,35.90333333,706.65,19.76833333,-0.70901933
1987-12-01 00:52:00,98.04166667,26.46,64.075,162.18,1.82,0.485,47.64833333,34.86333333,601.18,19.48333333,-0.73009522
1988-01-01 00:52:00,98.04666667,26.225,56.71,139.72,1.875,0.481666667,42.455,33.97333333,448.25,19.00666667,-0.42764279
1988-02-01 00:52:00,98.01333333,26.51,47.12666667,116.3866667,2.003333333,0.471666667,35.21333333,33.47666667,221.49,19.35,0.08789465
1988-03-01 00:52:00,97.97166667,27.34166667,38.25166667,102.99,2.105,0.451666667,34.165,33.47,47.46,19.865,0.07284415
1988-04-01 00:52:00,97.92166667,28.21,35.085,110.6983333,2.283333333,0.433333333,37.00166667,33.95,47.46,20.12666667,0.8818684
1988-05-01 00:52:00,97.89333333,28.995,36.88666667,127.1566667,2.473333333,0.421666667,43.97666667,34.81666667,63.28,20.70666667,-0.8020266
1988-06-01 00:52:00,97.88166667,29.32,43.13666667,149.1566667,2.525,0.418333333,52.24,35.855,210.94,21.245,-0.07062571
1988-07-01 00:52:00,97.89333333,29.33,51.56333333,175.345,2.511666667,0.425,59.29166667,36.74666667,400.78,21.59833333,-0.07617752
1988-08-01 00:52:00,97.925,28.86,62.04333333,202.2616667,2.396666667,0.443333333,66.50666667,37.245,727.73,21.05833333,0.36008595
1988-09-01 00:52:00,97.95833333,27.96,71.075,219.1266667,2.275,0.476666667,68.00333333,37.24833333,875.39,20.19666667,0.15436464
1988-10-01 00:52:00,98.0,27.07,74.26166667,202.9383333,2.073333333,0.505,63.95,36.76,838.47,20.17666667,-0.26585993
1988-11-01 00:52:00,98.035,26.15166667,73.605,186.125,1.895,0.523333333,59.27333333,35.88333333,822.65,19.65833333,0.14993507
1988-12-01 00:52:00,98.03333333,25.64333333,68.365,161.24,1.853333333,0.531666667,54.37166667,34.84333333,674.99,19.18666667,-0.0708231
1989-01-01 00:52:00,98.055,24.875,60.43833333,134.0733333,1.98,0.528333333,44.68666667,33.96166667,485.15,19.26,-0.04140655
1989-02-01 00:52:00,98.07,24.89833333,50.30166667,106.9483333,2.176666667,0.511666667,36.61666667,33.47,158.2,19.95833333,-0.86247052
1989-03-01 00:52:00,98.02166667,25.46833333,42.83166667,86.76,2.301666667,0.48,34.76,33.46833333,31.64,20.81833333,-0.51012993
1989-04-01 00:52:00,97.97,26.30333333,39.03,101.2716667,2.473333333,0.451666667,39.135,33.96,58.01,20.93166667,1.16054501
1989-05-01 00:52:00,97.94333333,27.09166667,39.925,116.355,2.6,0.435,43.89833333,34.84,126.56,21.43833333,0.55573605
1989-06-01 00:52:00,97.94833333,27.74,44.00833333,138.615,2.66,0.425,48.74833333,35.88166667,263.67,21.72833333,0.63412663
1989-07-01 00:52:00,97.93666667,28.41833333,52.22666667,164.615,2.471666667,0.43,58.18666667,36.76833333,485.15,21.16333333,0.7860324
1989-08-01 00:52:00,97.935,28.38,62.21666667,190.8016667,2.276666667,0.453333333,66.45333333,37.26166667,817.38,20.54,1.03504087
1989-09-01 00:52:00,97.97833333,27.76,69.87333333,207.4783333,2.158333333,0.49,67.92166667,37.265,954.49,19.935,0.73310893
1989-10-01 00:52:00,98.04666667,26.725,74.73833333,199.3416667,1.971666667,0.53,64.45,36.77833333,1001.95,19.69,0.80822275
1989-11-01 00:52:00,98.065,25.725,75.21833333,183.3416667,1.816666667,0.556666667,56.42166667,35.90333333,933.4,19.285,0.89759973
1989-12-01 00:52:00,98.075,24.895,72.84333333,164.8416667,1.723333333,0.573333333,51.62666667,34.865,796.29,19.28333333,0.91518019
1990-01-01 00:52:00,98.04333333,24.855,66.47833333,142.9033333,1.763333333,0.575,44.58666667,33.97666667,574.81,19.755,0.82174218
1990-02-01 00:52:00,98.03166667,25.01666667,57.655,117.675,1.871666667,0.556666667,37.32833333,33.47833333,242.58,20.535,0.36329369
1990-03-01 00:52:00,98.02666667,25.53833333,48.01,98.135,2.056666667,0.523333333,31.07333333,33.47166667,79.1,21.06,0.92738234
1990-04-01 00:52:00,97.965,26.67833333,43.71666667,107.875,2.313333333,0.485,36.01333333,33.95833333,15.82,21.57,-0.29741255
1990-05-01 00:52:00,97.94833333,27.55666667,44.15333333,126.4683333,2.461666667,0.46,43.71833333,34.83333333,105.47,21.81666667,0.16832838
1990-06-01 00:52:00,97.94,28.47666667,46.36166667,148.0516667,2.535,0.446666667,47.725,35.875,200.39,21.98,-0.22541036
1990-07-01 00:52:00,97.96,28.68,51.70666667,169.875,2.495,0.44,54.64333333,36.76,358.59,21.555,-0.5535017
1990-08-01 00:52:00,97.985,28.58333333,60.34333333,194.5933333,2.341666667,0.451666667,60.53166667,37.25666667,622.26,21.00166667,-0.50893577
1990-09-01 00:52:00,98.005,28.14833333,69.59333333,215.0816667,2.145,0.475,67.12333333,37.26666667,785.74,20.33,-0.54537741
1990-10-01 00:52:00,98.05833333,27.26333333,72.93833333,207.78,1.916666667,0.496666667,61.03,36.78166667,769.92,20.01666667,-0.75810747
1990-11-01 00:52:00,98.065,26.92333333,71.37666667,195.75,1.768333333,0.508333333,56.965,35.90666667,680.27,19.775,-0.91740854
1990-12-01 00:52:00,98.045,26.66666667,67.36666667,173.365,1.67,0.513333333,52.90666667,34.865,585.35,19.595,-0.87850097
1991-01-01 00:52:00,98.04,26.53666667,59.845,149.2516667,1.706666667,0.513333333,44.01666667,33.975,427.15,19.80166667,-0.65818266
1991-02-01 00:52:00,97.98333333,27.45333333,51.65666667,135.0116667,1.75,0.495,40.38833333,33.47333333,163.48,20.2,-0.77420202
1991-03-01 00:52:00,97.92166667,28.29166667,44.97833333,131.6266667,1.868333333,0.468333333,39.23666667,33.46166667,21.09,20.77833333,-1.02574272
1991-04-01 00:52:00,97.87166667,29.13666667,41.35333333,140.2933333,2.071666667,0.445,44.17,33.94833333,47.46,20.78333333,0.8818684
1991-05-01 00:52:00,97.86166667,29.21,44.57166667,153.1366667,2.128333333,0.433333333,50.97833333,34.82333333,226.76,20.53666667,1.97555697
1991-06-01 00:52:00,97.88,29.275,49.915,176.2516667,2.185,0.433333333,53.59,35.86333333,321.68,20.67666667,1.30919994
1991-07-01 00:52:00,97.895,29.275,58.44666667,201.0533333,2.12,0.441666667,62.14833333,36.755,522.07,20.52833333,1.13219669
1991-08-01 00:52:00,97.94833333,28.25,67.17666667,216.335,2.098333333,0.468333333,66.70833333,37.25833333,775.19,19.88833333,0.72383722
1991-09-01 00:52:00,98.02,27.43833333,73.63666667,221.5016667,1.97,0.496666667,65.36333333,37.27166667,785.74,19.57666667,-0.54537741
1991-10-01 00:52:00,98.07166667,26.49833333,77.93833333,218.0633333,1.76,0.521666667,62.42333333,36.78666667,822.65,19.31333333,-0.37699013
1991-11-01 00:52:00,98.09833333,26.00666667,74.46,199.0633333,1.703333333,0.536666667,54.19166667,35.91833333,643.35,19.49666667,-1.21845056
1991-12-01 00:52:00,98.11333333,25.27833333,69.075,175.27,1.72,0.538333333,47.75166667,34.875,548.43,19.24,-1.23550034
1992-01-01 00:52:00,98.115,24.77666667,60.80333333,146.385,1.868333333,0.53,40.52,33.98333333,348.04,19.41666667,-1.59856714
1992-02-01 00:52:00,98.105,24.98166667,49.93833333,119.77,2.058333333,0.505,32.65,33.485,94.92,20.03666667,-2.12799194
1992-03-01 00:52:00,98.04166667,25.795,40.81166667,89.33333333,2.19,0.475,32.885,33.48,63.28,20.225,0.53563773
1992-04-01 00:52:00,98.00166667,26.55166667,37.25,88.52166667,2.375,0.451666667,35.86,33.96166667,42.19,20.87333333,0.72857484
1992-05-01 00:52:00,97.97166667,27.32166667,38.82166667,108.5016667,2.546666667,0.433333333,43.46166667,34.82666667,100.2,21.05,0.0635939
1992-06-01 00:52:00,97.955,28.21666667,42.85333333,130.2,2.598333333,0.423333333,50.51166667,35.86833333,168.75,21.38,-0.72544177
1992-07-01 00:52:00,97.95833333,28.76,50.60333333,157.24,2.465,0.425,57.17,36.75833333,363.87,21.26833333,-0.49176489
1992-08-01 00:52:00,97.97666667,28.59666667,60.895,183.48,2.298333333,0.438333333,65.10666667,37.255,616.99,20.69333333,-0.5548675
1992-09-01 00:52:00,98.025,27.66166667,70.32333333,205.4166667,2.181666667,0.465,68.42,37.25166667,769.92,20.18833333,-0.67433884
1992-10-01 00:52:00,98.06666667,27.04666667,72.46833333,201.76,2.02,0.483333333,63.17666667,36.75833333,733.0,19.73666667,-1.03555895
1992-11-01 00:52:00,98.09666667,26.305,70.24,179.7166667,1.891666667,0.495,56.62833333,35.88166667,674.99,19.43666667,-0.95977131
1992-12-01 00:52:00,98.105,25.46,66.05166667,158.2383333,1.781666667,0.501666667,50.69333333,34.84,606.44,19.02666667,-0.6813671
1993-01-01 00:52:00,98.11166667,24.88833333,57.78166667,131.5,1.941666667,0.498333333,42.03333333,33.95666667,411.32,18.92333333,-0.83623974
1993-02-01 00:52:00,98.06833333,25.32,47.99,104.8433333,2.031666667,0.483333333,35.05333333,33.46166667,158.2,19.51333333,-0.86247052
1993-03-01 00:52:00,98.04,26.08166667,40.07333333,99.635,2.223333333,0.456666667,32.255,33.46,10.54,20.04666667,-1.78458268
1993-04-01 00:52:00,97.98333333,26.945,35.68833333,104.6866667,2.391666667,0.436666667,35.72,33.95166667,10.54,20.23833333,-0.60542183
1993-05-01 00:52:00,97.93833333,27.80666667,37.96,127.73,2.505,0.425,41.47333333,34.82833333,84.37,20.65,-0.27517547
1993-06-01 00:52:00,97.93666667,28.68666667,41.75166667,147.4483333,2.596666667,0.416666667,47.86333333,35.87,163.47,21.06333333,-0.81496378
1993-07-01 00:52:00,97.91833333,29.30833333,49.99166667,173.99,2.428333333,0.418333333,56.955,36.75333333,363.86,21.18833333,-0.49188124
1993-08-01 00:52:00,97.95333333,28.97,59.585,197.855,2.278333333,0.433333333,62.83166667,37.24833333,553.7,20.67166667,-1.12839593
1993-09-01 00:52:00,97.985,28.26333333,67.51166667,209.4283333,2.093333333,0.455,63.82333333,37.25166667,685.54,20.31833333,-1.39423603
1993-10-01 00:52:00,98.035,27.49333333,72.18833333,203.4083333,1.938333333,0.471666667,62.34833333,36.76333333,701.36,20.09,-1.28096436
1993-11-01 00:52:00,98.04833333,27.07666667,70.22833333,189.115,1.805,0.481666667,55.36666667,35.88833333,627.53,19.78833333,-1.35104067
1993-12-01 00:52:00,98.04,26.45166667,66.34333333,168.4266667,1.758333333,0.488333333,48.45666667,34.84666667,548.43,19.22833333,-1.23550034
1994-01-01 00:52:00,98.01666667,26.32333333,58.47833333,144.3016667,1.865,0.485,41.01333333,33.95833333,348.04,19.22166667,-1.59856714
1994-02-01 00:52:00,97.99,26.49166667,48.66666667,121.51,2.023333333,0.468333333,32.015,33.46,158.2,19.74833333,-0.86247052
1994-03-01 00:52:00,97.93833333,27.42833333,41.57333333,117.2483333,2.13,0.446666667,31.24333333,33.45333333,36.91,20.46166667,-0.29733246
1994-04-01 00:52:00,97.88666667,28.16,38.14666667,123.0716667,2.315,0.43,35.22333333,33.94,52.73,20.82833333,1.02526066
1994-05-01 00:52:00,97.89333333,28.48333333,39.96,136.625,2.41,0.42,43.02,34.81333333,158.2,21.12666667,1.06427933
1994-06-01 00:52:00,97.9,29.02,44.31333333,160.98,2.443333333,0.415,49.46666667,35.855,258.4,21.71,0.5681479
1994-07-01 00:52:00,97.925,29.12666667,52.19833333,186.3966667,2.405,0.421666667,57.48,36.74166667,474.61,21.77333333,0.68404687
1994-08-01 00:52:00,97.94,28.825,62.81333333,211.7616667,2.311666667,0.446666667,68.485,37.23833333,801.56,21.01666667,0.9196169
1994-09-01 00:52:00,97.99333333,27.85333333,70.45833333,215.4083333,2.218333333,0.488333333,69.75,37.245,1012.5,20.37333333,1.13766177
1994-10-01 00:52:00,98.04833333,26.82666667,76.115,210.345,1.943333333,0.53,67.60666667,36.76166667,1033.6,19.99,1.00246292
1994-11-01 00:52:00,98.08666667,25.735,76.385,187.6366667,1.825,0.56,57.98833333,35.89166667,928.13,19.78,0.86339342
1994-12-01 00:52:00,98.12,24.42666667,74.05166667,161.615,1.848333333,0.58,52.38333333,34.84833333,827.93,19.33666667,1.15581022
1995-01-01 00:52:00,98.13166667,23.80833333,67.80166667,133.635,1.863333333,0.583333333,42.975,33.95833333,611.72,19.245,1.1511863
1995-02-01 00:52:00,98.13666667,23.80666667,59.08166667,107.405,1.946666667,0.566666667,33.43833333,33.45666667,284.77,19.91666667,0.86999539
1995-03-01 00:52:00,98.08333333,24.66833333,51.81166667,97.74833333,2.078333333,0.53,30.28666667,33.44666667,58.01,20.475,0.3909986
1995-04-01 00:52:00,98.02333333,25.47166667,47.79,103.395,2.286666667,0.495,31.20666667,33.93,110.74,20.57,2.22856779
1995-05-01 00:52:00,97.97833333,26.49,48.05166667,124.145,2.411666667,0.471666667,39.91166667,34.80166667,147.65,20.865,0.90272529
1995-06-01 00:52:00,97.935,27.87,50.40666667,148.75,2.405,0.456666667,45.46333333,35.84333333,200.38,21.06333333,-0.22555965
1995-07-01 00:52:00,97.895,28.62833333,56.07333333,175.855,2.38,0.45,54.81333333,36.73166667,358.58,21.10166667,-0.55361921
1995-08-01 00:52:00,97.88333333,28.72333333,64.595,202.1683333,2.261666667,0.465,64.095,37.23166667,701.35,20.47833333,0.15105491
1995-09-01 00:52:00,97.93833333,27.93166667,71.49,211.0116667,2.1,0.491666667,66.505,37.24333333,791.0,19.81333333,-0.50288583
1995-10-01 00:52:00,97.99,27.23833333,74.65666667,208.3233333,1.953333333,0.511666667,62.59166667,36.76333333,701.35,19.70833333,-1.2810431
1995-11-01 00:52:00,98.025,26.435,73.06166667,189.865,1.858333333,0.523333333,56.49666667,35.895,664.44,19.25666667,-1.04509338
1995-12-01 00:52:00,98.04166667,25.79,69.81166667,171.105,1.81,0.528333333,50.62833333,34.855,611.71,19.18333333,-0.63283116
1996-01-01 00:52:00,98.03166667,25.545,63.75,149.605,1.785,0.528333333,43.87,33.96333333,453.51,19.605,-0.37131368
1996-02-01 00:52:00,97.98833333,26.08166667,55.28166667,128.8233333,1.863333333,0.508333333,36.57666667,33.46666667,110.74,20.255,-1.76612958
1996-03-01 00:52:00,97.92166667,26.98666667,48.14666667,127.97,1.99,0.478333333,34.12333333,33.46166667,21.09,20.81833333,-1.02574272
1996-04-01 00:52:00,97.87333333,27.99,43.04166667,132.1683333,2.165,0.451666667,38.13666667,33.94166667,5.27,20.94833333,-0.98701604
1996-05-01 00:52:00,97.835,28.895,44.365,150.96,2.29,0.435,43.69,34.80666667,126.56,21.41333333,0.55573605
1996-06-01 00:52:00,97.825,29.295,49.09333333,169.8966667,2.283333333,0.43,50.39666667,35.84666667,274.22,21.63,0.76364966
1996-07-01 00:52:00,97.87,29.385,55.895,191.9266667,2.3,0.435,56.55166667,36.74,453.52,21.29333333,0.47540242
1996-08-01 00:52:00,97.92333333,28.85,64.04,213.01,2.238333333,0.451666667,63.18666667,37.23666667,706.64,20.73333333,0.19338598
1996-09-01 00:52:00,97.98,27.885,71.34166667,213.77,2.123333333,0.483333333,67.60666667,37.23666667,917.58,19.94666667,0.46717777
1996-10-01 00:52:00,98.04,26.72666667,76.37333333,201.77,1.945,0.513333333,62.905,36.74666667,933.4,19.74,0.37317741
1996-11-01 00:52:00,98.07333333,25.60666667,74.56166667,180.6233333,1.815,0.531666667,54.025,35.87,812.11,19.36333333,0.07537288
1996-12-01 00:52:00,98.07333333,25.07166667,69.46833333,160.9366667,1.775,0.536666667,45.17,34.82833333,664.45,19.105,-0.1619058
1997-01-01 00:52:00,98.04833333,24.86166667,62.26,135.98,1.766666667,0.533333333,36.95166667,33.945,485.15,19.13166667,-0.04140655
1997-02-01 00:52:00,98.055,24.66,52.385,108.48,1.963333333,0.518333333,26.25833333,33.45333333,232.03,19.56333333,0.22760952
1997-03-01 00:52:00,98.02333333,25.22,44.99,98.41833333,2.13,0.486666667,24.64166667,33.45166667,63.28,20.22333333,0.53563773
1997-04-01 00:52:00,97.995,25.955,41.91833333,112.0533333,2.37,0.458333333,28.795,33.94166667,84.38,20.62166667,1.74501205
1997-05-01 00:52:00,97.99166667,26.74166667,45.14666667,132.4383333,2.42,0.445,36.49333333,34.82,179.3,20.89833333,1.36770338
1997-06-01 00:52:00,97.98833333,27.37,49.65666667,148.0316667,2.443333333,0.44,46.83833333,35.86166667,316.41,20.945,1.25132072
1997-07-01 00:52:00,98.01,27.66666667,56.865,173.5416667,2.436666667,0.443333333,54.02833333,36.745,479.89,20.835,0.73532082
1997-08-01 00:52:00,98.01833333,27.95,66.53166667,198.8333333,2.196666667,0.456666667,63.90333333,37.23833333,653.91,20.405,-0.23844009
1997-09-01 00:52:00,98.05833333,27.545,73.40666667,204.4583333,2.025,0.476666667,63.825,37.24166667,733.01,20.13166667,-0.98232055
1997-10-01 00:52:00,98.075,27.2,75.645,197.635,1.813333333,0.493333333,62.64666667,36.75666667,727.73,19.7,-1.07592842
1997-11-01 00:52:00,98.06833333,27.08,71.615,182.7616667,1.763333333,0.498333333,60.04333333,35.88333333,632.81,19.335,-1.3065378
1997-12-01 00:52:00,98.08666667,26.52,66.06333333,165.5016667,1.755,0.498333333,52.77166667,34.84333333,495.7,19.38666667,-1.77491456
1998-01-01 00:52:00,98.075,26.19833333,57.80333333,140.1883333,1.845,0.49,46.47666667,33.95833333,332.22,19.495,-1.80379639
1998-02-01 00:52:00,98.06,26.60833333,48.30333333,117.0733333,2.033333333,0.471666667,37.99,33.46333333,158.2,20.11833333,-0.86247052
1998-03-01 00:52:00,98.02666667,27.135,37.98,98.125,2.241666667,0.45,32.43833333,33.45833333,36.91,20.59166667,-0.29733246
1998-04-01 00:52:00,97.98,28.105,33.66833333,100.6466667,2.386666667,0.431666667,35.35333333,33.945,26.37,20.96833333,0.18418632
1998-05-01 00:52:00,97.97,28.515,37.19833333,118.49,2.515,0.423333333,37.675,34.82,195.12,21.67,1.58053803
1998-06-01 00:52:00,97.97,29.085,43.115,140.865,2.526666667,0.425,42.07,35.86166667,337.5,21.565,1.47935043
1998-07-01 00:52:00,97.97333333,29.425,51.26,166.2716667,2.401666667,0.435,50.19166667,36.74833333,548.44,21.38333333,1.36974513
1998-08-01 00:52:00,97.965,28.97333333,61.11333333,191.7816667,2.265,0.46,60.355,37.245,827.93,20.48166667,1.11120042
1998-09-01 00:52:00,97.99333333,28.32666667,72.08166667,219.865,2.046666667,0.495,67.89333333,37.25333333,1023.05,19.645,1.20958308
1998-10-01 00:52:00,98.055,27.12833333,77.14333333,213.5833333,1.853333333,0.53,63.55166667,36.77166667,1038.87,19.13666667,1.03442359
1998-11-01 00:52:00,98.06333333,26.47333333,74.75833333,193.5833333,1.676666667,0.55,58.60333333,35.90166667,870.12,18.53666667,0.47809535
1998-12-01 00:52:00,98.05333333,25.86,70.23833333,171.03,1.676666667,0.556666667,54.73833333,34.86166667,727.74,18.41666667,0.37131333
1999-01-01 00:52:00,98.02833333,25.56166667,63.395,146.0716667,1.706666667,0.553333333,45.81666667,33.97333333,516.8,18.55,0.27452121
1999-02-01 00:52:00,97.99666667,25.945,54.57333333,113.3116667,1.765,0.535,38.105,33.47333333,237.31,19.37666667,0.29601619
1999-03-01 00:52:00,97.91666667,26.95666667,46.91666667,112.9366667,1.893333333,0.503333333,35.12833333,33.465,42.19,20.35166667,-0.10417814
1999-04-01 00:52:00,97.86333333,27.885,41.68833333,118.4366667,2.07,0.468333333,39.10333333,33.94833333,15.82,20.80833333,-0.29741255
1999-05-01 00:52:00,97.84166667,28.80333333,41.355,133.5716667,2.178333333,0.445,46.365,34.82166667,79.1,21.145,-0.3974793
1999-06-01 00:52:00,97.82,29.71833333,43.44833333,151.145,2.228333333,0.431666667,52.07833333,35.86333333,163.48,21.615,-0.81479237
1999-07-01 00:52:00,97.84333333,30.01333333,49.64666667,177.0616667,2.24,0.426666667,61.405,36.75166667,279.5,21.43666667,-1.56261403
1999-08-01 00:52:00,97.88166667,29.54666667,58.385,210.365,2.198333333,0.433333333,69.54166667,37.25333333,516.8,20.49333333,-1.48358437
1999-09-01 00:52:00,97.95333333,28.5,65.80166667,207.135,2.046666667,0.456666667,72.58166667,37.26666667,722.46,19.30833333,-1.0722695
1999-10-01 00:52:00,98.00333333,27.50833333,70.83166667,201.635,1.856666667,0.486666667,68.86,36.785,775.19,19.01833333,-0.71924165
1999-11-01 00:52:00,98.02666667,26.54333333,69.99833333,181.5933333,1.765,0.505,61.28,35.91333333,711.91,18.66,-0.66809833
1999-12-01 00:52:00,98.04166667,25.43666667,65.89333333,160.02,1.76,0.515,53.01666667,34.87333333,627.53,18.23166667,-0.48880108
2000-01-01 00:52:00,98.00666667,25.29666667,58.96666667,132.7183333,1.825,0.516666667,44.67833333,33.98333333,511.51,18.39,0.22263128
2000-02-01 00:52:00,98.00666667,25.265,48.36333333,101.8116667,2.065,0.508333333,32.88666667,33.48833333,274.21,19.335,0.74806529
2000-03-01 00:52:00,97.96666667,25.82,38.55166667,77.43833333,2.298333333,0.483333333,24.94,33.48166667,73.82,20.385,0.80280671
2000-04-01 00:52:00,97.89,26.92333333,33.17833333,82.67833333,2.445,0.453333333,27.34666667,33.965,15.82,20.94,-0.29741255
2000-05-01 00:52:00,97.855,28.08,33.23,103.4283333,2.593333333,0.435,34.23166667,34.83333333,58.01,21.4,-0.95233252
2000-06-01 00:52:00,97.85833333,28.87666667,39.085,127.7833333,2.563333333,0.426666667,41.49166667,35.87333333,205.67,21.67,-0.14727812
2000-07-01 00:52:00,97.88666667,28.85833333,46.93833333,153.6066667,2.466666667,0.433333333,49.255,36.765,427.15,21.50666667,0.20527901
2000-08-01 00:52:00,97.895,28.97833333,57.01166667,179.4916667,2.171666667,0.448333333,60.2,37.26166667,606.45,20.71833333,-0.64752935
2000-09-01 00:52:00,97.93666667,28.45333333,66.61666667,201.2716667,1.988333333,0.47,66.735,37.26166667,764.66,19.96666667,-0.71761192
2000-10-01 00:52:00,98.01666667,27.38,71.73,195.2916667,1.883333333,0.493333333,63.73666667,36.77166667,817.39,19.37833333,-0.41425711
2000-11-01 00:52:00,98.04666667,26.30166667,71.74,180.0933333,1.77,0.508333333,57.275,35.89666667,775.2,18.915,-0.19094281
2000-12-01 00:52:00,98.06,25.55,66.07333333,158.3116667,1.75,0.515,52.47666667,34.85666667,627.54,18.66833333,-0.48871082
2001-01-01 00:52:00,98.075,25.08666667,57.49,133.665,1.811666667,0.508333333,44.77,33.97666667,406.06,19.20166667,-0.89642987
2001-02-01 00:52:00,98.05,25.01166667,47.31333333,109.4983333,1.985,0.49,38.8,33.485,226.76,19.8,0.15829275
2001-03-01 00:52:00,98.01,25.82,37.84333333,94.48833333,2.068333333,0.466666667,37.86833333,33.48333333,63.28,20.25333333,0.53563773
2001-04-01 00:52:00,97.95166667,26.79666667,33.42666667,101.6766667,2.27,0.443333333,42.555,33.97166667,0.0,20.345,-1.38299413
2001-05-01 00:52:00,97.93833333,27.54666667,35.365,119.5216667,2.418333333,0.428333333,50.76833333,34.85,58.01,20.41666667,-0.95233252
2001-06-01 00:52:00,97.92333333,28.51833333,39.59333333,142.22,2.511666667,0.418333333,58.185,35.89166667,137.11,20.55166667,-1.29441046
2001-07-01 00:52:00,97.92,29.13333333,47.54166667,167.1566667,2.458333333,0.418333333,66.91333333,36.77333333,342.77,20.06666667,-0.74223543
2001-08-01 00:52:00,97.95833333,29.21,58.11333333,195.9583333,2.281666667,0.436666667,73.59833333,37.26166667,616.99,19.26833333,-0.5548675
2001-09-01 00:52:00,98.01,28.37166667,67.77,212.9266667,2.19,0.468333333,76.13833333,37.26166667,775.19,18.66666667,-0.63118258
2001-10-01 00:52:00,98.07166667,27.34833333,71.44666667,201.1766667,1.975,0.495,72.26833333,36.775,785.74,18.52166667,-0.64196816
2001-11-01 00:52:00,98.10166667,26.54333333,69.155,182.7066667,1.796666667,0.513333333,63.83833333,35.9,727.73,18.56166667,-0.54623858
2001-12-01 00:52:00,98.09833333,25.88333333,64.75,160.8416667,1.711666667,0.525,55.15,34.86,648.63,18.785,-0.3004483
2002-01-01 00:52:00,98.10666667,25.33333333,56.35333333,133.7066667,1.886666667,0.525,48.90166667,33.97666667,442.97,18.93166667,-0.48463484
2002-02-01 00:52:00,98.06833333,25.46333333,45.46833333,103.4666667,2.045,0.508333333,40.90333333,33.485,168.75,19.91666667,-0.68802579
2002-03-01 00:52:00,98.01,26.41,37.17666667,92.145,2.15,0.478333333,36.70333333,33.485,21.1,20.41833333,-1.02517458
2002-04-01 00:52:00,97.92333333,27.66166667,33.02166667,104.9566667,2.356666667,0.451666667,42.63333333,33.97166667,10.55,20.54666667,-0.60477696
2002-05-01 00:52:00,97.89166667,28.40333333,35.845,121.9883333,2.471666667,0.435,50.71,34.84666667,100.2,20.64833333,0.0635939
2002-06-01 00:52:00,97.89833333,29.05166667,40.55166667,143.9366667,2.543333333,0.423333333,57.82166667,35.88833333,158.21,20.58,-0.90613714
2002-07-01 00:52:00,97.9,29.63666667,49.17666667,170.4166667,2.345,0.423333333,63.37166667,36.76833333,369.15,20.51833333,-0.43062903
2002-08-01 00:52:00,97.92666667,29.52333333,59.99,195.9283333,2.173333333,0.44,70.26166667,37.26,627.55,20.02333333,-0.46309206
2002-09-01 00:52:00,97.99333333,28.64333333,68.29166667,207.2183333,2.046666667,0.468333333,73.52,37.26333333,785.75,19.87833333,-0.54529645
2002-10-01 00:52:00,98.07333333,27.375,73.19666667,197.7083333,1.84,0.495,70.75666667,36.77833333,822.66,19.51833333,-0.37691943
2002-11-01 00:52:00,98.11166667,26.68,70.73833333,181.3016667,1.723333333,0.511666667,65.60833333,35.905,733.01,19.22333333,-0.50596441
2002-12-01 00:52:00,98.13666667,25.80666667,66.17666667,157.5833333,1.698333333,0.523333333,60.52666667,34.86333333,675.0,19.235,-0.07073713
2003-01-01 00:52:00,98.13333333,25.41833333,58.365,131.7283333,1.735,0.523333333,53.21333333,33.97833333,464.06,19.54666667,-0.25964308
2003-02-01 00:52:00,98.09,26.00833333,48.635,109.6766667,1.858333333,0.506666667,48.77333333,33.48166667,205.66,20.03,-0.13054106
2003-03-01 00:52:00,98.04,26.675,38.92666667,87.34333333,2.04,0.478333333,45.655,33.47166667,52.73,20.115,0.23708604
2003-04-01 00:52:00,97.995,27.59333333,35.5,94.97833333,2.233333333,0.451666667,45.695,33.955,42.19,20.58833333,0.72857484
2003-05-01 00:52:00,97.96166667,28.4,37.02,111.3233333,2.361666667,0.433333333,49.78166667,34.82833333,152.93,20.90666667,0.98447919
2003-06-01 00:52:00,97.935,28.89833333,44.07166667,135.7916667,2.281666667,0.43,56.225,35.86666667,305.86,20.78166667,1.13354779
2003-07-01 00:52:00,97.935,29.14666667,52.46666667,163.4683333,2.231666667,0.438333333,63.72166667,36.75166667,469.34,20.46833333,0.63249367
2003-08-01 00:52:00,97.975,28.50833333,62.59166667,189.5816667,2.113333333,0.466666667,69.78166667,37.24833333,833.21,19.695,1.14907714
2003-09-01 00:52:00,98.02833333,27.79166667,72.38333333,209.5816667,1.925,0.506666667,73.44833333,37.26,949.23,19.37833333,0.6956322
2003-10-01 00:52:00,98.06166667,26.99,76.78,203.635,1.715,0.545,71.38666667,36.775,970.32,19.265,0.61001711
2003-11-01 00:52:00,98.075,26.15,76.885,186.0916667,1.568333333,0.57,68.77,35.90333333,859.58,19.02666667,0.40627885
2003-12-01 00:52:00,98.08166667,25.625,70.615,161.04,1.606666667,0.578333333,61.24333333,34.86333333,706.65,19.105,0.19718811
2004-01-01 00:52:00,98.05166667,25.46666667,62.94833333,132.645,1.708333333,0.575,53.41,33.97333333,543.17,19.34166667,0.52806008
2004-02-01 00:52:00,98.03,25.63666667,53.19833333,106.2283333,1.866666667,0.55,45.555,33.47833333,179.3,19.93,-0.52087686
2004-03-01 00:52:00,97.98,26.20333333,43.48,85.97833333,2.075,0.511666667,41.215,33.475,47.46,20.10666667,0.07284415
2004-04-01 00:52:00,97.94166667,27.13,38.79166667,97.20666667,2.295,0.475,43.22833333,33.96,10.55,20.185,-0.60477696
2004-05-01 00:52:00,97.94,27.66666667,40.93666667,115.395,2.438333333,0.453333333,47.47666667,34.82833333,137.11,20.10333333,0.73366932
2004-06-01 00:52:00,97.95666667,28.21833333,47.13333333,140.9883333,2.41,0.446666667,52.865,35.86666667,284.77,20.03,0.88994628
2004-07-01 00:52:00,97.98166667,28.34,54.84166667,168.645,2.291666667,0.45,60.65833333,36.755,458.79,19.68,0.52812974
2004-08-01 00:52:00,98.01,28.2,64.31,195.0416667,2.141666667,0.466666667,66.90166667,37.24666667,616.99,19.15166667,-0.5548675
2004-09-01 00:52:00,98.05,27.65333333,74.06,219.72,1.928333333,0.491666667,70.03333333,37.24333333,780.47,19.17166667,-0.58814186
2004-10-01 00:52:00,98.095,26.79833333,77.675,213.825,1.713333333,0.515,66.91333333,36.75166667,780.47,19.10166667,-0.68048031
2004-11-01 00:52:00,98.09333333,26.40333333,74.665,198.19,1.58,0.528333333,60.64333333,35.87333333,653.91,19.09333333,-1.13117431
2004-12-01 00:52:00,98.05166667,26.16,66.77,173.2933333,1.57,0.53,54.03666667,34.83333333,506.25,19.19,-1.66395999
2005-01-01 00:52:00,98.04333333,25.77666667,57.72833333,144.0116667,1.756666667,0.521666667,47.215,33.95166667,332.23,19.335,-1.80366456
2005-02-01 00:52:00,97.97333333,26.555,48.10333333,113.0733333,1.916666667,0.501666667,41.73166667,33.46333333,174.03,19.72166667,-0.60350944
2005-03-01 00:52:00,97.91666667,27.63333333,40.47833333,104.76,2.068333333,0.475,40.30666667,33.46333333,21.1,19.84833333,-1.02517458
2005-04-01 00:52:00,97.86666667,28.62166667,35.82166667,108.76,2.243333333,0.45,42.955,33.95333333,10.55,19.91666667,-0.60477696
2005-05-01 00:52:00,97.85666667,29.22166667,37.13333333,123.5616667,2.335,0.433333333,47.79333333,34.83,73.83,20.085,-0.52548741
2005-06-01 00:52:00,97.87,29.57,44.50833333,148.9166667,2.361666667,0.426666667,54.665,35.87,242.58,20.02166667,0.36459297
2005-07-01 00:52:00,97.88666667,29.995,53.78,179.2816667,2.2,0.435,62.23833333,36.75333333,516.8,19.935,1.08378845
2005-08-01 00:52:00,97.945,29.23,63.635,211.7716667,2.05,0.463333333,67.92833333,37.24333333,780.47,19.59,0.76338545
2005-09-01 00:52:00,98.0,28.24666667,71.135,217.4183333,1.893333333,0.503333333,69.41333333,37.24333333,954.49,19.43666667,0.73310893
2005-10-01 00:52:00,98.06,27.11333333,76.34333333,210.0016667,1.695,0.543333333,67.525,36.75666667,991.4,19.17833333,0.74257787
2005-11-01 00:52:00,98.07333333,26.275,74.54166667,187.2733333,1.573333333,0.57,61.27333333,35.88333333,928.12,19.14333333,0.86332839
2005-12-01 00:52:00,98.05333333,25.82,68.365,158.4616667,1.573333333,0.583333333,54.34666667,34.84333333,759.37,19.24166667,0.62629109
2006-01-01 00:52:00,97.99666667,25.95166667,60.06333333,128.0866667,1.601666667,0.58,47.44666667,33.95833333,485.15,19.44,-0.04140655
2006-02-01 00:52:00,97.94,26.57,50.22,92.285,1.708333333,0.555,41.02,33.46333333,221.48,20.09333333,0.08776002
2006-03-01 00:52:00,97.89,27.34833333,41.03333333,75.44,1.818333333,0.516666667,39.62,33.46,36.91,20.20166667,-0.29733246
2006-04-01 00:52:00,97.825,28.26666667,34.37833333,77.73,1.961666667,0.478333333,40.84833333,33.94666667,15.82,20.58,-0.29741255
2006-05-01 00:52:00,97.81833333,29.02,36.67,101.9266667,2.11,0.453333333,48.41333333,34.82333333,79.1,20.36833333,-0.3974793
2006-06-01 00:52:00,97.83833333,29.64833333,41.60666667,130.2483333,2.135,0.438333333,54.79333333,35.86333333,137.11,20.17,-1.29441046
2006-07-01 00:52:00,97.885,29.73,48.71,159.685,2.128333333,0.433333333,59.89,36.74666667,358.59,20.15333333,-0.5535017
2006-08-01 00:52:00,97.93666667,29.07,58.72,194.175,1.975,0.45,66.27833333,37.24,632.81,19.42,-0.41776511
2006-09-01 00:52:00,97.99166667,28.15166667,68.26,212.895,1.876666667,0.483333333,69.06333333,37.245,822.65,18.88666667,-0.25113008
2006-10-01 00:52:00,98.04333333,27.32,75.53,213.8116667,1.721666667,0.518333333,68.94,36.76,880.66,18.56833333,0.02380804
2006-11-01 00:52:00,98.06166667,26.42666667,73.32166667,189.6866667,1.605,0.543333333,60.06833333,35.885,817.38,18.75666667,0.11273404
2006-12-01 00:52:00,98.08833333,25.29,68.70833333,163.01,1.591666667,0.558333333,52.545,34.845,759.37,18.76833333,0.62629109
2007-01-01 00:52:00,98.105,24.30833333,61.635,135.1566667,1.72,0.563333333,43.55833333,33.95833333,537.89,18.69666667,0.47795864
2007-02-01 00:52:00,98.085,24.505,51.405,105.8633333,1.873333333,0.546666667,35.47666667,33.46,263.67,19.46166667,0.62325745
2007-03-01 00:52:00,98.02666667,25.22833333,41.54166667,84.3,2.058333333,0.513333333,32.80666667,33.45166667,73.83,20.01166667,0.803048
2007-04-01 00:52:00,97.98,25.99666667,37.68833333,89.54,2.296666667,0.478333333,34.66,33.93666667,36.91,20.11833333,0.56300425
2007-05-01 00:52:00,97.95,26.85166667,40.73,113.5516667,2.4,0.455,43.03,34.81,121.29,19.99833333,0.4631916
2007-06-01 00:52:00,97.92666667,27.705,47.115,139.74,2.425,0.448333333,49.61666667,35.85,274.22,20.10666667,0.76364966
2007-07-01 00:52:00,97.90666667,28.53166667,54.69833333,168.48,2.311666667,0.448333333,58.75833333,36.735,458.79,19.92333333,0.52812974
2007-08-01 00:52:00,97.92,28.275,65.01166667,199.6366667,2.205,0.473333333,67.50833333,37.23333333,880.67,19.32833333,1.48267979
2007-09-01 00:52:00,97.97833333,27.605,74.72,219.1366667,2.018333333,0.523333333,69.68666667,37.24166667,1017.78,19.125,1.17371778
2007-10-01 00:52:00,98.02666667,26.76,78.67666667,212.2933333,1.78,0.565,66.31666667,36.76,986.14,19.10333333,0.70967635
2007-11-01 00:52:00,98.04,26.09166667,77.41666667,192.1983333,1.63,0.593333333,58.95666667,35.89,901.76,19.10666667,0.69027949
2007-12-01 00:52:00,98.03833333,25.53,72.34333333,167.655,1.558333333,0.603333333,54.89166667,34.85,748.83,18.91,0.54212052
2008-01-01 00:52:00,98.04166667,24.71333333,65.16666667,136.6333333,1.711666667,0.606666667,46.69833333,33.96166667,564.26,19.31666667,0.7250301
2008-02-01 00:52:00,98.04833333,24.61166667,55.51,107.3316667,1.903333333,0.585,36.27833333,33.46833333,142.38,19.74666667,-1.13970836
2008-03-01 00:52:00,97.97833333,25.37166667,46.85333333,88.07166667,2.023333333,0.536666667,34.08333333,33.46833333,5.27,20.18166667,-2.42574999
2008-04-01 00:52:00,97.92166667,26.245,40.26,83.635,2.193333333,0.496666667,36.55,33.95,21.09,20.19833333,-0.03975944
2008-05-01 00:52:00,97.89833333,27.15666667,39.21833333,101.8433333,2.37,0.466666667,45.05666667,34.81666667,36.91,20.27333333,-1.67527546
2008-06-01 00:52:00,97.89,28.06833333,42.10333333,124.0933333,2.455,0.446666667,51.37333333,35.855,158.2,20.56,-0.90631244
2008-07-01 00:52:00,97.89166667,28.84666667,49.36333333,154.0716667,2.288333333,0.441666667,60.775,36.745,316.4,20.13833333,-1.07041674
2008-08-01 00:52:00,97.88166667,28.99666667,58.49833333,179.76,2.09,0.448333333,71.745,37.23833333,580.07,19.65333333,-0.88430918
2008-09-01 00:52:00,97.94666667,28.20333333,67.29,198.8116667,1.956666667,0.475,75.08166667,37.23333333,785.73,18.96333333,-0.54545838
2008-10-01 00:52:00,98.01166667,27.32666667,72.915,194.7383333,1.805,0.503333333,72.01333333,36.74,801.55,18.915,-0.52746492
2008-11-01 00:52:00,98.04333333,26.45666667,71.84166667,175.1133333,1.675,0.523333333,64.965,35.86333333,785.73,18.94166667,-0.1141177
2008-12-01 00:52:00,98.04,25.83166667,68.04,153.885,1.631666667,0.535,58.36166667,34.82333333,664.44,18.78666667,-0.16199267
2009-01-01 00:52:00,98.015,25.83333333,60.44666667,124.4166667,1.643333333,0.533333333,53.14333333,33.94166667,506.24,19.08166667,0.17058147
2009-02-01 00:52:00,97.97833333,26.43,51.85333333,105.1133333,1.703333333,0.521666667,47.535,33.45166667,242.57,19.495,0.36316695
2009-03-01 00:52:00,97.91333333,27.31666667,42.80166667,92.125,1.873333333,0.491666667,45.87333333,33.45333333,36.91,19.89,-0.29733246
2009-04-01 00:52:00,97.86666667,28.27166667,38.635,106.8333333,2.095,0.46,49.25,33.94666667,0.0,20.14333333,-1.38299413
2009-05-01 00:52:00,97.84166667,29.055,40.53166667,125.7083333,2.228333333,0.438333333,54.84166667,34.825,21.09,20.29166667,-2.45572366
2009-06-01 00:52:00,97.855,29.63333333,44.79166667,147.3333333,2.263333333,0.426666667,62.25,35.86666667,174.02,20.22,-0.63797656
2009-07-01 00:52:00,97.88166667,29.67666667,52.54166667,177.1883333,2.243333333,0.428333333,67.04166667,36.74833333,353.32,20.02333333,-0.61573645
2009-08-01 00:52:00,97.93,29.10333333,61.49,195.22,2.136666667,0.446666667,71.81166667,37.23833333,659.18,19.55666667,-0.19425822
2009-09-01 00:52:00,98.00666667,28.245,70.58333333,208.2916667,1.97,0.485,72.34833333,37.23833333,822.66,19.30166667,-0.25105157
2009-10-01 00:52:00,98.045,27.27333333,76.19833333,204.3233333,1.771666667,0.521666667,71.15666667,36.74833333,917.58,18.87333333,0.26978967
2009-11-01 00:52:00,98.07666667,26.30666667,76.75,185.6466667,1.633333333,0.551666667,65.49833333,35.87333333,896.49,18.67,0.65528349
2009-12-01 00:52:00,98.08333333,25.54833333,72.605,164.2933333,1.56,0.57,56.28333333,34.83166667,743.56,18.91833333,0.49974089
2010-01-01 00:52:00,98.07,25.265,64.48,134.9283333,1.593333333,0.571666667,47.54333333,33.94833333,564.26,19.47833333,0.7250301
2010-02-01 00:52:00,98.03333333,25.86666667,55.45833333,111.1683333,1.703333333,0.555,38.185,33.45666667,258.4,20.35833333,0.5596212
2010-03-01 00:52:00,97.98833333,26.64333333,46.39666667,100.085,1.911666667,0.52,35.92666667,33.45666667,94.92,20.59666667,1.27136764
2010-04-01 00:52:00,97.94833333,27.615,40.77166667,101.74,2.07,0.485,38.11,33.94833333,5.27,20.73833333,-0.98701604
2010-05-01 00:52:00,97.92333333,28.36833333,42.28166667,123.5933333,2.188333333,0.461666667,45.19166667,34.825,121.29,20.69666667,0.4631916
2010-06-01 00:52:00,97.92666667,28.89666667,48.16666667,146.6233333,2.221666667,0.453333333,53.92166667,35.86833333,305.86,20.48833333,1.13354779
2010-07-01 00:52:00,97.93333333,29.08,56.69833333,176.2383333,2.218333333,0.458333333,63.21833333,36.75333333,469.34,19.75166667,0.63249367
2010-08-01 00:52:00,97.97,28.45833333,65.855,203.1966667,2.145,0.481666667,73.01833333,37.245,780.47,18.80833333,0.76338545
2010-09-01 00:52:00,97.99666667,27.59333333,75.105,215.52,1.953333333,0.521666667,76.625,37.24833333,970.31,18.46,0.84500806
2010-10-01 00:52:00,98.035,26.58333333,81.03166667,214.5716667,1.776666667,0.568333333,75.89333333,36.76166667,1075.78,18.25166667,1.25533662
2010-11-01 00:52:00,98.03833333,26.04,80.38666667,200.8016667,1.595,0.603333333,69.07333333,35.88833333,959.76,18.27666667,1.06681437
2010-12-01 00:52:00,98.01333333,25.35,75.14666667,177.365,1.538333333,0.62,59.74,34.84666667,775.19,18.48,0.75118889
2011-01-01 00:52:00,97.99,24.81666667,68.42666667,152.105,1.575,0.625,49.77833333,33.96,611.71,19.00666667,1.15109883
2011-02-01 00:52:00,97.945,25.25,61.68666667,132.865,1.676666667,0.608333333,44.57833333,33.46333333,300.58,19.51333333,1.0471432
2011-03-01 00:52:00,97.89,26.095,54.74833333,123.4066667,1.785,0.571666667,41.205,33.45666667,110.74,20.28333333,1.58065761
2011-04-01 00:52:00,97.84,26.98,48.06166667,122.3866667,1.948333333,0.528333333,41.57833333,33.945,0.0,20.63,-1.38299413
2011-05-01 00:52:00,97.83333333,27.60666667,47.645,135.3866667,2.141666667,0.491666667,48.675,34.82166667,73.83,20.59833333,-0.52548741
2011-06-01 00:52:00,97.845,28.445,51.47833333,158.4166667,2.235,0.47,57.83666667,35.865,121.29,20.34666667,-1.61371678
2011-07-01 00:52:00,97.86333333,29.15333333,57.19833333,180.9683333,2.161666667,0.455,65.88,36.75166667,311.13,20.10833333,-1.13821696
2011-08-01 00:52:00,97.91166667,28.72,63.56333333,198.2383333,2.053333333,0.461666667,71.33,37.25,580.08,19.70833333,-0.88421806
2011-09-01 00:52:00,97.98166667,27.97666667,69.76166667,205.5616667,1.95,0.481666667,73.765,37.25833333,727.74,18.86666667,-1.02714218
2011-10-01 00:52:00,98.02166667,27.20833333,74.90666667,198.635,1.788333333,0.501666667,70.73666667,36.775,769.93,18.72833333,-0.75803355
2011-11-01 00:52:00,98.04333333,26.57166667,71.34333333,181.5716667,1.655,0.513333333,60.9,35.90333333,696.1,19.09666667,-0.79171816
2011-12-01 00:52:00,98.06,25.7,65.32333333,157.01,1.641666667,0.516666667,52.43166667,34.86333333,648.64,19.21666667,-0.30036001
2012-01-01 00:52:00,98.06166667,25.32833333,57.51,130.5616667,1.728333333,0.516666667,44.54666667,33.975,458.8,19.40833333,-0.3151042
2012-02-01 00:52:00,98.00833333,25.86833333,48.24,106.105,1.828333333,0.5,36.88833333,33.48333333,195.12,19.85,-0.28231562
2012-03-01 00:52:00,97.96333333,26.535,38.77,90.39666667,2.003333333,0.471666667,33.77666667,33.485,47.46,20.34333333,0.07284415
2012-04-01 00:52:00,97.93333333,27.325,34.885,100.6983333,2.255,0.446666667,37.13,33.96833333,15.82,20.455,-0.29741255
2012-05-01 00:52:00,97.92833333,27.79833333,39.06333333,117.6683333,2.391666667,0.431666667,46.28166667,34.83666667,116.02,19.94,0.36795767
2012-06-01 00:52:00,97.92666667,28.49833333,45.91666667,143.7,2.348333333,0.428333333,53.96333333,35.875,263.68,19.88166667,0.634251
2012-07-01 00:52:00,97.93166667,28.67166667,54.81333333,173.3983333,2.231666667,0.438333333,63.83166667,36.76333333,485.16,19.29333333,0.78612846
2012-08-01 00:52:00,97.99333333,28.09333333,64.24,199.9083333,2.133333333,0.465,70.785,37.25666667,769.93,18.71833333,0.68426156
2012-09-01 00:52:00,98.04333333,27.34333333,74.27166667,222.23,1.971666667,0.508333333,74.505,37.25166667,933.41,18.41333333,0.58208238
2012-10-01 00:52:00,98.08666667,26.52833333,79.04333333,214.6566667,1.705,0.548333333,71.74333333,36.75833333,954.5,18.35166667,0.50927696
2012-11-01 00:52:00,98.09,26.13666667,77.77166667,200.2816667,1.555,0.575,64.50333333,35.88,854.3,18.62833333,0.37008273
2012-12-01 00:52:00,98.08166667,25.53166667,73.355,177.395,1.58,0.586666667,57.385,34.84,706.64,18.7,0.19710473
2013-01-01 00:52:00,98.08,25.46833333,66.42833333,149.6866667,1.68,0.581666667,47.72,33.96,485.16,19.27666667,-0.04130459
2013-02-01 00:52:00,98.03333333,25.92,58.40666667,127.155,1.788333333,0.558333333,40.70833333,33.47,195.12,19.935,-0.28231562
2013-03-01 00:52:00,97.96333333,27.105,51.76166667,121.76,1.95,0.52,38.61833333,33.47166667,31.64,20.26,-0.51012993
2013-04-01 00:52:00,97.93666667,27.90333333,47.45833333,127.4266667,2.141666667,0.481666667,40.87833333,33.965,15.82,20.345,-0.29741255
2013-05-01 00:52:00,97.93166667,28.54,47.51,141.145,2.28,0.455,46.855,34.845,73.83,20.46333333,-0.52548741
2013-06-01 00:52:00,97.93,29.27,51.33333333,162.2816667,2.303333333,0.44,53.75833333,35.88666667,210.94,20.35,-0.07062571
2013-07-01 00:52:00,97.94166667,29.43666667,57.54,188.9166667,2.205,0.44,62.02,36.76833333,321.68,20.11666667,-1.00325588
2013-08-01 00:52:00,97.97666667,29.01333333,65.29,211.855,2.096666667,0.45,68.53,37.25833333,537.89,19.49333333,-1.27854205
2013-09-01 00:52:00,98.04,27.94333333,71.29,212.1666667,1.888333333,0.465,68.09333333,37.25833333,627.54,19.225,-1.92475279
2013-10-01 00:52:00,98.075,27.31333333,72.78,199.875,1.718333333,0.481666667,63.89166667,36.76666667,638.09,19.185,-1.79527908
2013-11-01 00:52:00,98.06333333,26.99333333,69.135,179.4583333,1.6,0.49,57.36,35.88833333,580.08,19.13833333,-1.76293131
2013-12-01 00:52:00,98.06333333,26.65833333,62.11333333,153.77,1.605,0.493333333,51.70833333,34.845,442.97,19.24166667,-2.35523968
2014-01-01 00:52:00,98.03833333,26.68666667,53.135,126.875,1.723333333,0.485,45.28166667,33.96,332.23,19.395,-1.80366456
2014-02-01 00:52:00,98.00666667,27.20666667,42.26,96.77,1.948333333,0.468333333,36.96,33.46333333,116.02,20.135,-1.65355627
2014-03-01 00:52:00,97.95,28.09166667,33.78,107.3233333,2.12,0.448333333,36.57,33.46166667,26.37,20.65666667,-0.74929938
2014-04-01 00:52:00,97.91,28.795,31.71666667,118.9166667,2.3,0.43,40.75666667,33.95333333,58.01,20.63333333,1.16054501
2014-05-01 00:52:00,97.91166667,29.055,35.695,137.01,2.405,0.421666667,47.79833333,34.83333333,131.84,20.545,0.645952
2014-06-01 00:52:00,97.90833333,29.63833333,41.51833333,161.1766667,2.406666667,0.416666667,53.43666667,35.87666667,210.94,20.495,-0.07062571
2014-07-01 00:52:00,97.94,29.88833333,48.96666667,186.4983333,2.338333333,0.416666667,59.12166667,36.76,305.86,20.46166667,-1.20680609
2014-08-01 00:52:00,97.98333333,29.41,59.85333333,215.415,2.133333333,0.428333333,66.68,37.25666667,569.53,19.84333333,-0.98094907
2014-09-01 00:52:00,98.04333333,28.41333333,68.84333333,204.2066667,1.99,0.456666667,68.20333333,37.26,791.01,19.18333333,-0.50280523
2014-10-01 00:52:00,98.085,27.57666667,72.65666667,196.03,1.823333333,0.483333333,64.56333333,36.77,748.82,19.215,-0.91554206
2014-11-01 00:52:00,98.10666667,27.11166667,70.48,184.6133333,1.735,0.498333333,57.33666667,35.895,674.99,19.23666667,-0.95977131
2014-12-01 00:52:00,98.125,26.35666667,65.30333333,162.3016667,1.705,0.508333333,50.33166667,34.85333333,595.89,19.21333333,-0.77939212
2015-01-01 00:52:00,98.13333333,25.56,57.99,136.1866667,1.821666667,0.511666667,42.87166667,33.96833333,500.97,19.31833333,0.11816976
2015-02-01 00:52:00,98.09166667,26.17333333,48.46833333,107.6966667,1.928333333,0.503333333,37.42,33.475,237.3,19.92833333,0.29588759
2015-03-01 00:52:00,98.04,27.025,39.68666667,87.46666667,2.098333333,0.475,35.82,33.47166667,26.37,20.2,-0.74929938
2015-04-01 00:52:00,98.015,27.78833333,32.70666667,81.47666667,2.225,0.448333333,35.92333333,33.96333333,10.55,20.27333333,-0.60477696
2015-05-01 00:52:00,97.99666667,28.50833333,33.37333333,95.64333333,2.361666667,0.431666667,42.56666667,34.84,52.74,20.30833333,-1.11254836
2015-06-01 00:52:00,97.98666667,29.36,37.78,118.6533333,2.463333333,0.42,48.7,35.88166667,79.11,20.37666667,-2.64125169
2015-07-01 00:52:00,97.96666667,30.10333333,45.69666667,144.7066667,2.338333333,0.415,56.505,36.76833333,242.59,20.12166667,-2.10205202
2015-08-01 00:52:00,98.00333333,29.495,55.59166667,170.915,2.198333333,0.428333333,63.375,37.26,532.63,19.38833333,-1.3291608
2015-09-01 00:52:00,98.05,28.76666667,64.38333333,188.5616667,2.016666667,0.466666667,64.27166667,37.26333333,812.12,19.305,-0.33415742
2015-10-01 00:52:00,98.07666667,28.11,71.97833333,201.4783333,1.845,0.503333333,65.17333333,36.77833333,864.85,19.02833333,-0.08363079
2015-11-01 00:52:00,98.10833333,27.125,71.78,179.7816667,1.703333333,0.528333333,57.445,35.905,822.66,19.035,0.15000551
2015-12-01 00:52:00,98.165,25.555,68.79,155.5833333,1.728333333,0.545,52.49666667,34.86333333,796.29,18.74,0.91518019
2016-01-01 00:52:00,98.19,24.68,61.69666667,129.5616667,1.895,0.555,46.29166667,33.97333333,632.81,18.90833333,1.33360617
2016-02-01 00:52:00,98.17833333,24.78,51.33333333,103.885,2.063333333,0.545,36.23666667,33.48166667,342.77,19.47333333,1.4920463
2016-03-01 00:52:00,98.13666667,25.82666667,42.95833333,122.5716667,2.168333333,0.51,35.695,33.48333333,58.0,19.72,0.39071606
2016-04-01 00:52:00,98.08833333,26.73,38.57333333,124.885,2.395,0.475,36.45166667,33.965,36.91,20.16833333,0.56300425
2016-05-01 00:52:00,98.06833333,27.74666667,39.20833333,146.7283333,2.578333333,0.451666667,44.85666667,34.83333333,79.1,20.15333333,-0.3974793
2016-06-01 00:52:00,98.025,29.09,43.43833333,171.8016667,2.485,0.436666667,51.585,35.87333333,174.02,20.105,-0.63797656
2016-07-01 00:52:00,98.0,29.77333333,51.57333333,197.51,2.295,0.431666667,58.945,36.76166667,337.5,19.79666667,-0.80641432
2016-08-01 00:52:00,98.015,29.72666667,61.40666667,224.0516667,2.115,0.443333333,68.42833333,37.25333333,543.16,19.19333333,-1.22816385
2016-09-01 00:52:00,98.065,28.62,69.72,208.52,1.996666667,0.47,69.78333333,37.24666667,748.83,18.765,-0.84906459
2016-10-01 00:52:00,98.1,27.66833333,73.0,198.4783333,1.805,0.498333333,66.16666667,36.75333333,743.56,18.565,-0.9552545
2016-11-01 00:52:00,98.10333333,26.89833333,72.06333333,179.3733333,1.618333333,0.515,59.86833333,35.87333333,701.37,18.465,-0.75030302
2016-12-01 00:52:00,98.08333333,26.42833333,67.70833333,158.3833333,1.598333333,0.525,54.16833333,34.83166667,606.45,18.63833333,-0.68127473
2017-01-01 00:52:00,98.065,26.395,59.33333333,132.4366667,1.686666667,0.525,46.55833333,33.94833333,442.97,19.00333333,-0.48463484
2017-02-01 00:52:00,98.04166667,26.575,48.69666667,107.8016667,1.926666667,0.51,36.84333333,33.46,237.31,19.80666667,0.29601619
2017-03-01 00:52:00,97.97833333,27.455,38.57166667,89.73,2.088333333,0.481666667,32.29833333,33.46166667,26.37,20.70833333,-0.74929938
2017-04-01 00:52:00,97.94,28.33833333,34.27,97.99,2.263333333,0.451666667,36.175,33.955,42.19,20.74333333,0.72857484
2017-05-01 00:52:00,97.93166667,28.74833333,36.87333333,116.605,2.38,0.436666667,41.69833333,34.835,137.11,20.755,0.73366932
2017-06-01 00:52:00,97.935,29.01333333,42.86333333,137.5016667,2.341666667,0.433333333,47.48666667,35.875,326.95,20.855,1.36646916
2017-07-01 00:52:00,97.965,28.99666667,51.75,165.0533333,2.231666667,0.448333333,54.57166667,36.75666667,590.62,20.72166667,1.73472063
2017-08-01 00:52:00,97.98333333,28.74666667,62.865,189.865,2.023333333,0.486666667,64.42333333,37.24333333,954.49,19.89666667,1.97899683
2017-09-01 00:52:00,98.04,27.895,73.08333333,209.9483333,1.865,0.543333333,68.695,37.24166667,1139.06,18.93333333,1.97018148
2017-10-01 00:52:00,98.09166667,26.78833333,77.59333333,198.845,1.65,0.598333333,66.60333333,36.75,1128.51,18.915,1.56247479
2017-11-01 00:52:00,98.10666667,25.95,76.23,179.3866667,1.495,0.636666667,61.935,35.87333333,1033.59,18.95833333,1.52507917
2017-12-01 00:52:00,98.11,25.245,72.44833333,155.4583333,1.493333333,0.658333333,58.08333333,34.83333333,843.75,18.585,1.27386382
2018-01-01 00:52:00,98.10333333,24.42166667,65.375,130.24,1.606666667,0.658333333,51.63666667,33.95,580.08,18.63166667,0.86961489
2018-02-01 00:52:00,98.055,24.77166667,57.69833333,106.085,1.678333333,0.631666667,45.32333333,33.45833333,216.21,19.34,0.01623295
2018-03-01 00:52:00,98.00333333,25.51333333,50.78166667,96.605,1.835,0.583333333,44.76666667,33.45833333,42.19,19.93833333,-0.10417814
2018-04-01 00:52:00,97.95166667,26.505,47.23,109.3033333,2.051666667,0.535,48.92333333,33.95,15.82,19.90833333,-0.29741255
2018-05-01 00:52:00,97.92833333,27.45833333,48.03166667,130.5016667,2.236666667,0.498333333,56.36333333,34.82666667,84.37,19.89666667,-0.27517547
2018-06-01 00:52:00,97.93166667,28.06166667,52.53166667,155.68,2.255,0.481666667,60.485,35.86666667,337.49,20.165,1.47924452
2018-07-01 00:52:00,97.93333333,28.82833333,59.83333333,178.7416667,2.14,0.491666667,67.71833333,36.75,664.44,20.02,2.33487579
2018-08-01 00:52:00,97.99,28.42833333,67.635,204.7516667,2.073333333,0.525,75.115,37.24166667,949.21,19.23833333,1.94434418
2018-09-01 00:52:00,98.02666667,27.64666667,74.77,209.1266667,1.915,0.576666667,76.36166667,37.24333333,1133.78,18.635,1.93669288
2018-10-01 00:52:00,98.07166667,26.73833333,79.78,205.4283333,1.688333333,0.633333333,74.54833333,36.755,1202.34,18.46833333,1.97715145
2018-11-01 00:52:00,98.09166667,25.83833333,79.665,183.365,1.493333333,0.68,68.515,35.88,1133.79,18.56333333,2.11402862
2018-12-01 00:52:00,98.11166667,24.92833333,75.675,157.9166667,1.505,0.705,60.91333333,34.84,880.67,18.67333333,1.54384014
2019-01-01 00:52:00,98.10666667,24.51333333,68.83166667,133.3233333,1.553333333,0.701666667,51.63833333,33.955,553.72,19.12166667,0.62721131
2019-02-01 00:52:00,98.08666667,24.56333333,60.645,106.8966667,1.643333333,0.671666667,42.705,33.46,268.95,20.055,0.68618117
2019-03-01 00:52:00,98.06333333,25.295,53.02,94.68833333,1.756666667,0.621666667,41.615,33.455,73.83,20.71666667,0.803048
2019-04-01 00:52:00,98.02166667,26.19166667,47.92666667,99.77166667,1.943333333,0.566666667,45.40166667,33.94166667,26.37,20.90833333,0.18418632
2019-05-01 00:52:00,98.00333333,26.81833333,49.57333333,122.095,2.066666667,0.525,51.34,34.81833333,152.93,20.65833333,0.98447919
2019-06-01 00:52:00,97.98666667,27.85166667,52.90666667,146.865,2.063333333,0.5,58.58333333,35.85833333,284.77,20.65833333,0.88994628
2019-07-01 00:52:00,97.98333333,28.34,59.42666667,173.635,2.026666667,0.491666667,67.63,36.74333333,464.07,20.1,0.58055706
2019-08-01 00:52:00,98.01,28.29166667,67.51,199.6233333,1.955,0.503333333,75.43166667,37.23833333,759.38,19.34166667,0.60434272
2019-09-01 00:52:00,98.04833333,27.6,75.07333333,212.4983333,1.846666667,0.538333333,76.85833333,37.245,970.32,18.76666667,0.84507841
2019-10-01 00:52:00,98.08333333,26.60833333,81.05333333,202.2683333,1.675,0.583333333,75.43166667,36.76166667,1075.79,18.23333333,1.25539579
2019-11-01 00:52:00,98.09333333,26.185,79.65666667,179.7166667,1.533333333,0.618333333,67.31,35.88833333,949.23,18.495,0.99958974
2019-12-01 00:52:00,98.095,25.14833333,75.865,155.3633333,1.526666667,0.638333333,60.38166667,34.84833333,817.39,18.75833333,1.07633325
2020-01-01 00:52:00,98.11166667,24.42166667,69.97,129.27,1.671666667,0.641666667,51.87833333,33.96,638.09,19.14,1.37865212
2020-02-01 00:52:00,98.09666667,24.25666667,61.42833333,102.2916667,1.836666667,0.628333333,41.75833333,33.46833333,342.78,19.81833333,1.49214744
2020-03-01 00:52:00,98.05,24.99833333,54.90666667,100.605,1.978333333,0.593333333,40.70166667,33.47,152.93,20.345,2.28970887
2020-04-01 00:52:00,98.035,25.77833333,50.46833333,108.1783333,2.21,0.548333333,40.19666667,33.955,68.55,20.98166667,1.41004798
2020-05-01 00:52:00,98.04166667,26.44666667,50.45833333,127.8966667,2.423333333,0.51,46.805,34.82666667,147.65,20.98,0.90272529
2020-06-01 00:52:00,98.03333333,27.48333333,54.06333333,152.1883333,2.461666667,0.486666667,54.77333333,35.86833333,247.85,20.62,0.43335086
2020-07-01 00:52:00,98.00333333,28.16333333,59.88666667,177.4383333,2.345,0.48,63.67333333,36.76,448.24,20.135,0.42216684
2020-08-01 00:52:00,97.99333333,28.365,68.345,205.125,2.25,0.498333333,73.95166667,37.25166667,791.01,19.33,0.84180735
2020-09-01 00:52:00,98.03166667,27.54333333,74.87666667,209.3116667,2.156666667,0.54,75.46666667,37.245,1117.97,18.73833333,1.83580546
2020-10-01 00:52:00,98.06333333,26.72333333,78.2,194.25,1.948333333,0.59,70.59666667,36.75,1191.8,18.52666667,1.91898611
2020-11-01 00:52:00,98.08333333,25.68,79.335,172.375,1.83,0.63,63.005,35.87,1112.7,18.505,1.9929676
2020-12-01 00:52:00,98.08,25.03,76.49166667,150.0833333,1.758333333,0.655,54.66,34.82833333,1012.5,18.72333333,2.4516735
2021-01-01 00:52:00,98.08166667,24.54166667,70.79333333,125.3116667,1.841666667,0.661666667,44.765,33.94666667,812.11,19.49333333,2.74502166
2021-02-01 00:52:00,98.07833333,24.39833333,62.66833333,98.78166667,1.903333333,0.643333333,35.26166667,33.46,469.34,20.37833333,2.64600688
2021-03-01 00:52:00,98.03166667,25.05833333,55.47,85.355,2.065,0.601666667,33.62666667,33.465,121.29,20.79166667,1.77177911
2021-04-01 00:52:00,97.975,26.03666667,49.81333333,97.93833333,2.251666667,0.55,37.62666667,33.96,8.45,21.24666667,-0.74638983
2021-05-01 00:52:00,97.93166667,27.405,46.98,118.6466667,2.396666667,0.506666667,46.87833333,34.84,35.32,21.35333333,-1.74090455
2021-06-01 00:52:00,97.93166667,28.06166667,49.58333333,139.47,2.456666667,0.478333333,54.945,35.88166667,218.01,21.31,0.03021844
2021-07-01 00:52:00,97.95166667,28.62166667,54.95833333,165.585,2.42,0.466666667,65.20666667,36.76166667,388.38,20.58666667,-0.21281683
2021-08-01 00:52:00,97.96833333,28.73166667,63.36333333,191.845,2.26,0.48,75.76333333,37.25,755.66,19.745,0.57598779
2021-09-01 00:52:00,98.02,28.11666667,70.41666667,205.2816667,2.056666667,0.516666667,76.86333333,37.24833333,938.88,19.38333333,0.62148698
2021-10-01 00:52:00,98.06333333,27.37,75.59333333,197.4266667,1.846666667,0.553333333,73.845,36.75666667,977.69,19.05833333,0.65657758
2021-11-01 00:52:00,98.08166667,26.375,77.19833333,181.1566667,1.623333333,0.581666667,66.62166667,35.88,952.89,18.98833333,1.02301091
2021-12-01 00:52:00,98.08833333,25.50666667,73.98,158.3333333,1.665,0.596666667,59.69166667,34.83833333,770.2,18.93166667,0.71197651
