DATE,PS,T2M,RH2M,WD2M,WS2M,GWETPROF,CLOUD_AMT,TOA_SW_DWN,PRECTOTCORR_SUM,ALLSKY_SFC_SW_DWN,Moving_Sum_6,SPI6
31/1/1981,98.13,21.57,43.12,53.31,2.24,0.53,,,0.0,,,
28/2/1981,97.94,25.87,34.75,74.88,2.15,0.49,,,0.0,,,
31/3/1981,97.86,29.33,42.81,131.75,2.0,0.46,,,5.27,,,
30/4/1981,97.76,30.55,53.5,206.38,2.55,0.45,,,47.46,,,
31/5/1981,97.93,28.35,70.0,222.0,2.36,0.45,,,84.38,,,
30/6/1981,98.09,27.91,71.31,213.81,2.27,0.47,,,179.3,,316.41,-0.4358169032550658
31/7/1981,98.13,25.41,82.81,226.06,2.05,0.55,,,258.4,,574.81,0.3636023128041763
31/8/1981,98.12,25.33,83.19,224.81,1.57,0.59,,,205.66,,780.47,0.9998583343782624
30/9/1981,98.13,25.24,83.75,217.81,1.48,0.66,,,189.84,,965.04,1.5708676405239834
31/10/1981,98.0,26.34,74.5,182.88,1.45,0.62,,,0.0,,917.5799999999999,1.4240393278530405
30/11/1981,98.07,23.84,54.5,82.5,1.88,0.55,,,0.0,,833.2,1.1629905915872558
31/12/1981,98.07,24.04,41.88,87.12,1.77,0.51,,,0.0,,653.9000000000001,0.608285229979585
31/1/1982,98.02,24.28,35.06,44.0,2.31,0.47,,,0.0,,395.5,-0.19113398607965765
28/2/1982,97.92,26.08,39.5,81.75,2.34,0.45,,,21.09,,210.93,-0.7621432922253788
31/3/1982,97.82,29.48,38.25,113.38,2.43,0.43,,,5.27,,26.36,-1.3331525983711001
30/4/1982,97.76,30.58,56.31,224.56,2.72,0.42,,,58.01,,84.37,-1.1536854593478931
31/5/1982,97.94,28.27,71.06,223.5,2.34,0.45,,,137.11,,221.48000000000002,-0.7295044658731148
30/6/1982,98.17,26.8,76.62,217.31,2.05,0.48,,,179.3,,400.78000000000003,-0.17479910426544393
31/7/1982,98.14,25.98,77.88,214.75,1.86,0.51,,,121.29,,522.07,0.20043911831902014
31/8/1982,98.16,25.04,82.56,225.75,1.93,0.53,,,184.57,,685.5500000000001,0.7062017090363768
30/9/1982,98.1,26.34,78.0,209.88,1.5,0.54,,,94.92,,775.2,0.9835543898402122
31/10/1982,98.0,26.94,70.44,189.0,1.8,0.51,,,73.83,,791.0200000000001,1.0324971607305267
30/11/1982,98.05,24.89,50.06,92.56,1.81,0.48,,,0.0,,653.9100000000001,0.6083161672557482
31/12/1982,98.06,24.4,37.75,69.0,2.06,0.45,,,0.0,,474.61,0.05361080564807716
31/1/1983,98.31,21.47,27.44,56.88,3.37,0.43,,,0.0,,353.32,-0.3216274169363869
28/2/1983,97.97,28.38,28.31,82.88,2.51,0.42,,,0.0,,168.75,-0.8926367230821081
31/3/1983,97.91,29.38,21.69,74.19,2.85,0.41,,,0.0,,73.83,-1.186293348423994
30/4/1983,97.72,32.73,41.75,182.19,2.21,0.41,,,5.27,,5.27,-1.3983993137994648
31/5/1983,97.78,31.1,57.12,207.38,2.73,0.41,,,105.47,,110.74,-1.072103862105315
30/6/1983,98.09,26.62,79.75,221.88,2.08,0.49,,,253.12,,363.86,-0.2890195278602862
31/7/1983,98.1,26.2,80.56,220.62,1.91,0.54,,,184.57,,548.4300000000001,0.28198977828543514
31/8/1983,98.23,25.8,79.31,217.56,1.79,0.54,,,131.84,,680.27,0.6898668272221629
30/9/1983,98.14,25.5,81.25,197.19,1.58,0.58,,,205.66,,885.9300000000001,1.326122848796249
31/10/1983,98.08,26.04,64.44,130.38,1.62,0.56,,,0.0,,880.6600000000001,1.3098189042581987
30/11/1983,98.13,26.18,47.81,109.44,1.82,0.5,,,0.0,,775.19,0.9835234525640489
31/12/1983,98.07,25.75,44.62,95.31,1.73,0.47,,,0.0,,522.0699999999999,0.2004391183190198
31/1/1984,98.04,23.84,34.69,82.69,2.17,0.45,21.95,31.21,0.0,21.63,337.5,-0.3705701878267012
29/2/1984,97.83,26.59,29.81,68.88,2.39,0.43,22.53,34.0,0.0,21.28,205.66,-0.7784472367634292
31/3/1984,97.68,30.83,39.06,216.62,2.48,0.41,45.55,36.64,0.0,22.73,0.0,-1.414703258337515
30/4/1984,97.7,31.13,50.5,216.69,2.95,0.41,70.05,37.84,26.37,20.35,26.37,-1.3331216610949368
31/5/1984,97.82,27.89,71.88,212.06,2.55,0.43,60.76,37.7,126.56,21.53,152.93,-0.9415794939724224
30/6/1984,98.01,27.75,70.06,218.0,2.25,0.45,56.95,37.28,105.47,21.41,258.4,-0.6152840422782727
31/7/1984,98.03,26.38,73.69,203.75,1.98,0.46,66.33,37.31,131.84,19.72,390.24,-0.20740699334154467
31/8/1984,98.09,26.16,76.06,200.0,1.82,0.48,67.02,37.46,121.29,19.73,511.53000000000003,0.1678312292429194
30/9/1984,98.04,25.41,81.75,206.25,1.65,0.51,69.08,36.73,189.84,19.67,701.37,0.7551444799266909
31/10/1984,97.98,26.37,72.12,190.31,1.59,0.52,58.27,34.59,63.28,20.25,738.28,0.8693339662453697
30/11/1984,97.99,26.44,49.5,118.25,1.88,0.48,24.88,31.8,0.0,19.7,611.72,0.4777917991228555
31/12/1984,97.98,23.91,39.44,78.38,2.06,0.45,29.76,30.23,0.0,16.84,506.25,0.1514963474287057
31/1/1985,97.91,26.33,33.62,60.56,2.24,0.43,35.91,31.27,0.0,19.82,374.40999999999997,-0.2563807015080224
28/2/1985,98.03,24.94,18.31,65.38,2.71,0.42,25.86,34.03,0.0,22.79,253.11999999999998,-0.6316189240924863
31/3/1985,97.67,30.98,35.62,183.69,2.48,0.41,63.82,36.62,0.0,22.53,63.28,-1.218932174776258
30/4/1985,97.74,31.28,41.81,188.81,2.23,0.41,61.79,37.84,10.55,22.31,10.55,-1.382064431985251
31/5/1985,97.81,30.5,57.69,218.19,2.97,0.4,66.55,37.7,47.46,23.16,58.010000000000005,-1.2352361193143082
30/6/1985,98.12,27.58,68.62,207.81,2.45,0.42,56.7,37.27,110.74,19.96,168.75,-0.8926367230821081
31/7/1985,98.15,25.09,81.38,211.69,1.82,0.48,69.98,37.3,237.3,18.61,406.05,-0.15849515972739364
31/8/1985,98.12,24.87,84.88,217.0,1.62,0.57,64.85,37.46,279.49,18.19,685.54,0.7061707717602131
30/9/1985,98.05,24.97,84.25,213.38,1.42,0.63,58.99,36.73,179.3,20.45,864.84,1.2608761333678842
31/10/1985,98.0,25.69,72.25,129.75,1.38,0.61,29.17,34.6,15.82,21.5,870.1100000000001,1.2771800779059348
30/11/1985,97.98,25.9,56.12,109.56,1.62,0.55,22.12,31.82,0.0,20.06,822.6500000000001,1.130351765234992
31/12/1985,98.03,23.13,40.81,53.0,2.16,0.5,29.5,30.23,0.0,18.26,711.9100000000001,0.7877523690027918
31/1/1986,98.06,23.64,31.69,58.69,2.03,0.46,18.19,31.25,0.0,20.22,474.61,0.05361080564807716
28/2/1986,97.84,28.59,35.12,96.06,2.08,0.44,25.85,34.0,0.0,21.03,195.12,-0.8110551258395299
31/3/1986,97.81,30.33,42.81,200.5,2.45,0.42,51.34,36.6,10.55,21.8,26.37,-1.3331216610949368
30/4/1986,97.68,31.4,53.88,221.75,2.77,0.42,71.03,37.84,26.37,21.7,36.92,-1.3004828347426727
31/5/1986,97.89,29.58,61.06,217.75,2.48,0.42,62.62,37.71,89.65,21.22,126.57000000000001,-1.0231301539388373
30/6/1986,98.01,28.55,65.69,215.81,2.56,0.44,55.61,37.27,110.74,21.31,237.31,-0.6805307577066373
31/7/1986,98.22,25.62,79.06,225.0,1.99,0.48,68.32,37.3,237.3,17.84,474.61,0.05361080564807716
31/8/1986,98.13,25.42,81.25,218.0,1.53,0.53,68.64,37.45,184.57,18.77,659.1800000000001,0.6246201117937985
30/9/1986,98.15,25.23,83.44,210.12,1.52,0.6,59.84,36.74,258.4,18.45,907.03,1.3914005015007767
31/10/1986,98.09,26.02,71.62,176.88,1.43,0.6,41.52,34.62,84.38,20.3,965.04,1.5708676405239834
30/11/1986,98.01,25.19,57.88,77.31,1.66,0.56,33.19,31.84,0.0,19.71,875.3899999999999,1.2935149597201476
31/12/1986,98.21,22.26,42.94,65.5,2.29,0.51,28.8,30.24,0.0,17.41,764.6499999999999,0.9509155634879476
31/1/1987,98.13,24.8,36.38,82.25,2.2,0.48,9.16,31.23,0.0,21.2,527.3499999999999,0.21677400013323334
28/2/1987,97.96,27.98,29.31,80.25,2.02,0.45,25.97,33.98,0.0,20.97,342.78,-0.35423530601248765
31/3/1987,97.8,29.82,35.19,166.19,2.4,0.43,55.39,36.58,0.0,21.89,84.38,-1.15365452207173
30/4/1987,97.83,31.5,31.75,123.69,2.36,0.42,45.55,37.83,5.27,24.44,5.27,-1.3983993137994648
31/5/1987,97.73,33.05,44.88,199.69,2.6,0.41,48.28,37.71,15.82,22.61,21.09,-1.3494565429091505
30/6/1987,98.09,28.77,65.81,209.81,2.27,0.42,63.86,37.28,105.47,19.86,126.56,-1.0231610912150007
31/7/1987,98.01,27.42,73.19,205.38,2.02,0.45,65.58,37.3,152.93,19.45,279.49,-0.550037326849908
31/8/1987,98.03,26.26,80.06,210.69,1.79,0.48,72.37,37.46,226.76,18.01,506.25,0.1514963474287057
30/9/1987,98.08,26.2,81.0,201.38,1.59,0.53,61.91,36.76,179.3,20.49,685.55,0.7062017090363765
31/10/1987,98.01,26.74,68.88,172.69,1.65,0.52,45.4,34.65,42.19,21.04,722.47,0.8204221326312189
30/11/1987,98.02,26.63,44.88,102.69,1.83,0.48,12.71,31.87,0.0,19.74,706.65,0.7714793617409044
31/12/1987,98.1,25.51,36.44,80.25,2.04,0.45,22.43,30.25,0.0,16.27,601.1800000000001,0.44518391004675495
31/1/1988,98.04,26.01,29.0,70.62,2.35,0.43,31.01,31.23,0.0,18.82,448.25,-0.027939854318337853
29/2/1988,97.83,27.97,22.56,70.69,2.56,0.42,27.58,34.01,0.0,20.7,221.49,-0.7294735285969516
31/3/1988,97.83,31.19,27.75,121.0,2.2,0.41,48.02,36.64,5.27,22.12,47.459999999999994,-1.267874945666572
30/4/1988,97.71,31.95,49.88,218.94,2.72,0.41,67.1,37.85,42.19,19.59,47.459999999999994,-1.267874945666572
31/5/1988,97.85,31.34,55.69,201.44,2.97,0.41,52.02,37.72,15.82,22.95,63.279999999999994,-1.218932174776258
30/6/1988,98.03,27.46,73.94,212.25,2.35,0.43,65.12,37.28,147.66,21.25,210.94,-0.7621123549492156
31/7/1988,98.11,26.07,79.56,227.75,2.27,0.47,69.41,37.3,189.84,19.46,400.78,-0.1747991042654441
31/8/1988,98.02,25.15,85.44,232.19,1.87,0.53,73.89,37.46,326.95,18.84,727.73,0.8366951398931058
30/9/1988,98.03,25.79,81.94,222.19,1.47,0.61,61.55,36.73,152.93,18.78,875.3900000000001,1.2935149597201485
31/10/1988,97.96,26.61,69.0,121.81,1.51,0.58,35.24,34.59,5.27,21.73,838.47,1.179294536125306
30/11/1988,98.06,25.83,51.75,100.56,1.9,0.52,25.8,31.81,0.0,19.71,822.6500000000001,1.130351765234992
31/12/1988,98.02,24.41,42.5,62.94,2.1,0.48,34.11,30.24,0.0,17.53,674.99,0.6735319454079494
31/1/1989,98.24,21.46,32.0,64.75,3.03,0.45,13.24,31.29,0.0,20.62,485.15000000000003,0.0862186947241779
28/2/1989,98.11,25.29,24.62,69.44,3.05,0.43,34.0,34.06,0.0,21.44,158.20000000000002,-0.925275549434372
31/3/1989,97.74,29.21,37.12,101.06,2.22,0.42,48.55,36.64,26.37,22.05,31.64,-1.3168177165568864
30/4/1989,97.65,31.62,46.19,208.88,2.54,0.41,57.28,37.87,31.64,21.97,58.010000000000005,-1.2352361193143082
31/5/1989,97.9,30.56,57.12,191.06,2.66,0.42,53.73,37.74,68.55,22.62,126.56,-1.0231610912150007
30/6/1989,98.05,28.3,67.0,196.5,2.46,0.42,72.75,37.29,137.11,19.83,263.67,-0.5989800977402223
31/7/1989,98.17,25.53,81.31,220.75,1.9,0.48,72.48,37.33,221.48,16.97,485.15,0.08621869472417772
31/8/1989,98.1,25.06,84.56,226.56,1.88,0.57,72.59,37.48,332.23,17.8,817.38,1.1140478206969413
30/9/1989,98.0,25.49,83.06,201.12,1.51,0.64,60.98,36.74,163.48,19.91,954.49,1.5382288141717195
31/10/1989,98.06,25.41,75.38,160.06,1.42,0.65,44.26,34.63,79.1,20.39,1001.95,1.6850571268426626
30/11/1989,98.01,24.56,60.0,95.06,1.73,0.58,11.16,31.84,0.0,21.18,933.4000000000001,1.4729820987433553
31/12/1989,98.11,23.32,52.75,85.5,1.9,0.52,33.29,30.25,0.0,18.03,796.29,1.0488011052685766
31/1/1990,97.98,25.29,43.12,89.12,2.14,0.49,29.25,31.28,0.0,18.45,574.81,0.3636023128041763
28/2/1990,98.03,26.03,31.62,75.19,2.53,0.46,31.84,34.03,0.0,22.02,242.57999999999998,-0.664226813168587
31/3/1990,97.97,28.62,25.19,83.88,2.62,0.44,26.57,36.62,0.0,22.49,79.1,-1.1699894038859435
30/4/1990,97.69,32.25,49.62,218.5,2.96,0.42,62.12,37.87,15.82,22.16,15.82,-1.3657604874472007
31/5/1990,97.91,29.83,62.62,206.62,2.62,0.43,58.2,37.73,89.65,20.77,105.47,-1.0884078066433651
30/6/1990,98.06,28.84,66.0,215.0,2.34,0.44,53.61,37.31,94.92,21.2,200.39,-0.7947511813014796
31/7/1990,98.1,26.51,75.19,220.06,1.9,0.45,72.29,37.32,158.2,17.32,358.59,-0.3053234723983366
31/8/1990,98.18,25.45,83.44,223.5,1.61,0.53,60.78,37.47,263.67,18.91,622.26,0.5103996881989561
30/9/1990,98.09,26.01,80.69,206.81,1.44,0.58,63.39,36.77,163.48,19.35,785.74,1.0161622789163127
31/10/1990,98.01,26.94,69.69,174.69,1.59,0.55,31.17,34.64,0.0,21.48,769.92,0.9672195080259982
30/11/1990,97.95,27.79,53.25,134.44,1.73,0.5,30.11,31.84,0.0,20.13,680.27,0.6898668272221629
31/12/1990,97.94,27.3,41.94,80.69,1.75,0.47,30.34,30.25,0.0,17.34,585.35,0.3962102018802773
31/1/1991,98.07,25.73,30.06,75.38,2.12,0.45,18.56,31.25,0.0,18.43,427.15,-0.09321750702286584
28/2/1991,97.84,30.95,34.31,138.06,1.87,0.42,38.7,34.0,0.0,20.94,163.48,-0.9089406676201583
31/3/1991,97.72,31.04,40.62,186.5,2.15,0.42,52.06,36.61,21.09,21.37,21.09,-1.3494565429091505
30/4/1991,97.71,32.01,47.94,226.69,2.81,0.41,61.94,37.88,26.37,20.79,47.46,-1.267874945666572
31/5/1991,97.89,28.23,72.56,211.5,2.07,0.43,72.02,37.74,179.3,19.11,226.76000000000002,-0.7131695840589012
30/6/1991,98.05,27.69,74.0,219.38,2.09,0.47,48.09,37.29,94.92,21.16,321.68,-0.4195129587170155
31/7/1991,98.16,25.73,81.25,224.19,1.73,0.5,67.07,37.32,200.39,17.89,522.0699999999999,0.2004391183190198
31/8/1991,98.16,24.8,86.69,229.75,1.74,0.58,70.0,37.48,253.12,18.4,775.19,0.9835234525640489
30/9/1991,98.15,26.17,79.38,217.5,1.38,0.59,48.09,36.78,31.64,20.6,785.74,1.0161622789163127
31/10/1991,98.02,26.37,73.75,206.06,1.55,0.56,43.04,34.65,63.28,21.55,822.65,1.1303517652349915
30/11/1991,98.05,25.28,51.69,97.5,1.73,0.52,26.96,31.88,0.0,20.71,643.35,0.5756464036273208
31/12/1991,98.14,23.32,41.69,76.62,2.19,0.48,14.45,30.24,0.0,18.07,548.43,0.2819897782854348
31/1/1992,98.17,22.72,31.62,50.88,2.62,0.45,35.1,31.24,0.0,18.93,348.04,-0.33796229875060046
29/2/1992,98.1,26.03,21.5,70.06,2.88,0.43,27.67,34.03,0.0,21.44,94.92,-1.1210466329956292
31/3/1992,97.77,31.05,24.62,34.88,2.17,0.41,50.8,36.67,0.0,21.7,63.28,-1.218932174776258
30/4/1992,97.78,30.91,52.38,201.19,2.66,0.42,59.55,37.87,42.19,22.4,42.19,-1.2841788902046225
31/5/1992,97.87,29.9,61.12,217.38,2.76,0.41,68.19,37.72,58.01,20.39,100.19999999999999,-1.1047117511814157
30/6/1992,98.04,28.69,65.88,206.81,2.5,0.42,49.88,37.29,68.55,20.81,168.75,-0.8926367230821081
31/7/1992,98.19,25.98,78.12,213.12,1.82,0.46,62.83,37.32,195.12,18.01,363.87,-0.28898859058412296
31/8/1992,98.21,25.05,83.25,227.5,1.88,0.51,77.24,37.46,253.12,17.98,616.99,0.4940957436609058
30/9/1992,98.06,25.44,81.19,166.5,1.47,0.57,66.41,36.73,152.93,19.83,769.9200000000001,0.9672195080259987
31/10/1992,98.03,27.22,65.25,179.25,1.69,0.53,32.39,34.58,5.27,21.93,733.0,0.8529990844311561
30/11/1992,98.05,25.45,47.75,85.12,1.99,0.48,34.25,31.8,0.0,18.95,674.99,0.6735319454079494
31/12/1992,98.09,23.62,40.75,77.94,1.84,0.46,18.86,30.24,0.0,17.15,606.44,0.46145691730864197
31/1/1993,98.23,22.55,28.5,52.69,2.78,0.44,24.5,31.29,0.0,19.1,411.32,-0.14219121518934336
28/2/1993,97.95,27.64,24.5,67.56,2.42,0.42,33.28,34.03,0.0,21.61,158.20000000000002,-0.925275549434372
31/3/1993,97.89,30.01,33.69,135.25,2.62,0.41,53.83,36.63,5.27,22.01,10.54,-1.3820953692614142
30/4/1993,97.69,32.4,38.94,209.56,2.7,0.41,50.77,37.86,5.27,22.41,10.54,-1.3820953692614142
31/5/1993,97.78,30.62,61.38,223.38,2.67,0.41,65.02,37.72,73.83,20.89,84.37,-1.1536854593478931
30/6/1993,98.08,28.9,63.5,196.25,2.39,0.41,55.16,37.28,79.1,20.4,163.46999999999997,-0.9089716048963218
31/7/1993,98.12,26.28,77.94,211.94,1.77,0.45,67.23,37.31,200.39,18.63,363.85999999999996,-0.28901952786028634
31/8/1993,98.16,25.61,82.06,210.75,1.52,0.51,64.73,37.47,189.84,18.62,553.6999999999999,0.2982937228234851
30/9/1993,98.08,25.77,81.25,204.69,1.51,0.54,60.66,36.73,137.11,19.68,685.54,0.7061707717602131
31/10/1993,97.99,27.78,67.0,173.44,1.77,0.51,38.28,34.59,21.09,21.57,701.36,0.7551135426505277
30/11/1993,97.86,28.12,49.62,137.62,1.87,0.47,24.64,31.81,0.0,20.25,627.53,0.5267036327370064
31/12/1993,98.03,25.15,40.19,72.12,2.11,0.45,16.2,30.23,0.0,16.9,548.43,0.2819897782854348
31/1/1994,97.98,25.51,30.75,67.19,2.41,0.43,23.88,31.26,0.0,16.95,348.03999999999996,-0.33796229875060063
28/2/1994,98.0,26.62,23.19,74.0,2.47,0.41,14.38,34.02,0.0,20.98,158.2,-0.9252755494343721
31/3/1994,97.77,31.39,38.69,179.12,2.15,0.41,49.27,36.61,15.82,23.79,36.90999999999997,-1.3005137720188362
30/4/1994,97.68,32.17,46.44,208.38,2.88,0.41,68.82,37.85,36.91,23.53,52.72999999999996,-1.251571001128522
31/5/1994,97.9,30.06,60.5,218.94,2.44,0.41,70.41,37.71,105.47,20.94,158.19999999999996,-0.9252755494343723
30/6/1994,98.07,28.37,66.31,218.25,2.31,0.42,54.73,37.28,100.2,21.15,258.4,-0.6152840422782727
31/7/1994,98.13,26.15,78.06,219.69,2.18,0.47,69.09,37.3,216.21,18.43,474.60999999999996,0.053610805648076985
31/8/1994,98.09,24.81,86.88,226.19,1.91,0.56,75.98,37.46,326.95,16.84,801.56,1.0651050498066268
30/9/1994,98.09,25.56,84.56,201.0,1.59,0.66,62.39,36.74,226.76,20.84,1012.4999999999999,1.717695953194926
31/10/1994,98.01,26.01,80.38,178.0,1.23,0.66,52.3,34.61,58.01,21.24,1033.6,1.782973605899454
30/11/1994,98.13,23.51,62.12,82.69,1.73,0.59,13.43,31.84,0.0,20.53,928.1299999999999,1.4566781542053042
31/12/1994,98.27,20.52,52.31,62.12,2.45,0.54,20.83,30.23,0.0,16.24,827.93,1.146686647049205
31/1/1995,98.2,22.44,40.56,51.81,2.27,0.49,10.42,31.24,0.0,17.93,611.7199999999999,0.4777917991228552
28/2/1995,98.12,24.8,34.56,68.81,2.41,0.46,24.84,33.99,0.0,20.51,284.7699999999999,-0.5337024450356946
31/3/1995,97.77,30.73,40.94,143.06,2.38,0.44,40.83,36.59,0.0,22.5,58.00999999999994,-1.2352361193143084
30/4/1995,97.65,30.83,56.25,211.88,2.48,0.45,60.98,37.84,110.74,21.04,110.73999999999994,-1.0721038621053152
31/5/1995,97.86,29.62,63.69,207.19,2.48,0.45,62.98,37.71,36.91,20.81,147.64999999999992,-0.9579143757866363
30/6/1995,98.01,28.8,66.44,209.75,2.41,0.45,50.9,37.28,52.73,20.69,200.37999999999994,-0.794782118577643
31/7/1995,97.96,26.99,74.56,214.44,2.12,0.45,68.34,37.3,158.2,18.76,358.5799999999999,-0.30535440967450006
31/8/1995,98.05,25.37,85.69,226.69,1.7,0.55,71.38,37.46,342.77,17.99,701.3499999999999,0.755082605374364
30/9/1995,98.1,25.98,82.31,196.12,1.41,0.6,58.9,36.75,89.65,20.11,790.9999999999999,1.0324352861781994
31/10/1995,97.96,26.67,75.25,195.75,1.6,0.57,39.52,34.63,21.09,22.01,701.3499999999999,0.755082605374364
30/11/1995,98.07,24.8,54.12,96.44,1.91,0.52,23.41,31.85,0.0,19.42,664.4399999999999,0.6408931190556852
31/12/1995,98.11,24.93,46.94,97.19,2.12,0.48,14.53,30.23,0.0,17.58,611.7099999999999,0.4777608618466919
31/1/1996,97.9,25.52,38.19,85.44,1.97,0.45,21.97,31.22,0.0,19.82,453.50999999999993,-0.011666847056451005
29/2/1996,97.79,28.59,34.88,102.0,2.17,0.43,34.27,34.01,0.0,20.97,110.73999999999995,-1.0721038621053152
31/3/1996,97.7,31.41,39.5,191.0,2.17,0.42,41.93,36.64,0.0,23.2,21.089999999999943,-1.3494565429091507
30/4/1996,97.67,32.69,44.62,220.94,2.65,0.41,60.48,37.85,5.27,21.36,5.269999999999943,-1.398399313799465
31/5/1996,97.84,30.23,62.06,209.19,2.66,0.42,58.54,37.7,121.29,20.89,126.55999999999995,-1.0231610912150009
30/6/1996,98.05,27.33,75.31,210.81,2.08,0.45,54.37,37.27,147.66,21.15,274.2199999999999,-0.5663412713879586
31/7/1996,98.17,26.06,79.0,217.62,2.07,0.48,63.68,37.3,179.3,19.63,453.52,-0.011635909780287572
31/8/1996,98.11,25.38,83.75,228.5,1.8,0.53,69.68,37.45,253.12,17.54,706.64,0.7714484244647412
30/9/1996,98.04,25.62,83.31,195.56,1.48,0.61,65.64,36.71,210.94,18.52,917.5799999999999,1.4240393278530405
31/10/1996,98.03,25.74,74.81,148.94,1.58,0.59,33.38,34.57,21.09,21.24,933.4,1.4729820987433548
30/11/1996,98.04,23.51,51.19,82.31,1.88,0.53,5.24,31.79,0.0,20.16,812.1099999999999,1.0977438761588907
31/12/1996,98.05,24.12,44.75,92.69,1.84,0.48,10.62,30.23,0.0,18.37,664.4499999999999,0.6409240563318485
31/1/1997,98.02,24.8,35.75,67.88,2.02,0.46,17.34,31.28,0.0,19.41,485.15,0.08621869472417772
28/2/1997,98.15,24.17,24.5,63.5,2.98,0.44,12.41,34.04,0.0,20.56,232.02999999999994,-0.6968656395208511
31/3/1997,97.85,28.98,38.94,135.19,2.48,0.42,56.42,36.63,42.19,21.97,63.279999999999944,-1.218932174776258
30/4/1997,97.86,30.15,56.38,230.75,3.02,0.42,60.62,37.85,42.19,22.06,84.37999999999994,-1.15365452207173
31/5/1997,98.02,28.23,70.56,204.62,2.18,0.45,56.69,37.71,94.92,21.36,179.29999999999995,-0.8599978967298443
30/6/1997,98.03,27.89,71.81,186.25,1.98,0.45,66.37,37.27,137.11,19.16,316.40999999999997,-0.43581690325506595
31/7/1997,98.15,26.58,79.0,220.94,1.98,0.48,54.24,37.3,163.48,18.8,479.89,0.0699456874622907
31/8/1997,98.2,25.87,82.5,215.25,1.54,0.52,64.34,37.45,174.02,18.46,653.91,0.6083161672557479
30/9/1997,98.09,26.55,80.19,168.94,1.45,0.54,58.81,36.72,121.29,19.66,733.01,0.8530300217073195
31/10/1997,97.96,28.08,69.81,189.81,1.75,0.52,55.12,34.6,36.91,20.76,727.73,0.8366951398931058
30/11/1997,97.98,27.51,46.38,115.38,1.88,0.48,31.37,31.82,0.0,20.14,632.8100000000001,0.5430385145512202
31/12/1997,98.14,24.53,38.5,82.69,1.93,0.45,29.43,30.24,0.0,18.65,495.69999999999993,0.11885752107644154
31/1/1998,98.08,24.65,29.44,69.06,2.52,0.43,17.07,31.27,0.0,19.04,332.2199999999999,-0.3869050696409151
28/2/1998,98.11,28.33,25.5,76.56,2.67,0.41,20.21,34.02,0.0,21.02,158.19999999999993,-0.9252755494343723
31/3/1998,97.89,29.71,18.25,55.25,2.7,0.41,26.7,36.62,0.0,23.51,36.90999999999994,-1.3005137720188362
30/4/1998,97.68,33.9,43.94,204.94,2.62,0.41,65.19,37.85,26.37,21.78,26.369999999999944,-1.333121661094937
31/5/1998,97.92,29.97,67.56,222.44,2.65,0.43,51.16,37.72,168.75,24.35,195.11999999999995,-0.81105512583953
30/6/1998,98.14,27.95,74.0,216.94,2.0,0.46,53.52,37.29,142.38,19.73,337.49999999999994,-0.37057018782670137
31/7/1998,98.1,26.69,78.31,221.5,1.77,0.49,67.37,37.32,210.94,17.93,548.4399999999999,0.2820207155615981
31/8/1998,98.06,25.62,84.62,229.62,1.85,0.56,78.49,37.47,279.49,15.97,827.93,1.146686647049205
30/9/1998,98.06,25.83,84.06,223.75,1.39,0.62,70.09,36.75,195.12,18.16,1023.05,1.7503347795471902
31/10/1998,98.05,26.71,74.31,167.25,1.46,0.62,43.37,34.63,42.19,20.8,1038.87,1.7992775504375043
30/11/1998,97.97,26.04,53.25,102.44,1.59,0.55,18.28,31.84,0.0,20.31,870.1199999999999,1.2772110151820975
31/12/1998,98.08,24.27,46.88,81.62,2.0,0.5,30.19,30.25,0.0,17.69,727.74,0.8367260771692692
31/1/1999,97.95,24.9,37.25,71.75,1.95,0.47,20.03,31.26,0.0,19.05,516.8,0.18413517378096952
28/2/1999,97.87,27.92,31.69,33.06,2.2,0.45,36.8,34.01,0.0,21.01,237.30999999999995,-0.6805307577066375
31/3/1999,97.58,31.9,38.12,221.5,2.16,0.43,46.8,36.62,0.0,23.32,42.18999999999994,-1.2841788902046227
30/4/1999,97.73,32.28,42.94,200.25,2.52,0.41,56.52,37.86,15.82,20.8,15.819999999999943,-1.365760487447201
31/5/1999,97.84,31.55,51.25,193.25,2.24,0.41,56.98,37.74,63.28,21.42,79.09999999999994,-1.1699894038859437
30/6/1999,97.95,29.76,59.44,187.06,2.3,0.42,57.73,37.29,84.38,21.21,163.47999999999993,-0.9089406676201588
31/7/1999,98.09,26.67,74.44,227.25,2.02,0.44,75.43,37.32,116.02,17.39,279.49999999999994,-0.5500063895737449
31/8/1999,98.1,25.12,84.12,232.88,1.95,0.49,81.95,37.48,237.3,15.65,516.8,0.18413517378096952
30/9/1999,98.01,25.62,82.62,202.12,1.25,0.57,69.73,36.77,205.66,18.05,722.4599999999999,0.8203911953550552
31/10/1999,98.03,26.33,73.12,167.25,1.38,0.59,42.52,34.65,68.55,20.97,775.1899999999999,0.9835234525640485
30/11/1999,97.98,25.76,46.25,73.0,1.69,0.52,21.8,31.86,0.0,20.3,711.91,0.7877523690027914
31/12/1999,98.04,23.12,34.81,57.62,2.27,0.48,11.12,30.26,0.0,18.38,627.53,0.5267036327370064
31/1/2000,97.88,25.83,32.88,63.44,2.41,0.45,28.68,31.25,0.0,18.88,511.50999999999993,0.16776935469059256
29/2/2000,98.1,24.93,20.5,47.44,3.39,0.44,12.52,34.04,0.0,21.15,274.2099999999999,-0.5663722086641219
31/3/2000,97.77,28.95,23.75,55.88,2.65,0.42,30.58,36.66,5.27,22.52,73.81999999999994,-1.1863242857001575
30/4/2000,97.57,32.95,40.88,198.69,2.26,0.41,48.7,37.87,10.55,22.74,15.819999999999943,-1.365760487447201
31/5/2000,97.77,32.7,46.56,197.5,2.58,0.41,52.11,37.72,42.19,22.33,58.00999999999994,-1.2352361193143084
30/6/2000,98.06,27.9,69.94,203.75,2.09,0.43,53.46,37.29,147.66,19.28,205.66999999999993,-0.7784162994872661
31/7/2000,98.05,25.72,80.0,218.38,1.83,0.49,73.22,37.33,221.48,17.52,427.1499999999999,-0.09321750702286602
31/8/2000,98.15,25.65,80.94,202.75,1.62,0.53,75.06,37.49,179.3,16.85,606.4499999999999,0.4614878545848049
30/9/2000,98.02,25.8,81.38,186.56,1.55,0.55,60.79,36.73,163.48,18.95,764.66,0.9509465007641112
31/10/2000,98.05,26.51,71.56,162.81,1.63,0.55,44.83,34.6,63.28,20.83,817.3899999999999,1.1140787579731042
30/11/2000,97.95,26.23,46.62,106.31,1.9,0.5,24.65,31.81,0.0,20.21,775.1999999999999,0.9835543898402118
31/12/2000,98.14,23.39,35.94,73.06,1.97,0.47,27.43,30.26,0.0,17.87,627.54,0.5267345700131696
31/1/2001,98.14,22.94,28.5,70.5,2.2,0.45,34.43,31.32,0.0,20.12,406.05999999999995,-0.15846422245123057
28/2/2001,98.0,25.2,19.88,57.75,2.66,0.42,44.82,34.08,0.0,19.96,226.75999999999993,-0.7131695840589015
31/3/2001,97.78,30.65,24.56,96.5,2.05,0.41,56.71,36.65,0.0,21.68,63.279999999999944,-1.218932174776258
30/4/2001,97.7,32.37,45.06,205.94,2.84,0.41,67.25,37.86,0.0,21.54,0.0,-1.414703258337515
31/5/2001,97.87,30.73,58.25,213.38,2.79,0.41,75.75,37.74,58.01,20.92,58.00999999999994,-1.2352361193143084
30/6/2001,98.05,29.22,61.31,209.25,2.53,0.41,73.78,37.3,79.1,19.84,137.10999999999993,-0.990522264862737
31/7/2001,98.12,26.63,76.19,220.12,1.88,0.45,74.77,37.33,205.66,18.7,342.7699999999999,-0.3542662432886511
31/8/2001,98.23,25.66,83.31,230.56,1.6,0.53,80.05,37.47,274.22,16.35,616.99,0.4940957436609058
30/9/2001,98.09,25.62,82.5,198.31,1.5,0.6,67.0,36.73,158.2,19.31,775.1899999999999,0.9835234525640485
31/10/2001,98.07,26.23,67.12,135.44,1.55,0.57,40.7,34.61,10.55,20.49,785.7399999999999,1.0161622789163123
30/11/2001,98.05,25.9,44.5,102.56,1.72,0.52,17.47,31.83,0.0,21.3,727.7299999999999,0.8366951398931055
31/12/2001,98.03,25.26,34.88,78.06,2.02,0.48,22.48,30.27,0.0,20.91,648.6299999999999,0.5919812854415339
31/1/2002,98.17,23.33,25.81,57.31,2.93,0.45,40.86,31.31,0.0,18.59,442.96999999999997,-0.04427473613255157
28/2/2002,98.0,26.44,18.0,49.12,2.55,0.43,30.12,34.06,0.0,21.47,168.74999999999994,-0.8926367230821083
31/3/2002,97.74,31.3,32.75,130.38,2.13,0.42,49.24,36.65,10.55,21.07,21.099999999999945,-1.3494256056329872
30/4/2002,97.55,33.74,42.19,212.31,2.79,0.41,78.49,37.87,0.0,21.18,10.549999999999944,-1.3820644319852513
31/5/2002,97.86,30.35,61.44,204.75,2.41,0.42,63.89,37.74,89.65,22.27,100.19999999999995,-1.1047117511814157
30/6/2002,98.07,29.15,63.12,209.75,2.45,0.41,59.09,37.31,58.01,20.45,158.20999999999995,-0.9252446121582091
31/7/2002,98.18,26.84,77.56,216.19,1.74,0.45,69.7,37.32,210.94,19.18,369.15,-0.2726537087699094
31/8/2002,98.16,25.76,82.88,202.19,1.52,0.53,71.46,37.46,258.4,19.66,627.55,0.5267655072893329
30/9/2002,98.14,26.02,82.56,198.12,1.37,0.59,62.76,36.74,168.75,20.95,785.75,1.016193216192476
31/10/2002,98.03,26.13,71.62,155.25,1.55,0.57,65.37,34.62,36.91,19.0,822.66,1.1303827025111548
30/11/2002,98.09,26.18,46.69,106.31,1.71,0.52,40.88,31.85,0.0,20.15,733.0099999999999,0.8530300217073191
31/12/2002,98.22,23.91,35.75,67.44,2.3,0.48,40.25,30.27,0.0,20.15,674.9999999999999,0.6735628826841122
31/1/2003,98.16,24.51,30.69,61.06,1.96,0.45,33.05,31.28,0.0,20.18,464.05999999999995,0.02097197929581299
28/2/2003,97.9,29.3,24.5,69.88,2.26,0.43,44.25,34.02,0.0,21.33,205.66,-0.7784472367634292
31/3/2003,97.84,30.02,24.31,64.12,2.46,0.42,51.46,36.61,15.82,21.45,52.73,-1.2515710011285217
30/4/2003,97.76,31.64,51.06,201.06,2.71,0.41,61.55,37.85,26.37,22.05,42.19,-1.2841788902046225
31/5/2003,97.89,31.02,55.81,204.38,2.48,0.41,60.43,37.73,110.74,22.76,152.93,-0.9415794939724224
30/6/2003,98.06,26.9,78.06,214.25,1.82,0.46,66.73,37.29,152.93,19.98,305.86,-0.46845572960732973
31/7/2003,98.16,26.0,81.06,227.12,1.66,0.5,74.35,37.32,163.48,19.25,469.34000000000003,0.03730686111002688
31/8/2003,98.14,25.47,85.25,226.56,1.55,0.6,81.93,37.47,363.87,17.09,833.21,1.163021528863419
30/9/2003,98.16,25.72,83.06,184.12,1.33,0.66,69.43,36.75,131.84,19.2,949.23,1.5219558069098327
31/10/2003,97.96,26.83,77.44,165.38,1.45,0.64,50.47,34.62,47.46,21.39,970.3199999999999,1.587202522338197
30/11/2003,97.97,25.98,56.44,99.12,1.6,0.56,44.15,31.86,0.0,20.38,859.58,1.2446031261059973
31/12/2003,98.1,23.75,40.44,63.94,2.05,0.51,29.8,30.26,0.0,19.92,706.65,0.7714793617409044
31/1/2004,97.98,25.05,35.06,56.75,2.27,0.48,30.35,31.25,0.0,20.04,543.17,0.2657167710235478
29/2/2004,98.01,26.49,26.75,68.06,2.5,0.45,34.63,34.03,0.0,19.37,179.3,-0.8599978967298442
31/3/2004,97.86,29.12,24.75,62.62,2.58,0.43,46.7,36.65,0.0,19.57,47.46,-1.267874945666572
30/4/2004,97.73,32.39,49.31,232.75,2.77,0.42,60.67,37.86,10.55,21.37,10.55,-1.382064431985251
31/5/2004,97.96,29.2,69.31,208.25,2.46,0.43,68.89,37.71,126.56,21.05,137.11,-0.9905222648627366
30/6/2004,98.2,27.06,77.62,217.5,1.88,0.47,58.17,37.28,147.66,20.96,284.77,-0.5337024450356945
31/7/2004,98.13,25.78,81.31,222.69,1.56,0.5,70.79,37.31,174.02,18.89,458.78999999999996,0.004668034757762708
31/8/2004,98.18,25.65,83.56,226.44,1.6,0.55,72.78,37.45,158.2,18.04,616.99,0.4940957436609058
30/9/2004,98.1,25.84,83.25,210.69,1.3,0.58,59.34,36.71,163.48,20.53,780.47,0.9998583343782624
31/10/2004,98.0,27.26,71.0,197.38,1.48,0.56,38.74,34.57,10.55,22.14,780.47,0.9998583343782624
30/11/2004,97.95,26.83,51.25,114.44,1.66,0.51,29.39,31.8,0.0,20.15,653.91,0.6083161672557479
31/12/2004,97.95,25.6,30.25,68.12,1.82,0.48,17.48,30.25,0.0,20.59,506.25,0.1514963474287057
31/1/2005,98.08,23.48,27.06,47.0,2.68,0.45,31.87,31.29,0.0,18.14,332.23,-0.3868741323647515
28/2/2005,97.76,30.32,25.81,40.81,2.56,0.43,35.63,34.05,0.0,19.78,174.03,-0.8763018412678946
31/3/2005,97.76,32.31,37.5,160.81,2.21,0.42,49.65,36.63,10.55,20.11,21.1,-1.349425605632987
30/4/2005,97.7,33.19,43.06,221.38,2.53,0.41,56.79,37.85,0.0,21.67,10.55,-1.382064431985251
31/5/2005,97.89,30.43,59.12,203.25,2.21,0.41,59.76,37.71,63.28,21.56,73.83,-1.186293348423994
30/6/2005,98.03,27.69,74.5,220.25,1.98,0.44,56.48,37.28,168.75,20.52,242.57999999999998,-0.664226813168587
31/7/2005,98.18,26.03,82.69,229.19,1.71,0.5,75.63,37.31,274.22,19.29,516.8,0.18413517378096952
31/8/2005,98.11,25.73,84.94,235.75,1.66,0.6,73.23,37.45,263.67,18.34,780.47,0.9998583343782624
30/9/2005,98.09,26.41,82.5,194.69,1.27,0.66,57.5,36.71,184.57,20.83,954.49,1.5382288141717195
31/10/2005,98.06,26.39,74.31,176.88,1.34,0.65,42.41,34.59,36.91,21.3,991.4000000000001,1.6524183004903987
30/11/2005,97.97,25.4,48.31,66.88,1.48,0.57,24.99,31.81,0.0,20.42,928.12,1.4566472169291413
31/12/2005,97.91,24.96,37.44,47.38,1.98,0.52,16.49,30.24,0.0,21.1,759.3700000000001,0.9345806816737348
31/1/2006,97.84,26.82,32.88,46.94,1.88,0.48,27.67,31.28,0.0,20.16,485.15,0.08621869472417772
28/2/2006,97.77,29.44,25.88,20.94,2.3,0.45,33.04,34.03,0.0,21.61,221.48,-0.7295044658731149
31/3/2006,97.79,31.08,27.38,93.62,1.93,0.43,46.27,36.61,0.0,21.32,36.91,-1.3005137720188362
30/4/2006,97.67,31.9,34.38,190.62,2.2,0.42,48.91,37.84,15.82,22.2,15.82,-1.3657604874472007
31/5/2006,97.93,29.92,62.06,212.06,2.37,0.42,68.33,37.72,63.28,20.65,79.1,-1.1699894038859435
30/6/2006,98.03,28.73,67.06,217.31,2.13,0.43,54.99,37.29,58.01,20.0,137.11,-0.9905222648627366
31/7/2006,98.12,27.31,75.5,223.56,1.84,0.45,63.91,37.31,221.48,19.82,358.59,-0.3053234723983366
31/8/2006,98.08,25.48,85.94,227.88,1.38,0.55,73.63,37.45,274.22,17.56,632.81,0.5430385145512199
30/9/2006,98.12,25.57,84.62,205.94,1.34,0.63,68.29,36.72,189.84,17.97,822.65,1.1303517652349915
31/10/2006,97.98,26.91,78.0,196.12,1.27,0.63,46.77,34.6,73.83,21.91,880.66,1.3098189042581982
30/11/2006,98.04,24.56,48.81,67.31,1.67,0.57,20.4,31.83,0.0,20.96,817.38,1.1140478206969413
31/12/2006,98.19,21.91,39.38,57.25,2.05,0.52,16.47,30.24,0.0,19.24,759.37,0.9345806816737344
31/1/2007,98.22,21.42,33.06,56.44,2.61,0.48,16.88,31.26,0.0,18.1,537.8900000000001,0.2493818892093346
28/2/2007,97.96,26.66,24.56,52.12,2.3,0.45,23.66,34.0,0.0,21.47,263.67,-0.5989800977402223
31/3/2007,97.77,29.91,25.44,76.56,2.45,0.43,48.16,36.6,0.0,21.04,73.83,-1.186293348423994
30/4/2007,97.7,31.52,54.88,227.56,2.7,0.42,67.84,37.84,36.91,20.38,36.91,-1.3005137720188362
31/5/2007,97.86,29.69,67.06,211.38,2.29,0.43,64.62,37.72,84.38,20.46,121.28999999999999,-1.039465035753051
30/6/2007,98.05,27.03,77.69,214.38,2.2,0.48,48.16,37.28,152.93,21.25,274.22,-0.5663412713879583
31/7/2007,98.1,26.38,78.56,228.88,1.93,0.48,67.03,37.3,184.57,18.55,458.78999999999996,0.004668034757762708
31/8/2007,98.04,25.12,86.44,239.06,1.66,0.6,77.32,37.45,421.88,19.36,880.67,1.3098498415343616
30/9/2007,98.12,25.89,83.69,193.56,1.33,0.73,60.84,36.73,137.11,20.07,1017.78,1.73403083500914
31/10/2007,97.99,26.45,78.62,186.5,1.27,0.67,38.77,34.62,5.27,21.51,986.14,1.6361452932285114
30/11/2007,97.94,25.68,59.5,90.81,1.39,0.6,23.2,31.85,0.0,20.13,901.76,1.3750965569627263
31/12/2007,98.04,23.66,47.25,67.12,1.77,0.54,25.52,30.25,0.0,18.94,748.8299999999999,0.9019727925976335
31/1/2008,98.12,21.48,35.5,42.75,2.85,0.5,20.16,31.24,0.0,20.18,564.26,0.33096348645191254
29/2/2008,98.08,24.51,28.5,63.25,2.81,0.47,15.53,34.02,0.0,19.98,142.38000000000002,-0.9742183203246864
31/3/2008,97.7,30.45,31.75,78.0,2.05,0.44,43.3,36.64,0.0,22.46,5.27,-1.3983993137994648
30/4/2008,97.65,31.69,39.06,159.88,2.29,0.43,54.6,37.85,21.09,21.61,21.09,-1.3494565429091505
31/5/2008,97.8,31.15,53.25,200.06,2.45,0.42,70.61,37.7,15.82,21.16,36.91,-1.3005137720188362
30/6/2008,97.99,29.13,64.56,200.62,2.28,0.42,61.66,37.27,121.29,21.76,158.2,-0.9252755494343721
31/7/2008,98.13,26.15,79.06,222.62,1.85,0.47,71.84,37.3,158.2,18.32,316.4,-0.4358478405312292
31/8/2008,98.02,25.41,83.31,217.38,1.62,0.51,80.95,37.44,263.67,18.14,580.0699999999999,0.37987532006606334
30/9/2008,98.09,25.69,84.5,192.31,1.25,0.6,72.07,36.69,205.66,18.85,785.73,1.0161313416401494
31/10/2008,98.04,26.43,72.81,135.44,1.38,0.6,38.38,34.55,36.91,20.75,801.55,1.0650741125304635
30/11/2008,97.99,25.93,46.81,82.31,1.67,0.54,23.4,31.79,0.0,21.21,785.73,1.0161313416401494
31/12/2008,97.97,25.38,41.75,73.25,2.02,0.49,19.37,30.24,0.0,20.21,664.4399999999999,0.6408931190556852
31/1/2009,97.98,26.16,33.5,45.81,1.92,0.46,39.11,31.3,0.0,19.82,506.24,0.15146541015254245
28/2/2009,97.8,28.99,31.75,101.56,1.98,0.44,45.51,34.05,0.0,19.6,242.57,-0.6642577504447503
31/3/2009,97.7,31.01,30.19,114.38,2.27,0.42,56.9,36.63,0.0,20.43,36.91,-1.3005137720188362
30/4/2009,97.76,32.16,47.81,223.69,2.71,0.41,61.0,37.84,0.0,22.81,0.0,-1.414703258337515
31/5/2009,97.84,30.63,58.19,195.56,2.47,0.41,63.74,37.71,21.09,21.42,21.09,-1.3494565429091505
30/6/2009,98.05,28.85,67.31,203.0,2.23,0.42,65.16,37.28,152.93,20.27,174.02,-0.8763327785440578
31/7/2009,98.14,26.42,80.0,224.94,1.8,0.47,69.59,37.31,179.3,19.74,353.32000000000005,-0.32162741693638675
31/8/2009,98.09,25.55,85.44,209.75,1.34,0.55,76.38,37.45,305.86,17.96,659.1800000000001,0.6246201117937985
30/9/2009,98.16,25.86,84.75,192.81,1.27,0.65,66.25,36.71,163.48,19.14,822.6600000000001,1.1303827025111552
31/10/2009,97.99,26.33,81.5,199.88,1.52,0.63,51.1,34.57,94.92,20.69,917.58,1.4240393278530408
30/11/2009,98.03,24.83,61.5,83.5,1.64,0.59,26.73,31.8,0.0,20.32,896.49,1.358792612424676
31/12/2009,98.09,24.3,42.44,74.88,1.79,0.53,13.45,30.24,0.0,21.15,743.5600000000001,0.8856688480595836
31/1/2010,98.06,24.72,31.25,48.75,2.0,0.48,17.47,31.28,0.0,22.11,564.26,0.33096348645191254
28/2/2010,97.87,29.16,31.31,67.19,2.0,0.45,18.63,34.03,0.0,22.54,258.4,-0.6152840422782727
31/3/2010,97.89,30.52,30.38,126.31,2.52,0.44,45.33,36.62,0.0,19.96,94.92,-1.1210466329956292
30/4/2010,97.75,32.16,47.75,209.81,2.47,0.42,68.71,37.85,5.27,20.1,5.27,-1.3983993137994648
31/5/2010,97.88,29.35,70.56,214.62,2.35,0.45,69.27,37.72,116.02,20.62,121.28999999999999,-1.039465035753051
30/6/2010,98.11,27.47,77.75,213.06,1.99,0.48,63.04,37.29,184.57,20.22,305.86,-0.46845572960732973
31/7/2010,98.1,25.82,82.44,226.44,1.98,0.51,74.59,37.31,163.48,18.15,469.34,0.0373068611100267
31/8/2010,98.09,25.43,86.25,228.94,1.56,0.59,80.8,37.45,311.13,17.16,780.47,0.9998583343782624
30/9/2010,98.05,25.33,85.88,200.25,1.37,0.68,72.04,36.72,189.84,19.36,970.31,1.5871715850620338
31/10/2010,97.98,26.1,83.31,204.12,1.41,0.7,56.3,34.6,110.74,20.05,1075.78,1.9134670367561835
30/11/2010,97.9,26.09,66.69,132.0,1.26,0.66,30.8,31.83,0.0,20.17,959.76,1.55453275870977
31/12/2010,97.96,23.33,46.31,72.44,1.65,0.58,10.55,30.25,0.0,20.98,775.1899999999999,0.9835234525640485
31/1/2011,97.96,22.62,42.12,74.88,2.2,0.54,14.34,31.26,0.0,20.33,611.71,0.47776086184669225
28/2/2011,97.82,28.03,45.81,113.5,2.17,0.49,44.73,34.01,0.0,19.51,300.58,-0.48479061142154345
31/3/2011,97.72,30.4,44.25,143.5,2.02,0.46,53.75,36.61,0.0,22.5,110.74,-1.072103862105315
30/4/2011,97.68,31.41,43.19,198.0,2.39,0.44,64.44,37.86,0.0,22.12,0.0,-1.414703258337515
31/5/2011,97.86,29.85,64.19,210.0,2.42,0.44,72.98,37.74,73.83,21.07,73.83,-1.186293348423994
30/6/2011,98.03,28.36,69.31,210.62,2.21,0.45,62.23,37.3,47.46,19.98,121.28999999999999,-1.039465035753051
31/7/2011,98.07,26.87,76.44,210.19,1.76,0.45,61.09,37.31,189.84,19.86,311.13,-0.45215178506927944
31/8/2011,98.11,25.43,84.0,217.12,1.52,0.53,78.59,37.46,268.95,18.09,580.0799999999999,0.3799062573422266
30/9/2011,98.14,25.94,81.44,187.44,1.4,0.58,68.53,36.74,147.66,19.17,727.74,0.8367260771692692
31/10/2011,97.92,26.8,74.06,156.44,1.42,0.56,42.81,34.63,42.19,20.91,769.93,0.9672504453021615
30/11/2011,97.99,26.03,42.81,107.62,1.62,0.51,16.77,31.86,0.0,22.26,696.0999999999999,0.7388405353886403
31/12/2011,98.13,23.13,33.19,63.25,2.13,0.47,15.86,30.26,0.0,20.07,648.64,0.5920122227176976
31/1/2012,98.08,24.64,29.56,51.5,2.28,0.45,13.44,31.26,0.0,20.4,458.79999999999995,0.004698972033925964
29/2/2012,97.79,28.67,28.38,70.38,2.12,0.43,28.67,34.05,5.27,19.86,195.12,-0.8110551258395299
31/3/2012,97.87,29.94,24.62,93.19,2.45,0.41,43.26,36.67,0.0,21.2,47.459999999999994,-1.267874945666572
30/4/2012,97.74,31.54,50.75,218.25,2.93,0.41,66.59,37.87,10.55,21.6,15.82,-1.3657604874472007
31/5/2012,97.96,28.87,67.88,209.44,2.44,0.42,68.95,37.72,100.2,20.02,116.02000000000001,-1.0557689802911014
30/6/2012,98.12,27.33,74.31,219.44,1.87,0.45,58.91,37.29,147.66,19.65,263.67999999999995,-0.5989491604640592
31/7/2012,98.11,25.68,82.94,229.69,1.58,0.51,73.5,37.32,221.48,17.49,485.15999999999997,0.08624963200034097
31/8/2012,98.16,25.2,84.94,229.44,1.53,0.59,73.99,37.47,290.04,17.23,769.9300000000001,0.9672504453021619
30/9/2012,98.17,25.44,84.81,227.12,1.48,0.67,68.4,36.72,163.48,20.29,933.41,1.4730130360195182
31/10/2012,98.0,26.65,79.38,172.81,1.33,0.65,49.8,34.57,31.64,21.22,954.4999999999999,1.5382597514478826
30/11/2012,97.98,26.52,60.25,123.19,1.54,0.58,23.71,31.8,0.0,21.04,854.3,1.2282682442917834
31/12/2012,98.07,23.7,47.81,82.12,2.02,0.52,20.77,30.26,0.0,20.34,706.6399999999999,0.7714484244647408
31/1/2013,98.1,25.3,41.38,63.44,2.18,0.48,20.68,31.31,0.0,20.18,485.16,0.08624963200034115
28/2/2013,97.88,27.91,36.81,94.25,2.18,0.45,31.9,34.07,0.0,20.92,195.11999999999995,-0.81105512583953
31/3/2013,97.75,32.55,44.94,194.75,2.45,0.44,53.86,36.65,0.0,21.26,31.639999999999944,-1.3168177165568866
30/4/2013,97.84,31.44,53.56,206.81,2.48,0.42,62.96,37.86,15.82,21.68,15.819999999999943,-1.365760487447201
31/5/2013,97.95,30.34,60.56,205.5,2.37,0.42,60.78,37.73,58.01,21.98,73.82999999999994,-1.1862933484239941
30/6/2013,98.06,28.08,70.75,208.94,2.16,0.43,56.57,37.3,137.11,20.32,210.93999999999994,-0.7621123549492157
31/7/2013,98.17,26.3,78.62,223.25,1.59,0.48,64.27,37.33,110.74,19.96,321.67999999999995,-0.41951295871701566
31/8/2013,98.09,25.37,83.31,231.88,1.53,0.51,76.01,37.47,216.21,17.69,537.8899999999999,0.2493818892093339
30/9/2013,98.13,26.13,80.94,196.62,1.2,0.53,57.86,36.72,89.65,19.68,627.54,0.5267345700131696
31/10/2013,98.05,27.66,62.5,133.06,1.46,0.52,35.85,34.58,26.37,21.58,638.0899999999999,0.5593733963654335
30/11/2013,97.88,28.42,38.69,83.0,1.66,0.47,24.11,31.81,0.0,21.16,580.0799999999999,0.3799062573422266
31/12/2013,98.06,26.07,28.62,54.81,2.19,0.45,20.76,30.25,0.0,19.82,442.9699999999999,-0.04427473613255174
31/1/2014,98.02,26.47,24.75,61.88,2.3,0.43,28.41,31.29,0.0,19.92,332.2299999999999,-0.3868741323647518
28/2/2014,97.9,28.49,18.06,51.25,2.88,0.41,21.54,34.03,0.0,21.61,116.01999999999995,-1.0557689802911014
31/3/2014,97.79,31.44,30.06,259.94,2.23,0.41,52.4,36.64,0.0,22.56,26.369999999999944,-1.333121661094937
30/4/2014,97.81,31.88,50.12,202.62,2.54,0.41,67.38,37.86,58.01,21.25,58.00999999999994,-1.2352361193143084
31/5/2014,97.89,29.98,62.56,191.56,2.29,0.42,64.66,37.73,73.83,20.97,131.83999999999995,-1.0068262094007874
30/6/2014,98.04,29.57,63.56,199.81,2.2,0.42,58.38,37.3,79.1,20.23,210.93999999999994,-0.7621123549492157
31/7/2014,98.21,27.97,69.44,213.81,1.89,0.43,60.8,37.32,94.92,20.01,305.8599999999999,-0.4684557296073301
31/8/2014,98.16,25.62,83.38,224.75,1.65,0.48,69.34,37.47,263.67,18.12,569.53,0.3472674309899628
30/9/2014,98.15,25.46,84.0,192.69,1.37,0.58,61.01,36.73,221.48,19.02,791.01,1.032466223454363
31/10/2014,98.06,26.86,73.0,153.56,1.54,0.57,41.28,34.6,15.82,21.59,748.8199999999999,0.9019418553214703
30/11/2014,98.02,27.19,49.5,123.06,1.76,0.51,23.79,31.84,0.0,21.02,674.9899999999999,0.673531945407949
31/12/2014,98.15,25.04,32.5,65.94,2.02,0.48,11.23,30.26,0.0,19.99,595.8899999999999,0.42881809095637746
31/1/2015,98.26,23.19,25.56,57.12,2.59,0.45,14.25,31.28,0.0,19.35,500.96999999999997,0.135161465614492
28/2/2015,97.91,29.3,26.25,53.81,2.29,0.43,29.82,34.04,0.0,21.91,237.29999999999993,-0.6805616949828008
31/3/2015,97.84,30.57,31.31,71.31,2.39,0.41,50.05,36.63,10.55,20.27,26.369999999999944,-1.333121661094937
30/4/2015,97.91,31.44,31.12,117.62,2.3,0.41,39.23,37.87,0.0,22.02,10.549999999999944,-1.3820644319852513
31/5/2015,97.91,31.51,53.5,208.06,2.58,0.41,58.53,37.75,42.19,21.31,52.73999999999994,-1.2515400638523586
30/6/2015,98.09,30.15,58.94,204.0,2.63,0.41,50.58,37.3,26.37,21.18,79.10999999999994,-1.1699584666097804
31/7/2015,98.14,27.65,73.06,213.44,1.84,0.42,61.96,37.33,163.48,19.19,242.58999999999992,-0.6641958758924239
31/8/2015,98.13,25.65,85.62,211.06,1.45,0.51,79.16,37.46,290.04,17.59,532.63,0.23310888194744722
30/9/2015,98.12,26.2,84.06,177.19,1.3,0.64,58.43,36.74,290.04,19.58,812.1200000000001,1.0977748134350547
31/10/2015,98.07,27.5,76.69,195.12,1.27,0.63,45.77,34.63,52.73,20.79,864.85,1.2609070706440475
30/11/2015,98.1,25.6,52.31,77.88,1.73,0.56,15.98,31.86,0.0,21.02,822.66,1.1303827025111548
31/12/2015,98.43,20.73,41.0,58.81,2.78,0.51,19.83,30.26,0.0,17.49,796.29,1.0488011052685766
31/1/2016,98.29,22.4,30.5,57.31,2.84,0.48,27.7,31.26,0.0,18.77,632.81,0.5430385145512199
29/2/2016,98.06,26.25,23.44,57.0,2.46,0.45,15.73,34.05,0.0,19.79,342.77000000000004,-0.35426624328865075
31/3/2016,97.87,32.48,33.81,289.31,1.93,0.43,59.93,36.67,5.27,20.5,58.0,-1.2352670565904715
30/4/2016,97.78,32.92,50.38,209.0,2.63,0.42,53.52,37.86,31.64,22.18,36.91,-1.3005137720188362
31/5/2016,97.98,31.7,56.12,208.94,2.83,0.42,57.54,37.72,42.19,21.64,79.1,-1.1699894038859435
30/6/2016,98.17,28.79,66.38,209.25,2.22,0.42,63.2,37.29,94.92,18.3,174.01999999999998,-0.8763327785440578
31/7/2016,98.14,26.5,79.31,211.56,1.7,0.45,68.58,37.32,163.48,18.91,337.5,-0.3705701878267012
31/8/2016,98.15,25.97,82.44,216.25,1.38,0.52,73.43,37.45,205.66,17.32,543.16,0.2656858337473845
30/9/2016,98.17,25.84,83.69,196.12,1.22,0.59,63.52,36.7,210.94,19.25,748.83,0.9019727925976339
31/10/2016,97.99,27.21,70.06,148.75,1.48,0.59,28.27,34.56,26.37,21.32,743.5600000000001,0.8856688480595836
30/11/2016,98.0,27.08,50.5,94.31,1.71,0.52,30.34,31.79,0.0,20.16,701.37,0.7551444799266909
31/12/2016,98.05,25.97,40.25,83.31,2.1,0.48,22.16,30.24,0.0,19.63,606.45,0.46148785458480523
31/1/2017,98.03,26.3,29.06,55.88,2.23,0.45,19.74,31.29,0.0,20.41,442.96999999999997,-0.04427473613255157
28/2/2017,98.01,27.05,18.62,68.44,2.82,0.43,20.24,34.06,0.0,21.43,237.31,-0.6805307577066373
31/3/2017,97.79,31.12,22.94,87.69,2.19,0.42,28.86,36.64,0.0,24.38,26.37,-1.3331216610949368
30/4/2017,97.76,32.51,44.25,198.31,2.53,0.41,54.88,37.85,42.19,21.46,42.19,-1.2841788902046225
31/5/2017,97.95,29.54,66.12,206.0,2.41,0.43,65.62,37.72,94.92,20.37,137.11,-0.9905222648627366
30/6/2017,98.07,27.56,76.19,208.69,1.87,0.46,60.1,37.29,189.84,19.73,326.95,-0.4032090141789652
31/7/2017,98.21,26.2,82.38,221.19,1.57,0.54,64.25,37.31,263.67,19.85,590.62,0.4125141464183275
31/8/2017,98.12,25.55,85.31,217.31,1.57,0.66,74.45,37.45,363.87,17.27,954.49,1.5382288141717195
30/9/2017,98.13,26.01,84.25,208.19,1.24,0.76,58.61,36.7,184.57,19.85,1139.06,2.109238120317441
31/10/2017,98.07,25.87,71.31,131.69,1.24,0.74,34.7,34.58,31.64,22.22,1128.51,2.076599293965177
30/11/2017,98.04,24.51,57.94,89.25,1.48,0.66,30.59,31.8,0.0,20.8,1033.5900000000001,1.7829426686232914
31/12/2017,98.09,23.33,53.5,65.12,1.86,0.59,29.44,30.24,0.0,17.9,843.75,1.1956294179395195
31/1/2018,98.17,21.26,39.94,69.88,2.25,0.54,23.0,31.28,0.0,19.26,580.08,0.379906257342227
28/2/2018,97.83,27.65,39.25,72.38,2.0,0.5,32.66,34.03,0.0,20.85,216.20999999999998,-0.7458084104111653
31/3/2018,97.82,30.46,42.75,151.31,2.18,0.47,53.57,36.62,10.55,22.49,42.19,-1.2841788902046225
30/4/2018,97.76,31.82,50.0,207.88,2.54,0.45,61.12,37.85,5.27,22.36,15.82,-1.3657604874472007
31/5/2018,97.9,30.23,62.75,216.44,2.59,0.44,77.95,37.72,68.55,21.65,84.37,-1.1536854593478931
30/6/2018,98.11,26.95,80.5,216.19,1.97,0.49,66.3,37.29,253.12,19.46,337.49,-0.37060112510286447
31/7/2018,98.18,25.86,83.75,208.25,1.56,0.6,70.67,37.31,326.95,19.21,664.44,0.6408931190556856
31/8/2018,98.17,25.25,86.06,228.44,1.6,0.7,80.3,37.45,284.77,17.16,949.21,1.521893932357506
30/9/2018,98.04,25.77,85.56,177.56,1.23,0.78,63.93,36.71,195.12,18.64,1133.78,2.092903238503227
31/10/2018,98.03,26.37,80.06,185.69,1.18,0.79,54.7,34.59,73.83,21.4,1202.3400000000001,2.3050092038786985
30/11/2018,98.02,24.83,62.06,84.06,1.42,0.72,34.63,31.82,0.0,21.47,1133.79,2.0929341757793902
31/12/2018,98.23,21.49,56.56,63.5,2.04,0.64,15.38,30.25,0.0,20.0,880.67,1.3098498415343616
31/1/2019,98.15,23.37,42.69,60.69,1.85,0.58,18.3,31.27,0.0,21.4,553.72,0.29835559737581197
28/2/2019,98.05,25.55,36.94,69.88,2.14,0.52,26.17,34.01,0.0,21.93,268.95,-0.5826452159260087
31/3/2019,97.9,30.16,39.81,104.31,1.91,0.48,58.05,36.61,0.0,21.96,73.83,-1.186293348423994
30/4/2019,97.78,31.75,49.5,216.19,2.3,0.46,79.27,37.84,26.37,22.1,26.37,-1.3331216610949368
31/5/2019,97.91,28.59,71.94,218.0,2.16,0.47,80.64,37.72,126.56,20.85,152.93,-0.9415794939724224
30/6/2019,98.13,27.69,76.56,212.12,2.02,0.49,62.41,37.29,131.84,21.38,284.77,-0.5337024450356945
31/7/2019,98.13,26.3,81.81,221.31,1.63,0.53,73.74,37.3,179.3,18.66,464.07000000000005,0.021002916571976595
31/8/2019,98.21,25.26,85.44,225.81,1.71,0.59,74.99,37.45,295.31,17.91,759.38,0.9346116189498977
30/9/2019,98.13,26.01,85.19,181.56,1.26,0.69,68.2,36.72,210.94,19.59,970.3199999999999,1.587202522338197
31/10/2019,97.99,25.8,85.38,154.81,1.27,0.73,69.9,34.61,131.84,18.79,1075.79,1.9134979740323468
30/11/2019,97.97,26.05,63.56,82.69,1.31,0.68,26.91,31.84,0.0,21.95,949.23,1.5219558069098327
31/12/2019,98.14,21.47,53.81,66.0,1.98,0.61,16.07,30.25,0.0,21.34,817.39,1.1140787579731044
31/1/2020,98.23,21.94,46.44,64.75,2.5,0.55,21.05,31.25,0.0,19.72,638.0899999999999,0.5593733963654335
29/2/2020,98.12,24.27,34.19,63.94,2.7,0.51,13.88,34.04,0.0,21.34,342.78,-0.35423530601248765
31/3/2020,97.85,30.46,46.06,171.44,2.11,0.48,60.8,36.66,21.09,22.38,152.93,-0.9415794939724224
30/4/2020,97.9,30.48,58.75,200.25,2.66,0.46,64.66,37.86,47.46,22.24,68.55,-1.2026282302382074
31/5/2020,98.01,30.06,63.5,201.0,2.59,0.45,67.6,37.72,79.1,22.16,147.64999999999998,-0.9579143757866361
30/6/2020,98.09,27.69,75.44,211.75,2.21,0.47,72.26,37.29,100.2,19.95,247.85,-0.6479228686305366
31/7/2020,98.05,26.02,81.38,216.25,1.8,0.51,69.73,37.32,200.39,18.31,448.24,-0.02797079159450111
31/8/2020,98.06,25.48,84.94,230.06,2.13,0.62,76.24,37.45,342.77,17.1,791.01,1.032466223454363
30/9/2020,98.08,25.53,85.25,196.56,1.55,0.73,71.52,36.69,348.05,18.22,1117.97,2.043991404889076
31/10/2020,98.09,25.56,78.69,109.88,1.41,0.76,35.73,34.55,121.29,21.56,1191.8,2.272401314802597
30/11/2020,98.13,23.8,70.31,69.75,1.88,0.69,16.78,31.78,0.0,21.56,1112.7,2.027687460351026
31/12/2020,98.07,23.79,58.38,78.0,1.78,0.62,17.98,30.25,0.0,20.83,1012.5,1.7176959531949265
31/1/2021,98.06,23.09,47.19,67.62,2.3,0.55,12.78,31.31,0.0,22.25,812.11,1.097743876158891
28/2/2021,98.04,24.62,36.19,70.88,2.5,0.51,14.26,34.07,0.0,22.23,469.34000000000003,0.03730686111002688
31/3/2021,97.8,29.49,42.06,116.0,2.52,0.48,54.14,36.65,0.0,21.36,121.29,-1.0394650357530508
30/4/2021,97.75,31.43,44.75,185.38,2.53,0.45,54.44,37.86,8.45,24.48,8.45,-1.3885612599795407
31/5/2021,97.87,32.01,53.31,194.0,2.75,0.43,78.76,37.72,26.87,22.93,35.32,-1.3054327989287982
30/6/2021,98.07,27.73,74.0,202.94,2.14,0.45,71.3,37.29,182.69,20.89,218.01,-0.7402397007017743
31/7/2021,98.18,26.45,79.44,224.31,2.08,0.48,80.2,37.32,170.37,17.95,388.38,-0.2131613267079154
31/8/2021,98.14,25.28,86.62,228.44,1.54,0.59,79.4,37.45,367.28,17.32,755.66,0.9231029522171562
30/9/2021,98.11,25.8,84.38,196.62,1.3,0.7,63.72,36.71,183.22,18.96,938.88,1.4899357260808341
31/10/2021,98.01,26.95,75.81,138.25,1.27,0.67,39.91,34.57,47.26,22.29,977.6899999999999,1.6100032948705367
30/11/2021,97.98,26.04,62.94,96.38,1.41,0.6,30.1,31.81,2.07,22.01,952.8899999999999,1.5332788499855938
31/12/2021,98.11,22.52,54.69,66.0,2.39,0.54,22.56,30.25,0.0,20.07,770.1999999999999,0.9680857517585701
