DATE,PS,T2M,RH2M,WD2M,WS2M,GWETPROF,CLOUD_AMT,TOA_SW_DWN,PRECTOTCORR_SUM,ALLSKY_SFC_SW_DWN,SPI6
31/1/1981,98.77,21.75,32.25,59.06,2.5,0.48,,,0.0,,
28/2/1981,98.56,26.19,22.19,71.06,2.54,0.44,,,0.0,,
31/3/1981,98.44,30.58,27.81,86.5,2.05,0.41,,,5.27,,
30/4/1981,98.33,31.62,41.81,201.12,2.6,0.41,,,31.64,,
31/5/1981,98.5,29.76,63.81,232.19,2.76,0.44,,,63.28,,
30/6/1981,98.65,29.24,66.88,220.25,2.53,0.48,,,226.76,,-0.09241357939774926
31/7/1981,98.71,26.22,80.5,228.06,2.12,0.59,,,226.76,,0.796504415336187
31/8/1981,98.71,25.94,82.75,226.25,1.7,0.62,,,221.48,,1.6647243724435783
30/9/1981,98.72,25.77,83.62,222.06,1.56,0.73,,,205.66,,2.4502697815313073
31/10/1981,98.6,26.53,74.88,204.44,1.38,0.66,,,0.0,,2.3262383590873945
30/11/1981,98.7,23.57,50.94,89.0,1.88,0.55,,,0.0,,2.0781755141995686
31/12/1981,98.7,23.46,35.69,79.81,2.02,0.48,,,0.0,,1.1892575194656325
31/1/1982,98.66,24.12,24.94,41.94,2.52,0.44,,,0.0,,0.3003395247316962
28/2/1982,98.53,26.64,26.62,65.75,2.46,0.42,,,10.55,,-0.526523557951445
31/3/1982,98.41,30.31,29.0,70.38,2.66,0.41,,,5.27,,-1.312068967039174
30/4/1982,98.32,31.87,46.81,234.5,2.85,0.41,,,36.91,,-1.1673787077975548
31/5/1982,98.51,29.34,66.56,229.31,2.74,0.45,,,131.84,,-0.6505549803953582
30/6/1982,98.74,28.13,70.62,218.94,2.34,0.48,,,147.66,,-0.07171554177120486
31/7/1982,98.73,26.79,76.06,223.0,2.16,0.52,,,147.66,,0.5071238968529482
31/8/1982,98.74,25.87,80.62,223.75,1.94,0.53,,,163.48,,1.1066221722748075
30/9/1982,98.69,26.83,77.56,217.31,1.56,0.55,,,110.74,,1.5200733140307974
31/10/1982,98.59,27.23,70.44,220.12,1.66,0.51,,,58.01,,1.6027870628792982
30/11/1982,98.67,24.69,43.5,89.12,1.79,0.47,,,5.27,,1.1066221722748075
31/12/1982,98.7,24.4,28.5,58.12,2.4,0.43,,,0.0,,0.5277827336506545
31/1/1983,98.98,21.69,19.88,60.25,3.54,0.41,,,0.0,,-0.05105670497349879
28/2/1983,98.6,28.43,18.69,68.31,2.76,0.41,,,0.0,,-0.6919118548196087
31/3/1983,98.53,29.6,15.94,66.5,3.19,0.4,,,0.0,,-1.1260218333733045
30/4/1983,98.3,33.31,32.38,151.38,2.18,0.4,,,15.82,,-1.291410130241468
31/5/1983,98.32,32.8,50.56,220.75,2.88,0.41,,,79.1,,-1.0019904109293913
30/6/1983,98.66,27.82,75.69,224.38,2.32,0.52,,,247.85,,-0.03039786817579273
31/7/1983,98.68,27.0,78.88,225.19,2.07,0.56,,,163.48,,0.6104572816703171
31/8/1983,98.81,26.76,76.81,214.56,1.81,0.55,,,116.02,,1.0652652978505572
30/9/1983,98.72,26.55,77.81,202.19,1.69,0.56,,,195.12,,1.8301518701405801
31/10/1983,98.68,26.53,59.75,130.12,1.65,0.53,,,0.0,,1.7681361589186233
30/11/1983,98.74,26.62,41.25,104.06,1.72,0.46,,,0.0,,1.458057602808841
31/12/1983,98.7,25.8,30.62,75.06,1.93,0.43,,,0.0,,0.4864650600552422
31/1/1984,98.68,23.94,20.56,72.75,2.6,0.41,21.95,31.21,0.0,21.63,-0.15439008979086766
29/2/1984,98.46,26.56,17.31,58.12,2.77,0.41,22.53,34.0,0.0,21.28,-0.6091981059711077
31/3/1984,98.27,31.28,28.81,284.88,2.56,0.41,45.55,36.64,0.0,22.73,-1.3740846782611307
30/4/1984,98.25,32.59,41.69,228.62,2.96,0.41,70.05,37.84,26.37,20.35,-1.2707120926149236
31/5/1984,98.38,29.4,65.44,211.81,2.89,0.43,60.76,37.7,116.02,21.53,-0.8159040764346835
30/6/1984,98.58,28.41,68.56,222.25,2.44,0.48,56.95,37.28,105.47,21.41,-0.40245293467869375
31/7/1984,98.6,27.51,70.06,206.75,2.22,0.48,66.33,37.31,110.74,19.72,0.031657043875002136
31/8/1984,98.67,27.23,72.44,209.69,1.98,0.48,67.02,37.46,79.1,19.73,0.34173559998478475
30/9/1984,98.63,26.33,78.94,210.19,1.8,0.5,69.08,36.73,174.02,19.67,1.023908423426307
31/10/1984,98.57,26.81,70.0,193.75,1.69,0.52,58.27,34.59,47.46,20.25,1.1065829714459694
30/11/1984,98.59,26.87,43.69,108.25,1.69,0.46,24.88,31.8,0.0,19.7,0.6517749552657293
31/12/1984,98.62,23.87,29.12,69.0,2.38,0.43,29.76,30.23,0.0,16.84,0.23832381350973966
31/1/1985,98.55,26.19,23.81,52.62,2.46,0.41,35.91,31.27,0.0,19.82,-0.19578616504395602
28/2/1985,98.68,24.89,11.12,64.5,3.13,0.41,25.86,34.03,0.0,22.79,-0.5058647211537388
31/3/1985,98.26,31.07,23.75,87.0,2.44,0.4,63.82,36.62,0.0,22.53,-1.1880375445952611
30/4/1985,98.32,31.71,29.88,141.25,2.26,0.4,61.79,37.84,5.27,22.31,-1.3534258414634246
31/5/1985,98.36,31.92,53.06,228.81,3.3,0.41,66.55,37.7,47.46,23.16,-1.1673787077975548
30/6/1985,98.68,28.63,66.19,214.44,2.69,0.44,56.7,37.27,147.66,19.96,-0.5885392691734017
31/7/1985,98.73,26.0,78.94,211.94,2.04,0.52,69.98,37.3,189.84,18.61,0.15564926549007707
31/8/1985,98.71,25.7,83.12,208.69,1.63,0.59,64.85,37.46,279.49,18.19,1.2512732306875889
30/9/1985,98.64,25.53,84.38,219.06,1.59,0.7,58.99,36.73,184.57,20.45,1.974802928553361
31/10/1985,98.61,25.8,69.81,133.38,1.37,0.64,29.17,34.6,15.82,21.5,2.016159802977612
30/11/1985,98.6,25.46,53.25,103.81,1.61,0.54,22.12,31.82,0.0,20.06,1.830112669311742
31/12/1985,98.68,22.62,34.56,57.5,2.38,0.47,29.5,30.23,0.0,18.26,1.2512732306875889
31/1/1986,98.71,23.46,23.19,58.62,2.32,0.43,18.19,31.25,0.0,20.22,0.5070846960241101
28/2/1986,98.45,28.49,20.62,67.75,2.48,0.41,25.85,34.0,0.0,21.03,-0.5885392691734017
31/3/1986,98.39,30.94,30.81,134.5,2.25,0.41,51.34,36.6,5.27,21.8,-1.291410130241468
30/4/1986,98.23,32.6,48.12,226.94,2.81,0.41,71.03,37.84,21.09,21.7,-1.2707512934437617
31/5/1986,98.44,31.17,54.81,222.81,2.69,0.42,62.62,37.71,73.83,21.22,-0.9813315741316853
30/6/1986,98.56,29.78,61.38,220.06,2.72,0.45,55.61,37.27,116.02,21.31,-0.5265235579514451
31/7/1986,98.79,26.68,76.0,228.25,2.19,0.5,68.32,37.3,200.39,17.84,0.25902185113628384
31/8/1986,98.72,26.12,79.75,219.06,1.68,0.55,68.64,37.45,210.94,18.77,1.0859241346482633
30/9/1986,98.74,26.01,82.44,212.38,1.54,0.65,59.84,36.74,263.67,18.45,2.0988735518261126
31/10/1986,98.69,26.23,71.0,192.94,1.48,0.64,41.52,34.62,79.1,20.3,2.326277559916232
30/11/1986,98.63,24.98,56.06,78.88,1.71,0.57,33.19,31.84,0.0,19.71,2.0368578406041555
31/12/1986,98.86,21.55,38.56,67.5,2.41,0.49,28.8,30.24,0.0,17.41,1.5820498244239154
31/1/1987,98.76,24.56,28.25,72.62,2.34,0.45,9.16,31.23,0.0,21.2,0.796504415336187
28/2/1987,98.58,27.98,17.88,68.38,2.37,0.42,25.97,33.98,0.0,20.97,-0.03039786817579273
31/3/1987,98.39,30.65,25.5,96.25,2.49,0.41,55.39,36.58,0.0,21.89,-1.0640061221513477
30/4/1987,98.42,32.49,20.44,94.5,2.61,0.41,45.55,37.83,5.27,24.44,-1.3534258414634246
31/5/1987,98.28,34.11,38.25,200.81,2.66,0.41,48.28,37.71,5.27,22.61,-1.3327670046657183
30/6/1987,98.65,30.34,60.0,214.81,2.58,0.42,63.86,37.28,94.92,19.86,-0.9606727373339791
31/7/1987,98.57,29.06,66.25,209.75,2.38,0.45,65.58,37.3,105.47,19.45,-0.5472215955779893
31/8/1987,98.61,27.32,76.56,214.81,1.83,0.48,72.37,37.46,158.2,18.01,0.07293551664157615
30/9/1987,98.65,27.68,74.06,206.69,1.81,0.49,61.91,36.76,110.74,20.49,0.5070454951952721
31/10/1987,98.59,28.2,61.12,186.56,1.77,0.48,45.4,34.65,31.64,21.04,0.6104180808414791
30/11/1987,98.63,27.26,33.44,88.38,1.9,0.43,12.71,31.87,0.0,19.74,0.5897592440437728
31/12/1987,98.73,25.88,23.38,66.81,2.45,0.41,22.43,30.25,0.0,16.27,0.21766497671203336
31/1/1988,98.67,26.3,19.5,68.56,2.68,0.41,31.01,31.23,0.0,18.82,-0.19578616504395624
29/2/1988,98.46,27.92,13.94,64.31,2.89,0.4,27.58,34.01,0.0,20.7,-0.8159432772635217
31/3/1988,98.43,31.7,16.62,80.31,2.54,0.4,48.02,36.64,0.0,22.12,-1.2500532558172177
30/4/1988,98.26,33.31,42.12,222.0,2.76,0.4,67.1,37.85,15.82,19.59,-1.312068967039174
31/5/1988,98.38,33.71,44.81,208.25,3.14,0.41,52.02,37.72,10.55,22.95,-1.2707120926149236
30/6/1988,98.59,28.86,68.19,216.19,2.69,0.45,65.12,37.28,158.2,21.25,-0.6505549803953582
31/7/1988,98.68,27.26,74.94,226.81,2.31,0.48,69.41,37.3,179.3,19.46,0.0523158806727082
31/8/1988,98.61,25.94,83.75,232.5,1.82,0.57,73.89,37.46,284.77,18.84,1.1686378834967641
30/9/1988,98.62,26.3,81.75,222.12,1.51,0.65,61.55,36.73,137.11,18.78,1.7061204476966672
31/10/1988,98.57,26.65,66.0,114.06,1.5,0.58,35.24,34.59,0.0,21.73,1.6441047364747103
30/11/1988,98.67,25.71,48.69,100.44,1.84,0.48,25.8,31.81,0.0,19.71,1.60274786205046
31/12/1988,98.66,24.13,32.44,59.25,2.37,0.45,34.11,30.24,0.0,17.53,0.9825907498308949
31/1/1989,98.9,21.87,21.06,69.62,3.23,0.42,13.24,31.29,0.0,20.62,0.2797198887628282
28/2/1989,98.76,25.48,16.38,67.5,3.23,0.41,34.0,34.06,0.0,21.44,-0.8366021140612278
31/3/1989,98.34,29.59,24.81,71.69,2.67,0.41,48.55,36.64,15.82,22.05,-1.312068967039174
30/4/1989,98.21,32.74,34.75,206.94,2.5,0.41,57.28,37.87,10.55,21.97,-1.2707120926149236
31/5/1989,98.44,32.46,48.31,195.44,2.81,0.41,53.73,37.74,47.46,22.62,-1.084664958949054
30/6/1989,98.61,29.84,60.94,203.88,2.71,0.42,72.75,37.29,116.02,19.83,-0.6298569427688138
31/7/1989,98.74,26.55,76.62,218.75,2.13,0.48,72.48,37.33,174.02,16.97,0.0523158806727082
31/8/1989,98.68,25.9,82.31,227.31,1.82,0.56,72.59,37.48,274.22,17.8,1.127281009072514
30/9/1989,98.59,26.23,80.88,214.25,1.59,0.62,60.98,36.74,126.56,19.91,1.5613909876262093
31/10/1989,98.66,26.12,71.38,154.75,1.44,0.61,44.26,34.63,68.55,20.39,1.7887557948874917
30/11/1989,98.63,25.05,51.44,91.06,1.85,0.52,11.16,31.84,0.0,21.18,1.602708661221622
31/12/1989,98.73,23.8,40.25,78.81,2.19,0.46,33.29,30.25,0.0,18.03,1.147900645041382
31/1/1990,98.6,25.94,31.25,78.06,2.44,0.43,29.25,31.28,0.0,18.45,0.4657278215998599
28/2/1990,98.67,26.72,18.62,69.56,2.88,0.41,31.84,34.03,0.0,22.02,-0.6092373067999458
31/3/1990,98.6,29.22,14.0,71.31,3.11,0.41,26.57,36.62,0.0,22.49,-1.1053629965755982
30/4/1990,98.24,33.77,39.62,230.75,2.95,0.41,62.12,37.87,15.82,22.16,-1.312068967039174
31/5/1990,98.46,31.08,58.12,215.25,2.84,0.41,58.2,37.73,79.1,20.77,-1.0019904109293913
30/6/1990,98.62,30.06,61.44,220.69,2.66,0.44,53.61,37.31,89.65,21.2,-0.6505549803953582
31/7/1990,98.68,27.38,72.31,222.38,2.14,0.47,72.29,37.32,147.66,17.32,-0.07171554177120486
31/8/1990,98.77,26.51,79.88,220.31,1.71,0.55,60.78,37.47,205.66,18.91,0.7344887041142302
30/9/1990,98.68,26.8,77.38,216.0,1.6,0.55,63.39,36.77,110.74,19.35,1.168598682667926
31/10/1990,98.58,28.31,60.94,167.5,1.66,0.5,31.17,34.64,0.0,21.48,1.1065829714459694
30/11/1990,98.54,28.56,41.88,108.81,1.74,0.45,30.11,31.84,0.0,20.13,0.796504415336187
31/12/1990,98.55,27.8,27.75,49.75,1.95,0.42,30.34,30.25,0.0,17.34,0.4450689848021536
31/1/1991,98.7,26.05,19.19,63.5,2.59,0.41,18.56,31.25,0.0,18.43,-0.13377045382199973
28/2/1991,98.45,30.69,22.19,50.5,2.09,0.41,38.7,34.0,0.0,20.94,-0.9399746997074347
31/3/1991,98.31,31.69,28.75,61.44,2.3,0.41,52.06,36.61,21.09,21.37,-1.291410130241468
30/4/1991,98.28,33.3,38.5,234.69,2.8,0.4,61.94,37.88,26.37,20.79,-1.1880375445952611
31/5/1991,98.46,29.49,67.12,220.56,2.38,0.44,72.02,37.74,179.3,19.11,-0.48516668352719455
30/6/1991,98.62,28.87,69.62,221.56,2.32,0.49,48.09,37.29,94.92,21.16,-0.11307241619545531
31/7/1991,98.75,26.63,78.56,224.69,1.93,0.52,67.07,37.32,189.84,17.89,0.6311161184680234
31/8/1991,98.75,25.56,84.81,233.0,1.8,0.59,70.0,37.48,168.75,18.4,1.2926301051118392
30/9/1991,98.74,27.09,76.62,224.19,1.54,0.57,48.09,36.78,15.82,20.6,1.271971268314133
31/10/1991,98.6,27.68,66.69,218.0,1.62,0.51,43.04,34.65,31.64,21.55,1.2926301051118392
30/11/1991,98.67,26.0,41.62,90.38,1.85,0.45,26.96,31.88,0.0,20.71,0.589759244043773
31/12/1991,98.78,23.92,28.75,71.31,2.48,0.42,14.45,30.24,0.0,18.07,0.21766497671203358
31/1/1992,98.83,23.35,21.69,49.31,3.04,0.41,35.1,31.24,0.0,18.93,-0.526523557951445
29/2/1992,98.75,26.44,14.12,66.69,3.3,0.41,27.67,34.03,0.0,21.44,-1.1880375445952611
31/3/1992,98.38,31.05,16.75,21.88,2.45,0.4,50.8,36.67,0.0,21.7,-1.2500532558172177
30/4/1992,98.33,33.05,37.88,196.0,2.71,0.41,59.55,37.87,15.82,22.4,-1.312068967039174
31/5/1992,98.42,31.77,52.31,227.56,3.09,0.41,68.19,37.72,42.19,20.39,-1.1466806701710106
30/6/1992,98.59,30.18,59.69,215.31,2.64,0.42,49.88,37.29,68.55,20.81,-0.8779589884854783
31/7/1992,98.76,27.34,72.0,215.06,2.01,0.46,62.83,37.32,142.38,18.01,-0.3198175874878693
31/8/1992,98.79,25.8,81.19,223.06,1.8,0.52,77.24,37.46,247.85,17.98,0.6517749552657293
30/9/1992,98.65,26.38,77.19,178.5,1.48,0.58,66.41,36.73,100.2,19.83,1.044567260224013
31/10/1992,98.61,28.08,59.12,167.62,1.74,0.5,32.39,34.58,10.55,21.93,1.0239084234263065
30/11/1992,98.67,25.83,38.12,76.75,2.06,0.45,34.25,31.8,0.0,18.95,0.8585201265581432
31/12/1992,98.72,23.84,26.0,70.0,2.16,0.42,18.86,30.24,0.0,17.15,0.5897984448726111
31/1/1993,98.9,22.69,20.06,53.19,3.06,0.41,24.5,31.29,0.0,19.1,0.031657043875002136
28/2/1993,98.59,27.51,16.25,52.38,2.74,0.41,33.28,34.03,0.0,21.61,-0.9399354988785966
31/3/1993,98.5,30.52,23.88,91.5,2.75,0.41,53.83,36.63,0.0,22.01,-1.3327278038368802
30/4/1993,98.26,33.39,26.88,202.75,2.62,0.4,50.77,37.86,10.55,22.41,-1.3327278038368802
31/5/1993,98.33,32.37,53.69,229.88,3.31,0.41,65.02,37.72,47.46,20.89,-1.1466806701710106
30/6/1993,98.63,30.76,56.69,211.0,2.59,0.42,55.16,37.28,73.83,20.4,-0.8572609508589341
31/7/1993,98.7,27.7,71.69,217.0,2.02,0.47,67.23,37.31,168.75,18.63,-0.1957469642151181
31/8/1993,98.74,26.95,76.25,215.0,1.59,0.51,64.73,37.47,142.38,18.62,0.36239443678249084
30/9/1993,98.67,26.97,76.31,212.88,1.59,0.52,60.66,36.73,110.74,19.68,0.7965044153361865
31/10/1993,98.56,29.56,57.0,175.38,1.75,0.47,38.28,34.59,5.27,21.57,0.7758063777096428
30/11/1993,98.45,29.06,39.19,111.19,1.59,0.43,24.64,31.81,0.0,20.25,0.5897592440437728
31/12/1993,98.67,25.77,25.44,61.12,2.48,0.41,16.2,30.23,0.0,16.9,0.3003395247316962
31/1/1994,98.62,25.55,21.56,58.44,2.7,0.41,23.88,31.26,0.0,16.95,-0.36117446191211977
28/2/1994,98.64,26.64,13.5,64.12,2.88,0.4,14.38,34.02,0.0,20.98,-0.9193158629097288
31/3/1994,98.35,32.41,24.06,110.5,2.11,0.4,49.27,36.61,0.0,23.79,-1.3534258414634246
30/4/1994,98.23,33.69,34.88,234.38,2.74,0.4,68.82,37.85,26.37,23.53,-1.2707120926149238
31/5/1994,98.45,31.98,51.62,227.5,2.73,0.41,70.41,37.71,58.01,20.94,-1.0433080845248037
30/6/1994,98.63,29.89,60.12,224.69,2.75,0.43,54.73,37.28,79.1,21.15,-0.733229528415021
31/7/1994,98.7,27.69,70.94,220.81,2.4,0.46,69.09,37.3,147.66,18.43,-0.15439008979086766
31/8/1994,98.67,25.66,83.88,227.75,1.87,0.56,75.98,37.46,274.22,16.84,0.9205750386089381
30/9/1994,98.68,26.45,81.69,202.19,1.45,0.62,62.39,36.74,158.2,20.84,1.5407321508285035
31/10/1994,98.6,26.85,76.5,195.62,1.32,0.59,52.3,34.61,36.91,21.24,1.5820498244239158
30/11/1994,98.75,24.23,51.56,82.81,1.92,0.51,13.43,31.84,0.0,20.53,1.354645816333796
31/12/1994,98.92,21.21,36.81,65.62,2.73,0.45,20.83,30.23,0.0,16.24,1.044567260224013
31/1/1995,98.85,22.98,24.81,51.31,2.63,0.43,10.42,31.24,0.0,17.93,0.4657278215998599
28/2/1995,98.75,25.6,18.5,61.56,2.68,0.41,24.84,33.99,0.0,20.51,-0.6092373067999459
31/3/1995,98.35,32.17,26.5,102.56,2.27,0.41,40.83,36.59,0.0,22.5,-1.2293944190195116
30/4/1995,98.22,32.33,47.44,217.56,2.46,0.42,60.98,37.84,68.55,21.04,-1.1053629965755982
31/5/1995,98.41,31.63,54.5,214.75,2.7,0.43,62.98,37.71,21.09,20.81,-1.0226884485559358
30/6/1995,98.56,30.54,59.44,217.56,2.82,0.42,50.9,37.28,47.46,20.69,-0.836641314890066
31/7/1995,98.53,28.44,68.0,221.88,2.27,0.45,68.34,37.3,137.11,18.76,-0.299158750690163
31/8/1995,98.63,26.44,82.12,223.38,1.68,0.55,71.38,37.46,279.49,17.99,0.7964652145073489
30/9/1995,98.69,26.76,80.06,201.19,1.45,0.58,58.9,36.75,94.92,20.11,1.1685594818390879
31/10/1995,98.55,27.77,69.56,203.31,1.65,0.52,39.52,34.63,10.55,22.01,0.9411946745778065
30/11/1995,98.68,25.29,46.81,90.88,1.91,0.46,23.41,31.85,0.0,19.42,0.8585201265581437
31/12/1995,98.73,25.3,36.19,88.0,2.16,0.43,14.53,30.23,0.0,17.58,0.6724729928922739
31/1/1996,98.53,25.83,21.06,66.44,2.29,0.41,21.97,31.22,0.0,19.82,0.13499042869237102
29/2/1996,98.4,28.76,21.5,73.44,2.15,0.41,34.27,34.01,0.0,20.97,-0.9606335365051409
31/3/1996,98.3,31.92,21.69,47.88,2.16,0.41,41.93,36.64,0.0,23.2,-1.3327278038368802
30/4/1996,98.23,33.71,33.75,242.56,2.52,0.4,60.48,37.85,10.55,21.36,-1.3327278038368802
31/5/1996,98.38,32.11,52.75,211.62,2.95,0.41,58.54,37.7,79.1,20.89,-1.0226492477270976
30/6/1996,98.62,28.59,69.44,213.69,2.39,0.46,54.37,37.27,126.56,21.15,-0.5265235579514451
31/7/1996,98.74,27.13,74.62,218.69,2.15,0.48,63.68,37.3,158.2,19.63,0.09363355426812033
31/8/1996,98.69,26.32,80.62,224.69,1.77,0.52,69.68,37.45,195.12,17.54,0.8585201265581432
30/9/1996,98.63,26.45,81.19,200.5,1.56,0.59,65.64,36.71,168.75,18.52,1.5200341132019592
31/10/1996,98.62,26.48,70.12,153.44,1.59,0.55,33.38,34.57,26.37,21.24,1.5820498244239158
30/11/1996,98.67,23.74,44.31,87.44,1.98,0.48,5.24,31.79,0.0,20.16,1.271971268314133
31/12/1996,98.68,24.15,34.0,87.38,2.01,0.44,10.62,30.23,0.0,18.37,0.7758455785384805
31/1/1997,98.65,25.05,20.88,63.31,2.31,0.41,17.34,31.28,0.0,19.41,0.1556884663189152
28/2/1997,98.8,24.79,15.5,65.0,3.15,0.41,12.41,34.04,0.0,20.56,-0.6091981059711077
31/3/1997,98.46,29.9,31.75,60.69,2.48,0.41,56.42,36.63,31.64,21.97,-1.1466806701710106
30/4/1997,98.41,31.59,43.94,244.31,2.88,0.41,60.62,37.85,10.55,22.06,-1.2086963813929672
31/5/1997,98.59,29.83,62.81,209.94,2.55,0.44,56.69,37.71,94.92,21.36,-0.8366021140612278
30/6/1997,98.6,28.98,67.94,205.75,2.12,0.45,66.37,37.27,137.11,19.16,-0.2991195498613249
31/7/1997,98.72,27.71,74.25,220.25,2.12,0.48,54.24,37.3,126.56,18.8,0.19700613991432753
31/8/1997,98.78,27.01,78.56,209.56,1.54,0.52,64.34,37.45,174.02,18.46,0.8791789633558498
30/9/1997,98.68,27.6,74.75,183.25,1.53,0.52,58.81,36.72,73.83,19.66,1.044567260224013
31/10/1997,98.52,29.96,60.12,201.62,1.85,0.48,55.12,34.6,26.37,20.76,1.1065829714459694
30/11/1997,98.58,28.02,37.25,98.69,1.81,0.43,31.37,31.82,0.0,20.14,0.7344887041142302
31/12/1997,98.77,24.89,24.88,73.75,2.21,0.41,29.43,30.24,0.0,18.65,0.19700613991432753
31/1/1998,98.73,24.8,19.69,66.44,2.72,0.41,17.07,31.27,0.0,19.04,-0.2991195498613249
28/2/1998,98.75,28.74,17.75,69.88,2.8,0.41,20.21,34.02,0.0,21.02,-0.9812923733028471
31/3/1998,98.53,29.51,11.94,54.69,2.98,0.4,26.7,36.62,0.0,23.51,-1.2707120926149236
30/4/1998,98.24,35.06,35.38,214.12,2.59,0.4,65.19,37.85,5.27,21.78,-1.3534258414634246
31/5/1998,98.47,31.87,58.88,223.62,2.95,0.42,51.16,37.72,116.02,24.35,-0.8986178252831845
30/6/1998,98.7,29.56,66.88,217.44,2.41,0.46,53.52,37.29,142.38,19.73,-0.34047642428557556
31/7/1998,98.68,27.76,74.0,221.0,1.97,0.5,67.37,37.32,195.12,17.93,0.4244101480044474
31/8/1998,98.64,26.55,82.31,224.56,1.8,0.57,78.49,37.47,226.76,15.97,1.3133281427383834
30/9/1998,98.65,26.57,82.44,220.12,1.41,0.62,70.09,36.75,168.75,18.16,1.9748421293821992
31/10/1998,98.64,27.68,70.0,182.12,1.55,0.58,43.37,34.63,21.09,20.8,2.036857840604156
30/11/1998,98.58,26.94,46.0,100.0,1.57,0.48,18.28,31.84,0.0,20.31,1.5820498244239158
31/12/1998,98.71,24.93,35.25,80.19,2.2,0.44,30.19,30.25,0.0,17.69,1.023908423426307
31/1/1999,98.58,25.31,22.75,58.81,2.39,0.42,20.03,31.26,0.0,19.05,0.25902185113628406
28/2/1999,98.5,28.24,20.12,27.75,2.61,0.41,36.8,34.01,0.0,21.01,-0.629896143597652
31/3/1999,98.17,32.73,24.5,40.69,2.02,0.41,46.8,36.62,0.0,23.32,-1.291410130241468
30/4/1999,98.3,33.41,32.94,202.25,2.41,0.41,56.52,37.86,10.55,20.8,-1.3327278038368802
31/5/1999,98.4,32.63,47.44,207.12,2.18,0.42,56.98,37.74,121.29,21.42,-0.857260950858934
30/6/1999,98.51,30.9,55.25,200.19,2.29,0.45,57.73,37.29,63.28,21.21,-0.6091981059711077
31/7/1999,98.66,27.94,69.44,226.25,2.16,0.46,75.43,37.32,110.74,17.39,-0.17508812741741184
31/8/1999,98.68,26.34,79.44,225.38,1.88,0.5,81.95,37.48,205.66,15.65,0.6311161184680232
30/9/1999,98.6,26.39,81.0,204.06,1.29,0.58,69.73,36.77,184.57,18.05,1.3546458163337955
31/10/1999,98.62,27.19,66.62,155.38,1.51,0.55,42.52,34.65,26.37,20.97,1.4166615275557521
30/11/1999,98.61,26.37,38.19,75.62,1.89,0.48,21.8,31.86,0.0,20.3,0.9411946745778056
31/12/1999,98.69,23.71,25.56,63.06,2.59,0.43,11.12,30.26,0.0,18.38,0.6931318296899796
31/1/2000,98.52,26.61,24.44,66.88,2.69,0.41,28.68,31.25,0.0,18.88,0.25902185113628384
29/2/2000,98.77,25.01,15.44,52.88,3.5,0.41,12.52,34.04,0.0,21.15,-0.5471823947491512
31/3/2000,98.41,29.44,14.38,58.88,2.85,0.41,30.58,36.66,0.0,22.52,-1.2707120926149236
30/4/2000,98.14,34.23,26.69,176.0,1.98,0.4,48.7,37.87,10.55,22.74,-1.3327278038368802
31/5/2000,98.32,34.16,39.06,211.56,2.49,0.41,52.11,37.72,36.91,22.33,-1.1880375445952611
30/6/2000,98.62,29.32,63.56,209.56,2.42,0.44,53.46,37.29,142.38,19.28,-0.6298961435976521
31/7/2000,98.62,27.4,71.12,214.75,2.02,0.48,73.22,37.33,116.02,17.52,-0.17508812741741206
31/8/2000,98.73,27.01,74.75,198.5,1.72,0.5,75.06,37.49,116.02,16.85,0.2797198887628282
30/9/2000,98.6,27.51,72.75,186.19,1.66,0.48,60.79,36.73,105.47,18.95,0.6931710305188177
31/10/2000,98.62,28.17,60.69,162.38,1.81,0.48,44.83,34.6,52.73,20.83,0.8585201265581432
30/11/2000,98.54,27.09,35.81,90.06,1.8,0.43,24.65,31.81,0.0,20.21,0.7138298673165236
31/12/2000,98.78,23.87,21.12,62.31,2.35,0.41,27.43,30.26,0.0,17.87,0.1556884663189152
31/1/2001,98.79,23.39,15.0,62.75,2.7,0.41,34.43,31.32,0.0,20.12,-0.2991195498613249
28/2/2001,98.65,25.61,12.19,53.75,3.17,0.4,44.82,34.08,0.0,19.96,-0.7539275660415652
31/3/2001,98.39,30.66,12.38,70.81,2.28,0.4,56.71,36.65,0.0,21.68,-1.1673787077975548
30/4/2001,98.25,34.23,31.5,224.0,2.75,0.4,67.25,37.86,0.0,21.54,-1.3740846782611307
31/5/2001,98.41,32.92,48.19,218.31,3.15,0.41,75.75,37.74,26.37,20.92,-1.2707120926149236
30/6/2001,98.61,30.8,55.69,225.06,2.81,0.41,73.78,37.3,63.28,19.84,-1.0226492477270976
31/7/2001,98.69,28.23,68.62,221.69,2.13,0.44,74.77,37.33,152.93,18.7,-0.42315097230523807
31/8/2001,98.81,26.88,78.38,228.44,1.67,0.51,80.05,37.47,189.84,16.35,0.3210375623582406
30/9/2001,98.68,26.66,78.69,198.88,1.52,0.55,67.0,36.73,121.29,19.31,0.796504415336187
31/10/2001,98.65,28.04,55.06,123.62,1.69,0.49,40.7,34.61,5.27,20.49,0.817163252133893
30/11/2001,98.66,26.45,32.75,82.06,1.94,0.44,17.47,31.83,0.0,21.3,0.713790666487686
31/12/2001,98.66,25.9,22.0,67.56,2.51,0.41,22.48,30.27,0.0,20.91,0.4657278215998599
31/1/2002,98.84,24.15,16.81,58.88,3.3,0.41,40.86,31.31,0.0,18.59,-0.13377045382199973
28/2/2002,98.65,26.62,12.12,49.38,2.83,0.41,30.12,34.06,0.0,21.47,-0.8779589884854783
31/3/2002,98.34,31.69,20.06,75.31,2.18,0.4,49.24,36.65,5.27,21.07,-1.3327670046657183
30/4/2002,98.1,34.94,30.94,235.19,2.57,0.4,78.49,37.87,5.27,21.18,-1.3327670046657183
31/5/2002,98.4,32.72,50.25,205.94,2.68,0.41,63.89,37.74,68.55,22.27,-1.0640453229801858
30/6/2002,98.63,30.99,55.12,214.25,2.67,0.41,59.09,37.31,73.83,20.45,-0.7746256036681095
31/7/2002,98.76,27.97,72.44,217.81,2.05,0.47,69.7,37.32,179.3,19.18,-0.07175474260004297
31/8/2002,98.75,26.82,79.38,201.69,1.58,0.53,71.46,37.46,179.3,19.66,0.6311161184680232
30/9/2002,98.72,26.9,78.31,202.5,1.58,0.54,62.76,36.74,89.65,20.95,0.9618927122043507
31/10/2002,98.62,27.65,62.75,147.62,1.62,0.5,65.37,34.62,21.09,19.0,1.023908423426307
30/11/2002,98.69,27.33,36.81,88.62,1.71,0.45,40.88,31.85,0.0,20.15,0.7551867417407744
31/12/2002,98.85,25.15,23.31,62.5,2.58,0.42,40.25,30.27,0.0,20.15,0.46576702242869783
31/1/2003,98.8,25.02,16.62,53.19,2.38,0.41,33.05,31.28,0.0,20.18,-0.2371038386393686
28/2/2003,98.51,29.5,15.31,56.69,2.32,0.41,44.25,34.02,0.0,21.33,-0.9399746997074349
31/3/2003,98.46,30.48,16.69,57.06,2.73,0.4,51.46,36.61,10.55,21.45,-1.2500532558172177
30/4/2003,98.32,33.65,39.88,215.81,2.58,0.41,61.55,37.85,21.09,22.05,-1.2500532558172177
31/5/2003,98.45,32.71,45.75,206.69,2.67,0.41,60.43,37.73,52.73,22.76,-1.0433472853536419
30/6/2003,98.63,28.49,70.06,217.06,2.12,0.45,66.73,37.29,137.11,19.98,-0.5058647211537389
31/7/2003,98.74,27.26,75.69,225.81,1.8,0.49,74.35,37.32,137.11,19.25,0.03161784304616402
31/8/2003,98.73,26.48,82.12,226.31,1.55,0.55,81.93,37.47,268.95,17.09,1.0859241346482633
30/9/2003,98.76,26.42,80.75,190.44,1.38,0.61,69.43,36.75,105.47,19.2,1.4580184019800029
31/10/2003,98.54,28.23,69.25,171.56,1.53,0.55,50.47,34.62,26.37,21.39,1.478716439606547
30/11/2003,98.57,27.22,44.94,95.69,1.8,0.47,44.15,31.86,0.0,20.38,1.2720104691429712
31/12/2003,98.74,24.69,27.62,61.38,2.27,0.43,29.8,30.26,0.0,19.92,0.7345279049430683
31/1/2004,98.61,26.26,19.56,50.44,2.54,0.41,30.35,31.25,0.0,20.04,0.1970453407431652
29/2/2004,98.64,27.3,14.88,65.38,2.8,0.41,34.63,34.03,0.0,19.37,-0.8572609508589342
31/3/2004,98.48,29.53,16.44,61.12,2.87,0.41,46.7,36.65,0.0,19.57,-1.2707120926149238
30/4/2004,98.29,34.07,38.62,245.5,2.91,0.4,60.67,37.86,10.55,21.37,-1.3327278038368804
31/5/2004,98.5,31.16,59.69,215.81,2.8,0.41,68.89,37.71,73.83,21.05,-1.043308084524804
30/6/2004,98.76,29.18,65.94,217.88,2.47,0.45,58.17,37.28,89.65,20.96,-0.6918726539907707
31/7/2004,98.71,27.6,71.62,222.06,1.8,0.46,70.79,37.31,126.56,18.89,-0.19574696421511834
31/8/2004,98.76,27.15,76.69,216.94,1.7,0.49,72.78,37.45,100.2,18.04,0.19704534074316543
30/9/2004,98.69,26.7,79.88,221.25,1.45,0.52,59.34,36.71,152.93,20.53,0.7965436161650251
31/10/2004,98.57,28.98,59.0,180.38,1.48,0.49,38.74,34.57,0.0,22.14,0.7551867417407748
30/11/2004,98.55,28.03,38.12,62.19,1.94,0.44,29.39,31.8,0.0,20.15,0.46576702242869783
31/12/2004,98.57,26.44,20.12,65.75,2.2,0.41,17.48,30.25,0.0,20.59,0.1143315918946645
31/1/2005,98.74,24.26,17.62,49.19,3.01,0.41,31.87,31.29,0.0,18.14,-0.38179409788098784
28/2/2005,98.38,30.69,18.5,41.5,2.94,0.41,35.63,34.05,0.0,19.78,-0.7745864028392715
31/3/2005,98.35,33.12,21.19,79.44,2.2,0.4,49.65,36.63,0.0,20.11,-1.374084678261131
30/4/2005,98.27,34.5,31.88,227.12,2.66,0.4,56.79,37.85,0.0,21.67,-1.374084678261131
31/5/2005,98.44,32.44,49.38,208.62,2.48,0.41,59.76,37.71,31.64,21.56,-1.250053255817218
30/6/2005,98.6,29.62,65.31,219.75,2.31,0.43,56.48,37.28,110.74,20.52,-0.8159432772635219
31/7/2005,98.76,27.54,75.25,223.0,1.84,0.48,75.63,37.31,189.84,19.29,-0.07175474260004341
31/8/2005,98.69,26.69,80.81,235.38,1.57,0.53,73.23,37.45,131.84,18.34,0.4450689848021534
30/9/2005,98.68,27.82,75.62,193.19,1.37,0.55,57.5,36.71,105.47,20.83,0.8585201265581432
31/10/2005,98.64,28.25,61.19,136.12,1.62,0.5,42.41,34.59,31.64,21.3,0.9825515490020563
30/11/2005,98.58,27.12,32.38,68.56,1.87,0.45,24.99,31.81,0.0,20.42,0.8585201265581432
31/12/2005,98.54,26.5,21.81,47.81,2.38,0.42,16.49,30.24,0.0,21.1,0.4244101480044474
31/1/2006,98.46,28.19,20.38,43.56,2.4,0.41,27.67,31.28,0.0,20.16,-0.3197783866590314
28/2/2006,98.39,30.12,15.88,20.69,2.57,0.41,33.04,34.03,0.0,21.61,-0.836602114061228
31/3/2006,98.4,31.68,12.06,61.69,2.09,0.4,46.27,36.61,0.0,21.32,-1.250053255817218
30/4/2006,98.26,32.73,21.44,79.12,2.36,0.4,48.91,37.84,10.55,22.2,-1.3327278038368804
31/5/2006,98.48,31.95,52.31,217.12,2.88,0.41,68.33,37.72,42.19,20.65,-1.167339506968717
30/6/2006,98.59,30.75,58.06,218.69,2.65,0.41,54.99,37.29,52.73,20.0,-0.9606335365051412
31/7/2006,98.69,28.91,68.12,222.38,2.12,0.44,63.91,37.31,147.66,19.82,-0.38179409788098795
31/8/2006,98.68,26.28,82.94,222.94,1.51,0.52,73.63,37.45,232.03,17.56,0.5277827336506543
30/9/2006,98.71,26.4,82.56,212.69,1.45,0.59,68.29,36.72,184.57,17.97,1.2513124315164266
31/10/2006,98.57,27.87,72.06,195.31,1.37,0.57,46.77,34.6,58.01,21.91,1.4373595651822964
30/11/2006,98.66,25.23,39.75,74.0,2.03,0.49,20.4,31.83,0.0,20.96,1.2719712683141327
31/12/2006,98.83,22.71,28.5,65.0,2.36,0.45,16.47,30.24,0.0,19.24,1.0652652978505568
31/1/2007,98.88,22.32,21.19,62.12,2.98,0.42,16.88,31.26,0.0,18.1,0.48642585922640386
28/2/2007,98.59,27.23,14.12,53.44,2.56,0.41,23.66,34.0,0.0,21.47,-0.4231509723052384
31/3/2007,98.38,30.79,15.69,64.62,2.62,0.41,48.16,36.6,0.0,21.04,-1.1466806701710108
30/4/2007,98.25,33.43,42.5,237.94,2.77,0.41,67.84,37.84,10.55,20.38,-1.3327278038368804
31/5/2007,98.42,31.65,58.25,219.12,2.58,0.41,64.62,37.72,73.83,20.46,-1.043308084524804
30/6/2007,98.61,28.82,69.25,214.38,2.7,0.46,48.16,37.28,116.02,21.25,-0.5885000683445638
31/7/2007,98.67,27.49,74.31,231.5,2.16,0.47,67.03,37.3,168.75,18.55,0.07301391829925215
31/8/2007,98.63,25.96,84.0,233.81,1.62,0.59,77.32,37.45,290.04,19.36,1.2099947579210144
30/9/2007,98.71,26.65,81.38,212.19,1.29,0.66,60.84,36.73,79.1,20.07,1.5200733140307974
31/10/2007,98.58,27.33,71.88,193.25,1.35,0.58,38.77,34.62,0.0,21.51,1.478716439606547
30/11/2007,98.55,26.71,47.25,89.12,1.57,0.49,23.2,31.85,0.0,20.13,1.1892967202944702
31/12/2007,98.67,24.56,31.69,63.38,2.15,0.45,25.52,30.25,0.0,18.94,0.7344887041142302
31/1/2008,98.78,22.3,22.25,44.75,3.13,0.42,20.16,31.24,0.0,20.18,0.07297471747041426
29/2/2008,98.72,25.63,15.25,62.31,3.16,0.41,15.53,34.02,0.0,19.98,-1.0640061221513482
31/3/2008,98.3,31.13,16.56,50.75,2.45,0.41,43.3,36.64,0.0,22.46,-1.374084678261131
30/4/2008,98.23,32.55,27.06,124.06,2.37,0.41,54.6,37.85,15.82,21.61,-1.3120689670391743
31/5/2008,98.36,32.91,45.0,217.5,2.7,0.41,70.61,37.7,10.55,21.16,-1.2707120926149238
30/6/2008,98.54,30.98,56.75,205.12,2.45,0.41,61.66,37.27,110.74,21.76,-0.8366021140612281
31/7/2008,98.7,27.74,71.25,225.12,2.13,0.46,71.84,37.3,94.92,18.32,-0.46450784672948875
31/8/2008,98.6,26.67,78.5,215.12,1.62,0.49,80.95,37.44,216.21,18.14,0.38305327358019686
30/9/2008,98.69,26.55,81.75,196.5,1.35,0.58,72.07,36.69,163.48,18.85,1.0239084234263065
31/10/2008,98.64,27.08,68.38,141.25,1.48,0.55,38.38,34.55,31.64,20.75,1.0859241346482629
30/11/2008,98.61,26.24,37.94,78.19,1.84,0.48,23.4,31.79,0.0,21.21,1.0445672602240126
31/12/2008,98.6,25.83,29.38,66.06,2.26,0.43,19.37,30.24,0.0,20.21,0.6104572816703169
31/1/2009,98.62,26.44,20.94,37.0,2.38,0.41,39.11,31.3,0.0,19.82,0.23836301433857754
28/2/2009,98.41,29.54,20.12,83.56,2.39,0.41,45.51,34.05,0.0,19.6,-0.609198105971108
31/3/2009,98.3,31.8,18.38,92.06,2.47,0.41,56.9,36.63,0.0,20.43,-1.250053255817218
30/4/2009,98.31,33.75,38.19,238.94,2.69,0.4,61.0,37.84,0.0,22.81,-1.374084678261131
31/5/2009,98.39,32.94,47.69,205.94,2.73,0.41,63.74,37.71,0.0,21.42,-1.374084678261131
30/6/2009,98.62,30.46,59.81,213.81,2.55,0.41,65.16,37.28,110.74,20.27,-0.939974699707435
31/7/2009,98.71,27.93,73.19,223.19,2.16,0.46,69.59,37.31,158.2,19.74,-0.31981758748786954
31/8/2009,98.68,26.37,82.88,213.19,1.43,0.54,76.38,37.45,253.12,17.96,0.6724337920634353
30/9/2009,98.76,26.55,83.31,208.94,1.3,0.62,66.25,36.71,121.29,19.14,1.1479006450413816
31/10/2009,98.57,27.33,77.38,211.62,1.63,0.59,51.1,34.57,58.01,20.69,1.3753046531315014
30/11/2009,98.65,25.48,52.94,83.0,1.86,0.52,26.73,31.8,0.0,20.32,1.3753046531315014
31/12/2009,98.71,24.5,33.69,76.31,2.16,0.46,13.45,30.24,0.0,21.15,0.9411946745778056
31/1/2010,98.69,25.08,19.94,53.5,2.41,0.42,17.47,31.28,0.0,22.11,0.3210375623582404
28/2/2010,98.49,29.82,17.38,73.31,2.25,0.41,18.63,34.03,0.0,22.54,-0.6712138171930645
31/3/2010,98.49,31.13,19.69,73.62,2.77,0.41,45.33,36.62,0.0,19.96,-1.1466806701710108
30/4/2010,98.31,33.73,36.88,212.25,2.56,0.41,68.71,37.85,0.0,20.1,-1.374084678261131
31/5/2010,98.43,31.37,61.38,217.81,2.83,0.43,69.27,37.72,84.38,20.62,-1.043308084524804
30/6/2010,98.67,29.19,69.44,212.25,2.39,0.45,63.04,37.29,147.66,20.22,-0.4644686459006506
31/7/2010,98.67,27.19,76.62,227.31,2.19,0.48,74.59,37.31,126.56,18.15,0.03165704387500169
31/8/2010,98.67,26.29,84.0,232.25,1.58,0.55,80.8,37.45,242.58,17.16,0.9825907498308944
30/9/2010,98.64,26.23,83.5,208.38,1.38,0.63,72.04,36.72,152.93,19.36,1.5820890252527535
31/10/2010,98.57,26.88,80.19,210.25,1.58,0.63,56.3,34.6,100.2,20.05,1.9748813302110373
30/11/2010,98.51,26.6,57.0,95.56,1.49,0.55,30.8,31.83,0.0,20.17,1.6441047364747103
31/12/2010,98.59,23.26,36.81,74.62,2.1,0.48,10.55,30.25,0.0,20.98,1.0652652978505572
31/1/2011,98.61,23.15,28.88,73.38,2.67,0.44,14.34,31.26,0.0,20.33,0.5691396080749046
28/2/2011,98.43,29.45,29.69,58.44,2.38,0.42,44.73,34.01,0.0,19.51,-0.38179409788098795
31/3/2011,98.31,31.73,27.44,106.62,2.3,0.41,53.75,36.61,0.0,22.5,-0.9812923733028474
30/4/2011,98.26,32.77,32.31,210.5,2.57,0.41,64.44,37.86,0.0,22.12,-1.374084678261131
31/5/2011,98.42,31.37,57.56,218.69,2.76,0.41,72.98,37.74,36.91,21.07,-1.2293944190195116
30/6/2011,98.59,30.17,61.38,220.06,2.56,0.42,62.23,37.3,42.19,19.98,-1.0640061221513482
31/7/2011,98.65,28.25,70.38,218.19,2.05,0.45,61.09,37.31,147.66,19.86,-0.4851666835271949
31/8/2011,98.69,26.6,79.38,216.12,1.67,0.5,78.59,37.46,179.3,18.09,0.21770417754087149
30/9/2011,98.72,27.14,76.75,199.19,1.49,0.52,68.53,36.74,100.2,19.17,0.610496482499155
31/10/2011,98.5,28.47,64.25,163.25,1.6,0.49,42.81,34.63,36.91,20.91,0.7551867417407744
30/11/2011,98.6,26.82,31.19,88.25,1.9,0.45,16.77,31.86,0.0,22.26,0.6104964824991552
31/12/2011,98.77,23.77,20.94,58.25,2.56,0.41,15.86,30.26,0.0,20.07,0.4451081856309915
31/1/2012,98.73,24.97,19.31,48.88,2.71,0.41,13.44,31.26,0.0,20.4,-0.1337312529931616
29/2/2012,98.41,29.15,19.5,54.69,2.57,0.41,28.67,34.05,5.27,19.86,-0.8159432772635219
31/3/2012,98.48,30.26,14.56,76.19,2.88,0.4,43.26,36.67,0.0,21.2,-1.2087355822218055
30/4/2012,98.29,33.46,40.5,227.56,2.97,0.4,66.59,37.87,10.55,21.6,-1.3120689670391743
31/5/2012,98.52,30.16,61.75,216.62,2.83,0.42,68.95,37.72,73.83,20.02,-1.0226492477270976
30/6/2012,98.68,28.89,67.12,221.56,2.23,0.45,58.91,37.29,137.11,19.65,-0.4851666835271948
31/7/2012,98.69,26.71,78.81,226.5,1.71,0.51,73.5,37.32,195.12,17.49,0.2797198887628282
31/8/2012,98.75,25.99,83.19,225.94,1.53,0.59,73.99,37.47,258.4,17.23,1.2720104691429712
30/9/2012,98.77,26.19,83.5,226.69,1.41,0.66,68.4,36.72,116.02,20.29,1.7268184853232114
31/10/2012,98.59,27.37,75.5,207.69,1.34,0.61,49.8,34.57,31.64,21.22,1.8094930333428736
30/11/2012,98.58,27.34,53.94,120.62,1.59,0.52,23.71,31.8,0.0,21.04,1.5200733140307974
31/12/2012,98.69,24.12,36.25,78.69,2.26,0.45,20.77,30.26,0.0,20.34,0.9825907498308944
31/1/2013,98.74,25.58,24.56,50.88,2.49,0.42,20.68,31.31,0.0,20.18,0.21770417754087149
28/2/2013,98.5,28.57,22.62,65.75,2.34,0.41,31.9,34.07,0.0,20.92,-0.7952452396369775
31/3/2013,98.32,33.61,35.12,212.75,2.22,0.41,53.86,36.65,0.0,21.26,-1.2500532558172177
30/4/2013,98.39,32.94,47.38,216.94,2.63,0.41,62.96,37.86,10.55,21.68,-1.3327278038368802
31/5/2013,98.51,32.13,53.5,219.62,2.7,0.41,60.78,37.73,31.64,21.98,-1.2086963813929672
30/6/2013,98.62,29.67,65.06,217.06,2.51,0.42,56.57,37.3,110.74,20.32,-0.7745864028392713
31/7/2013,98.75,27.41,73.94,223.44,1.88,0.47,64.27,37.33,121.29,19.96,-0.2991195498613249
31/8/2013,98.68,26.35,80.31,227.12,1.51,0.51,76.01,37.47,195.12,17.69,0.46576702242869805
30/9/2013,98.72,27.01,78.81,207.81,1.27,0.54,57.86,36.72,110.74,19.68,0.899877000982394
31/10/2013,98.65,28.08,55.44,101.38,1.57,0.5,35.85,34.58,26.37,21.58,0.9618927122043507
30/11/2013,98.5,28.16,31.56,71.19,1.88,0.45,24.11,31.81,0.0,21.16,0.8378612897604372
31/12/2013,98.7,26.24,22.56,48.81,2.58,0.41,20.76,30.25,0.0,19.82,0.4037513112067413
31/1/2014,98.66,26.51,18.62,59.25,2.6,0.41,28.41,31.29,0.0,19.92,-0.07171554177120486
28/2/2014,98.55,28.3,14.56,52.12,3.13,0.41,21.54,34.03,0.0,21.61,-0.8366021140612279
31/3/2014,98.39,31.69,20.44,32.0,2.31,0.4,52.4,36.64,0.0,22.56,-1.2707120926149236
30/4/2014,98.37,33.39,42.81,214.38,2.56,0.41,67.38,37.86,42.19,21.25,-1.2086963813929672
31/5/2014,98.45,32.08,52.69,195.5,2.47,0.41,64.66,37.73,47.46,20.97,-1.0226492477270976
30/6/2014,98.6,31.05,58.25,213.75,2.44,0.42,58.38,37.3,73.83,20.23,-0.7332295284150209
31/7/2014,98.78,29.51,63.38,218.25,2.1,0.44,60.8,37.32,89.65,20.01,-0.3817940978809877
31/8/2014,98.74,26.81,78.19,221.56,1.64,0.49,69.34,37.47,184.57,18.12,0.34173559998478475
30/9/2014,98.74,26.36,81.06,199.88,1.42,0.55,61.01,36.73,174.02,19.02,1.023908423426307
31/10/2014,98.65,28.19,65.25,152.44,1.55,0.52,41.28,34.6,10.55,21.59,0.8998770009823935
30/11/2014,98.61,28.09,39.69,109.0,1.73,0.45,23.79,31.84,0.0,21.02,0.7138298673165241
31/12/2014,98.78,25.45,23.12,61.19,2.38,0.42,11.23,30.26,0.0,19.99,0.4244101480044474
31/1/2015,98.93,23.51,17.0,56.06,2.9,0.41,14.25,31.28,0.0,19.35,0.07297471747041426
28/2/2015,98.54,29.23,19.06,49.0,2.53,0.41,29.82,34.04,0.0,21.91,-0.6505549803953581
31/3/2015,98.45,31.13,20.62,47.69,2.62,0.4,50.05,36.63,5.27,20.27,-1.312068967039174
30/4/2015,98.51,32.31,17.88,82.5,2.5,0.4,39.23,37.87,0.0,22.02,-1.3534258414634246
31/5/2015,98.45,34.0,40.94,203.56,2.82,0.4,58.53,37.75,10.55,21.31,-1.312068967039174
30/6/2015,98.62,32.87,48.31,212.81,2.84,0.4,50.58,37.3,15.82,21.18,-1.2500532558172177
31/7/2015,98.71,29.83,62.0,218.06,2.16,0.41,61.96,37.33,89.65,19.19,-0.8986178252831843
31/8/2015,98.73,26.53,83.0,212.44,1.39,0.5,79.16,37.46,216.21,17.59,-0.05105670497349879
30/9/2015,98.72,26.96,82.44,198.25,1.27,0.64,58.43,36.74,237.3,19.58,0.8585201265581437
31/10/2015,98.66,28.42,71.69,225.31,1.32,0.6,45.77,34.63,47.46,20.79,1.044567260224013
30/11/2015,98.73,25.66,45.62,62.56,1.98,0.5,15.98,31.86,0.0,21.02,1.0032103857997623
31/12/2015,99.1,20.89,33.12,62.81,2.99,0.45,19.83,30.26,0.0,17.49,0.941194674577806
31/1/2016,98.95,23.08,20.69,61.0,3.12,0.42,27.7,31.26,0.0,18.77,0.589759244043773
29/2/2016,98.7,26.67,15.88,59.06,2.68,0.41,15.73,34.05,0.0,19.79,-0.25780187626591256
31/3/2016,98.46,32.97,23.31,346.5,2.14,0.41,59.93,36.67,5.27,20.5,-1.1673787077975548
30/4/2016,98.33,34.71,40.94,225.19,2.61,0.41,53.52,37.86,15.82,22.18,-1.2914101302414678
31/5/2016,98.52,33.92,46.88,214.06,2.94,0.41,57.54,37.72,31.64,21.64,-1.1673787077975548
30/6/2016,98.72,31.18,55.88,215.62,2.47,0.41,63.2,37.29,36.91,18.3,-1.0226884485559355
31/7/2016,98.71,28.23,71.31,217.69,1.9,0.45,68.58,37.32,126.56,18.91,-0.526562758780283
31/8/2016,98.73,27.14,77.69,219.12,1.52,0.5,73.43,37.45,179.3,17.32,0.17630810228778335
30/9/2016,98.76,27.13,78.44,200.5,1.24,0.54,63.52,36.7,100.2,19.25,0.5484415704483608
31/10/2016,98.57,29.33,56.38,128.19,1.64,0.48,28.27,34.56,0.0,21.32,0.4864258592264043
30/11/2016,98.59,28.65,36.44,79.75,1.84,0.44,30.34,31.79,0.0,20.16,0.36239443678249106
31/12/2016,98.67,27.3,25.62,71.88,2.45,0.41,22.16,30.24,0.0,19.63,0.21770417754087193
31/1/2017,98.67,26.89,18.19,44.0,2.62,0.41,19.74,31.29,0.0,20.41,-0.2784215122347805
28/2/2017,98.66,27.71,11.44,66.62,3.21,0.4,20.24,34.06,0.0,21.43,-0.9812923733028469
31/3/2017,98.39,31.32,13.12,68.25,2.45,0.4,28.86,36.64,0.0,24.38,-1.3740846782611305
30/4/2017,98.32,34.35,29.12,173.06,2.54,0.4,54.88,37.85,10.55,21.46,-1.33272780383688
31/5/2017,98.47,33.08,50.38,209.38,2.96,0.41,65.62,37.72,26.37,20.37,-1.229355218190673
30/6/2017,98.62,30.04,63.81,211.88,2.23,0.42,60.1,37.29,79.1,19.73,-0.9192766620808903
31/7/2017,98.79,27.78,74.12,223.0,1.86,0.47,64.25,37.31,137.11,19.85,-0.3817940978809875
31/8/2017,98.7,26.69,80.75,213.94,1.61,0.53,74.45,37.45,253.12,17.27,0.6104572816703173
30/9/2017,98.72,26.98,80.31,215.69,1.38,0.58,58.61,36.7,68.55,19.85,0.8791789633558498
31/10/2017,98.66,27.35,58.81,122.62,1.52,0.52,34.7,34.58,21.09,22.22,0.9204966369512623
30/11/2017,98.64,26.79,37.62,81.81,1.8,0.45,30.59,31.8,0.0,20.8,0.8171240513050554
31/12/2017,98.71,25.65,29.06,58.62,2.3,0.42,29.44,30.24,0.0,17.9,0.5070454951952723
31/1/2018,98.81,23.25,18.19,67.5,2.77,0.41,23.0,31.28,0.0,19.26,-0.030437069004630623
28/2/2018,98.44,29.12,23.19,43.81,2.48,0.41,32.66,34.03,0.0,20.85,-1.0226884485559355
31/3/2018,98.4,32.16,25.38,76.62,2.36,0.41,53.57,36.62,10.55,22.49,-1.2500532558172175
30/4/2018,98.3,34.59,32.25,224.06,2.35,0.4,61.12,37.85,0.0,22.36,-1.33272780383688
31/5/2018,98.43,33.08,49.5,221.94,3.12,0.41,77.95,37.72,36.91,21.65,-1.188037544595261
30/6/2018,98.66,29.74,64.94,212.44,2.5,0.42,66.3,37.29,84.38,19.46,-0.8572609508589338
31/7/2018,98.76,27.79,72.44,204.94,1.91,0.46,70.67,37.31,89.65,19.21,-0.5058255203249006
31/8/2018,98.75,26.4,81.31,229.88,1.68,0.52,80.3,37.45,216.21,17.16,0.341735599984785
30/9/2018,98.63,26.77,81.31,178.81,1.3,0.56,63.93,36.71,94.92,18.64,0.6724729928922739
31/10/2018,98.62,27.76,71.38,196.19,1.46,0.54,54.7,34.59,47.46,21.4,0.8585201265581437
30/11/2018,98.61,26.81,43.5,92.81,1.77,0.47,34.63,31.82,0.0,21.47,0.7138298673165245
31/12/2018,98.85,24.21,29.69,62.56,2.62,0.43,15.38,30.25,0.0,20.0,0.3830532735801973
31/1/2019,98.77,25.69,19.06,48.94,2.43,0.41,18.3,31.27,0.0,21.4,0.03161784304616402
28/2/2019,98.67,27.46,16.0,56.75,2.57,0.41,26.17,34.01,0.0,21.93,-0.8159432772635214
31/3/2019,98.49,32.0,20.44,71.44,2.31,0.41,58.05,36.61,0.0,21.96,-1.188037544595261
30/4/2019,98.34,33.97,34.19,225.88,2.37,0.4,79.27,37.84,10.55,22.1,-1.33272780383688
31/5/2019,98.46,30.98,59.31,218.88,2.94,0.41,80.64,37.72,42.19,20.85,-1.1673395069687165
30/6/2019,98.68,30.31,63.38,207.5,2.54,0.44,62.41,37.29,94.92,21.38,-0.7952452396369772
31/7/2019,98.71,27.95,73.12,222.31,1.87,0.46,73.74,37.3,126.56,18.66,-0.2991195498613249
31/8/2019,98.78,26.66,80.0,225.31,1.77,0.51,74.99,37.45,179.3,17.91,0.40375131120674174
30/9/2019,98.71,27.15,80.88,193.56,1.27,0.55,68.2,36.72,105.47,19.59,0.8172024529627311
31/10/2019,98.58,27.08,77.5,140.56,1.41,0.54,69.9,34.61,36.91,18.79,0.9205358377801004
30/11/2019,98.56,27.85,46.25,77.25,1.66,0.48,26.91,31.84,0.0,21.95,0.7551475409119367
31/12/2019,98.76,23.64,30.69,69.56,2.59,0.43,16.07,30.25,0.0,21.34,0.38305327358019753
31/1/2020,98.87,24.1,24.69,64.44,3.02,0.41,21.05,31.25,0.0,19.72,-0.11307241619545509
29/2/2020,98.76,26.3,16.38,63.12,3.23,0.41,13.88,34.04,0.0,21.34,-0.8159432772635214
31/3/2020,98.43,31.55,30.75,109.31,2.34,0.41,60.8,36.66,47.46,22.38,-1.0433472853536416
30/4/2020,98.44,33.11,45.19,201.75,2.99,0.41,64.66,37.86,10.55,22.24,-1.1466806701710104
31/5/2020,98.54,33.52,47.56,206.44,3.0,0.41,67.6,37.72,26.37,22.16,-1.0433080845248035
30/6/2020,98.64,30.62,60.94,212.0,2.58,0.41,72.26,37.29,47.46,19.95,-0.8572609508589337
31/7/2020,98.61,28.03,72.06,212.0,2.02,0.46,69.73,37.32,174.02,18.31,-0.17508812741741162
31/8/2020,98.64,26.26,82.56,231.81,2.06,0.55,76.24,37.45,258.4,17.1,0.8378612897604372
30/9/2020,98.67,26.43,83.31,197.06,1.51,0.62,71.52,36.69,158.2,18.22,1.271971268314133
31/10/2020,98.69,26.38,72.75,99.94,1.49,0.59,35.73,34.55,42.19,21.56,1.3960026907580465
30/11/2020,98.75,25.28,54.38,70.69,2.24,0.5,16.78,31.78,0.0,21.56,1.2926301051118392
31/12/2020,98.68,25.73,40.69,77.0,2.16,0.45,17.98,30.25,0.0,20.83,1.1065829714459694
31/1/2021,98.68,25.39,26.06,70.88,2.73,0.42,12.78,31.31,0.0,22.25,0.4244101480044476
28/2/2021,98.65,26.82,17.38,69.25,2.91,0.41,14.26,34.07,0.0,22.23,-0.5885392691734015
31/3/2021,98.38,31.68,26.56,83.25,2.76,0.41,54.14,36.65,0.0,21.36,-1.208696381392967
30/4/2021,98.3,34.01,31.44,178.06,2.67,0.4,54.44,37.86,1.53,24.48,-1.3680869514488934
31/5/2021,98.4,34.98,40.88,202.06,2.89,0.4,78.76,37.72,11.31,22.93,-1.3237508140329433
30/6/2021,98.62,30.92,57.81,199.75,2.64,0.41,71.3,37.29,67.6,20.89,-1.0587532110870352
31/7/2021,98.74,28.62,68.81,221.88,2.33,0.44,80.2,37.32,176.42,17.95,-0.3671721887243569
31/8/2021,98.73,26.38,82.75,223.12,1.5,0.55,79.4,37.45,236.71,17.32,0.5607506307035406
30/9/2021,98.71,26.63,81.94,203.31,1.34,0.62,63.72,36.71,197.78,18.96,1.3360646234645117
31/10/2021,98.61,27.73,70.5,107.31,1.36,0.59,39.91,34.57,15.96,22.29,1.3926314194779654
30/11/2021,98.59,26.76,52.25,78.75,1.78,0.49,30.1,31.81,0.01,22.01,1.3483344828908534
31/12/2021,98.75,23.87,37.88,66.69,2.84,0.45,22.56,30.25,0.0,20.07,1.0833368799449459
