DATE,SPI6(t),PS(t-1),T2M(t),RH2M(t-2),WS2M(t-1),GWETPROF(t),PRECTOTCORR_SUM(t-3),SPI6(t-1),WD2M(t-3)
1981-11-30,1.2088665603434512,97.78,23.9,84.0,1.44,0.57,221.48,1.4970574627469226,224.25
1981-12-31,0.6494579620584296,97.84,24.02,74.88,1.98,0.52,179.3,1.2088665603434512,218.31
1982-01-31,-0.1472862115132438,97.83,24.15,54.0,1.88,0.48,0.0,0.6494579620584296,188.88
1982-02-28,-0.7914644037344567,97.79,26.1,41.38,2.39,0.47,0.0,-0.1472862115132438,82.44
1982-03-31,-1.3509051482439516,97.69,29.25,32.62,2.35,0.45,0.0,-0.7914644037344567,79.56
1982-04-30,-1.198339166893491,97.59,30.43,38.19,2.43,0.45,0.0,-1.3509051482439516,42.69
1982-05-31,-0.8423518770757502,97.54,28.18,39.31,2.79,0.46,21.09,-1.198339166893491,72.62
1982-06-30,-0.3168253993856267,97.72,26.7,57.12,2.35,0.49,5.27,-0.8423518770757502,109.62
1982-07-31,0.1239314843683056,97.94,25.79,71.38,2.1,0.52,47.46,-0.3168253993856267,226.12
1982-08-31,0.6155436952390583,97.92,24.75,76.69,1.91,0.54,110.74,0.1239314843683056,224.38
1982-09-30,0.9545899247593504,97.93,26.11,78.38,1.95,0.55,163.48,0.6155436952390583,215.62
1982-10-31,1.0223863121736192,97.88,26.69,83.75,1.5,0.53,137.11,0.9545899247593504,215.25
1982-11-30,0.6663990223558782,97.77,25.13,78.88,1.71,0.5,174.02,1.0223863121736192,223.38
1982-12-31,0.1408725446657545,97.8,24.59,71.56,1.88,0.47,110.74,0.6663990223558782,209.31
1983-01-31,-0.2998843390881778,97.82,21.69,47.94,2.27,0.45,68.55,0.1408725446657545,200.19
1983-02-28,-0.8592929373731991,98.07,28.59,34.31,3.6,0.44,0.0,-0.2998843390881778,88.25
1983-03-31,-1.21528022719094,97.74,29.54,25.06,2.59,0.43,0.0,-0.8592929373731991,62.12
1983-04-30,-1.4017283291362983,97.67,32.58,24.94,3.11,0.43,0.0,-1.21528022719094,58.0
1983-05-31,-1.045741039318557,97.49,30.98,20.12,2.31,0.43,0.0,-1.4017283291362983,75.19
1983-06-30,-0.2659379260443331,97.56,26.61,43.31,2.72,0.52,0.0,-1.045741039318557,71.31
1983-07-31,0.3104438787626108,97.86,26.06,57.94,2.09,0.55,10.55,-0.2659379260443331,199.19
1983-08-31,0.7512007625165429,97.88,25.69,79.88,1.92,0.55,110.74,0.3104438787626108,213.81
1983-09-30,1.395378954737756,98.0,25.39,81.0,1.8,0.58,242.58,0.7512007625165429,220.5
1983-10-31,1.361464687918385,97.91,26.18,79.69,1.59,0.56,179.3,1.395378954737756,222.06
1983-11-30,1.005477398100644,97.85,26.55,80.94,1.74,0.51,137.11,1.361464687918385,215.31
1983-12-31,0.2256742848264191,97.89,26.09,62.62,1.91,0.48,200.39,1.005477398100644,194.12
1984-01-31,-0.3507075199805244,97.83,24.25,44.5,1.85,0.46,0.0,0.2256742848264191,131.38
1984-02-29,-0.7914644037344568,97.8,26.81,40.44,2.39,0.45,0.0,-0.3507075199805244,104.75
1984-03-31,-1.4356425959556696,97.59,30.69,30.0,2.56,0.44,0.0,-0.7914644037344568,85.38
1984-04-30,-1.3339319417220292,97.45,30.79,25.12,2.44,0.43,0.0,-1.4356425959556696,75.62
1984-05-31,-0.9101161182655458,97.48,27.65,38.88,3.04,0.45,0.0,-1.3339319417220292,60.56
1984-06-30,-0.5880109490427028,97.6,27.45,52.25,2.6,0.47,0.0,-0.9101161182655458,229.19
1984-07-31,-0.1133397984693994,97.79,26.15,73.19,2.3,0.48,31.64,-0.5880109490427028,220.56
1984-08-31,0.2596206978702639,97.81,26.05,71.38,1.98,0.49,131.84,-0.1133397984693994,211.69
1984-09-30,0.8698846232721056,97.87,25.28,74.75,1.8,0.52,100.2,0.2596206978702639,219.06
1984-10-31,0.954654217208297,97.81,26.18,76.69,1.71,0.54,147.66,0.8698846232721056,203.38
1984-11-30,0.5308383937518135,97.75,26.81,82.31,1.62,0.49,116.02,0.954654217208297,201.25
1984-12-31,0.2087332245289702,97.75,24.26,72.69,1.88,0.47,189.84,0.5308383937518135,207.69
1985-01-31,-0.2659379260443332,97.74,26.57,47.44,2.2,0.45,58.01,0.2087332245289702,190.31
1985-02-28,-0.6388984223839964,97.67,25.04,35.56,2.34,0.44,0.0,-0.2659379260443332,118.38
1985-03-31,-1.2491623477858382,97.79,30.93,31.12,2.95,0.43,0.0,-0.6388984223839964,72.94
1985-04-30,-1.4017283291362983,97.44,31.13,16.06,2.52,0.43,0.0,-1.2491623477858382,55.81
1985-05-31,-1.215248080966467,97.51,30.04,33.81,2.3,0.42,0.0,-1.4017283291362983,65.25
1985-06-30,-0.8592607911487261,97.59,27.3,42.5,2.96,0.45,0.0,-1.215248080966467,188.94
1985-07-31,-0.0794576778745017,97.89,24.93,59.81,2.48,0.49,10.55,-0.8592607911487261,204.56
1985-08-31,0.8189971499308116,97.92,24.71,70.12,1.79,0.59,58.01,-0.0794576778745017,221.94
1985-09-30,1.3614646879183845,97.89,24.81,81.94,1.66,0.65,110.74,0.8189971499308116,209.5
1985-10-31,1.3784057482158334,97.82,25.55,85.31,1.46,0.62,242.58,1.3614646879183845,213.25
1985-11-30,1.1919255000460014,97.77,25.94,84.56,1.41,0.55,279.49,1.3784057482158334,216.12
1985-12-31,0.8359382102282609,97.74,23.19,72.75,1.67,0.51,168.75,1.1919255000460014,208.69
1986-01-31,0.0561350969540364,97.8,23.66,56.0,2.3,0.48,15.82,0.8359382102282609,133.88
1986-02-28,-0.8423197308512771,97.83,28.81,39.25,2.21,0.46,0.0,0.0561350969540364,109.94
1986-03-31,-1.3508730020194784,97.6,30.05,29.5,2.19,0.45,0.0,-0.8423197308512771,54.38
1986-04-30,-1.316958735200107,97.58,30.81,32.94,2.41,0.44,0.0,-1.3508730020194784,56.88
1986-05-31,-1.0287678327966354,97.47,29.41,43.31,2.8,0.45,0.0,-1.316958735200107,87.38
1986-06-30,-0.7236358700957145,97.66,28.44,56.38,2.54,0.45,10.55,-1.0287678327966354,211.0
1986-07-31,0.0053119160616896,97.78,25.44,61.44,2.52,0.49,26.37,-0.7236358700957145,225.12
1986-08-31,0.6325490479854534,97.99,25.24,66.12,2.01,0.54,89.65,0.0053119160616896,218.31
1986-09-30,1.3784378944403068,97.9,25.1,79.62,1.58,0.61,94.92,0.6325490479854534,217.31
1986-10-31,1.5649181426101384,97.92,25.88,81.5,1.54,0.61,226.76,1.3784378944403068,227.19
1986-11-30,1.276727240206666,97.86,25.23,83.62,1.46,0.57,195.12,1.5649181426101384,215.31
1986-12-31,0.9715952775057456,97.78,22.5,72.25,1.73,0.52,242.58,1.276727240206666,206.62
1987-01-31,0.2426474913483413,97.97,25.13,57.0,2.45,0.48,84.38,0.9715952775057456,176.69
1987-02-28,-0.3845896405754225,97.89,28.19,40.56,2.35,0.46,0.0,0.2426474913483413,79.56
1987-03-31,-1.1643927538496468,97.73,29.8,33.69,2.15,0.45,0.0,-0.3845896405754225,65.75
1987-04-30,-1.4187015356582209,97.58,31.58,26.12,2.48,0.44,0.0,-1.1643927538496468,78.5
1987-05-31,-1.3847872688388496,97.59,32.8,35.0,2.41,0.43,0.0,-1.4187015356582209,74.38
1987-06-30,-1.062682099616007,97.5,28.54,30.75,2.7,0.45,0.0,-1.3847872688388496,178.38
1987-07-31,-0.588010949042703,97.87,27.25,45.88,2.26,0.46,5.27,-1.062682099616007,119.5
1987-08-31,0.1070225702953298,97.79,26.14,66.81,2.05,0.48,10.55,-0.588010949042703,205.62
1987-09-30,0.6494901082829022,97.8,26.19,73.88,1.76,0.54,100.2,0.1070225702953298,211.56
1987-10-31,0.768173969038465,97.85,26.78,80.69,1.61,0.53,147.66,0.6494901082829022,207.06
1987-11-30,0.7342597022190936,97.78,26.98,80.88,1.62,0.49,216.21,0.768173969038465,211.81
1987-12-31,0.4121545329962507,97.78,25.76,68.62,1.9,0.47,168.75,0.7342597022190936,200.19
1988-01-31,-0.0625166175770528,97.87,26.37,42.5,2.24,0.45,42.19,0.4121545329962507,179.94
1988-02-29,-0.7575501369150858,97.8,28.19,32.25,2.47,0.44,0.0,-0.0625166175770528,101.56
1988-03-31,-1.2830766146052095,97.59,31.29,26.62,2.73,0.43,0.0,-0.7575501369150858,74.88
1988-04-30,-1.2661355543077606,97.6,31.47,20.62,2.25,0.43,0.0,-1.2830766146052095,69.06
1988-05-31,-1.1983391668934913,97.49,31.09,28.0,2.72,0.43,0.0,-1.2661355543077606,67.75
1988-06-30,-0.723668016320188,97.63,27.3,52.31,2.96,0.45,5.27,-1.1983391668934913,112.88
1988-07-31,-0.0794898240989751,97.8,25.91,57.0,2.35,0.48,47.46,-0.723668016320188,220.38
1988-08-31,0.9376488644619012,97.89,25.03,74.44,2.23,0.54,21.09,-0.0794898240989751,205.25
1988-09-30,1.4123200150352049,97.8,25.62,80.06,1.84,0.61,147.66,0.9376488644619012,212.31
1988-10-31,1.2766950939821933,97.8,26.62,85.62,1.52,0.58,200.39,1.4123200150352049,227.31
1988-11-30,1.208898706567924,97.73,26.33,82.44,1.62,0.52,316.41,1.2766950939821933,233.81
1988-12-31,0.7342275559946206,97.81,24.6,68.25,1.96,0.48,152.93,1.208898706567924,219.81
1989-01-31,0.0900493637734076,97.78,21.87,49.25,2.29,0.47,5.27,0.7342275559946206,124.5
1989-02-28,-0.9270893247874682,98.0,25.52,38.62,3.24,0.45,0.0,0.0900493637734076,101.12
1989-03-31,-1.3169908814245803,97.87,29.25,28.62,3.2,0.45,0.0,-0.9270893247874682,59.62
1989-04-30,-1.249162347785838,97.52,31.54,22.19,2.25,0.44,0.0,-1.3169908814245803,66.06
1989-05-31,-1.0287999790211084,97.42,30.51,36.69,2.61,0.44,0.0,-1.249162347785838,67.56
1989-06-30,-0.6219573620865474,97.67,28.19,46.38,2.63,0.44,31.64,-1.0287999790211084,92.69
1989-07-31,0.0730761572514857,97.82,25.32,56.94,2.46,0.5,26.37,-0.6219573620865474,208.81
1989-08-31,1.056300578992991,97.94,24.9,67.25,1.88,0.58,68.55,0.0730761572514857,194.94
1989-09-30,1.4462021356301027,97.87,25.33,81.88,1.88,0.64,126.56,1.056300578992991,199.69
1989-10-31,1.6326823837999342,97.77,25.37,84.94,1.52,0.66,216.21,1.4462021356301027,220.81
1989-11-30,1.4123200150352049,97.83,24.76,83.25,1.47,0.59,305.86,1.6326823837999342,227.38
1989-12-31,1.005477398100644,97.78,23.53,75.44,1.8,0.53,152.93,1.4123200150352049,199.19
1990-01-31,0.3104438787626108,97.87,25.67,58.25,2.02,0.5,84.38,1.005477398100644,158.19
1990-02-28,-0.6727805429788942,97.74,26.4,50.56,2.25,0.47,0.0,0.3104438787626108,93.5
1990-03-31,-1.1643927538496466,97.79,28.72,40.5,2.7,0.45,0.0,-0.6727805429788942,81.94
1990-04-30,-1.3847872688388494,97.73,32.05,28.5,2.88,0.45,0.0,-1.1643927538496466,83.44
1990-05-31,-1.0965963664353775,97.47,29.54,22.25,2.91,0.45,0.0,-1.3847872688388494,72.25
1990-06-30,-0.7914644037344568,97.68,28.44,49.81,2.62,0.45,0.0,-1.0965963664353775,78.06
1990-07-31,-0.2659379260443331,97.84,26.21,64.0,2.3,0.47,15.82,-0.7914644037344568,222.5
1990-08-31,0.4799509204105199,97.88,25.31,68.0,1.89,0.54,89.65,-0.2659379260443331,208.56
1990-09-30,0.9715631312812724,97.96,25.91,76.62,1.61,0.59,94.92,0.4799509204105199,215.69
1990-10-31,0.9207078041644522,97.87,27.01,83.44,1.46,0.55,163.48,0.9715631312812724,221.94
1990-11-30,0.6325169017609804,97.77,27.83,80.56,1.66,0.51,232.03,0.9207078041644522,223.62
1990-12-31,0.3273849390600598,97.71,27.37,68.25,1.8,0.48,152.93,0.6325169017609804,203.56
1991-01-31,-0.1981415386300639,97.71,25.88,52.31,1.88,0.46,0.0,0.3273849390600598,175.38
1991-02-28,-0.9440303850849172,97.83,30.91,40.12,2.32,0.45,0.0,-0.1981415386300639,133.75
1991-03-31,-1.3678462085414005,97.62,31.02,26.94,1.84,0.44,0.0,-0.9440303850849172,71.81
1991-04-30,-1.26613555430776,97.49,31.65,32.56,2.09,0.43,0.0,-1.3678462085414005,70.19
1991-05-31,-0.7067269560227387,97.5,28.05,40.5,2.84,0.45,0.0,-1.26613555430776,120.75
1991-06-30,-0.4015949933218178,97.67,27.58,49.5,2.1,0.48,21.09,-0.7067269560227387,198.38
1991-07-31,0.2425831988993947,97.83,25.51,73.0,2.13,0.51,31.64,-0.4015949933218178,231.75
1991-08-31,1.039327372471068,97.94,24.69,74.25,1.76,0.59,174.02,0.2425831988993947,214.25
1991-09-30,1.0732416392904391,97.93,26.0,82.25,1.81,0.61,94.92,1.039327372471068,218.19
1991-10-31,1.124096966407259,97.92,26.28,87.0,1.41,0.57,200.39,1.0732416392904391,228.56
1991-11-30,0.564688368122238,97.8,25.64,79.81,1.55,0.52,247.85,1.124096966407259,236.06
1991-12-31,0.2595564054213172,97.81,23.65,74.0,1.84,0.49,31.64,0.564688368122238,216.38
1992-01-31,-0.3846217867998956,97.9,23.03,49.44,2.34,0.46,47.46,0.2595564054213172,211.06
1992-02-29,-1.181365960371569,97.93,26.29,39.0,2.87,0.45,0.0,-0.3846217867998956,98.12
1992-03-31,-1.2830766146052093,97.87,30.88,28.62,3.14,0.44,0.0,-1.181365960371569,75.44
1992-04-30,-1.3169908814245803,97.54,30.95,19.25,2.2,0.44,0.0,-1.2830766146052093,51.5
1992-05-31,-1.1474838397766711,97.55,29.73,22.25,2.66,0.44,0.0,-1.3169908814245803,69.0
1992-06-30,-0.9440625313093904,97.65,28.65,52.5,2.78,0.44,0.0,-1.1474838397766711,30.94
1992-07-31,-0.3507396662049977,97.81,25.85,61.5,2.49,0.48,36.91,-0.9440625313093904,203.69
1992-08-31,0.4290634470692263,97.96,24.83,65.88,1.84,0.52,52.73,-0.3507396662049977,220.0
1992-09-30,0.869820330823159,97.98,25.37,78.5,1.87,0.58,63.28,0.4290634470692263,209.06
1992-10-31,0.7681096765895188,97.83,27.11,83.69,1.52,0.54,184.57,0.869820330823159,216.19
1992-11-30,0.5986026349416094,97.8,25.69,80.56,1.73,0.5,242.58,0.7681096765895188,226.44
1992-12-31,0.3951813264743289,97.81,23.86,64.81,2.12,0.47,137.11,0.5986026349416094,159.31
1993-01-31,-0.1981415386300641,97.85,22.73,45.38,1.98,0.45,5.27,0.3951813264743289,183.69
1993-02-28,-0.977944651904288,98.0,27.7,36.69,3.0,0.45,0.0,-0.1981415386300641,83.44
1993-03-31,-1.4187015356582209,97.72,29.8,25.44,2.6,0.44,0.0,-0.977944651904288,73.62
1993-04-30,-1.4017283291362983,97.67,32.27,21.75,2.66,0.43,0.0,-1.4187015356582209,52.31
1993-05-31,-1.181365960371569,97.47,30.2,33.44,2.77,0.43,0.0,-1.4017283291362983,58.75
1993-06-30,-0.9270893247874682,97.57,28.82,38.19,2.73,0.44,0.0,-1.181365960371569,132.0
1993-07-31,-0.2998521928637043,97.85,26.25,63.19,2.35,0.47,10.55,-0.9270893247874682,216.5
1993-08-31,0.3273849390600598,97.9,25.58,63.94,1.79,0.52,68.55,-0.2998521928637043,227.62
1993-09-30,0.7342275559946206,97.93,25.7,77.69,1.52,0.54,79.1,0.3273849390600598,201.06
1993-10-31,0.7511686162920699,97.86,27.86,81.81,1.55,0.52,195.12,0.7342275559946206,212.44
1993-11-30,0.5308062475273402,97.76,28.51,81.0,1.78,0.48,195.12,0.7511686162920699,210.94
1993-12-31,0.2765296119432398,97.62,25.57,65.69,1.95,0.46,126.56,0.5308062475273402,207.19
1994-01-31,-0.3507075199805244,97.79,25.78,47.38,2.28,0.45,15.82,0.2765296119432398,178.75
1994-02-28,-0.9779446519042884,97.74,26.76,35.75,2.62,0.44,0.0,-0.3507075199805244,143.56
1994-03-31,-1.3169908814245803,97.76,31.58,27.0,2.73,0.43,0.0,-0.9779446519042884,66.5
1994-04-30,-1.26613555430776,97.54,32.14,19.81,2.26,0.42,0.0,-1.3169908814245803,60.62
1994-05-31,-0.9270893247874682,97.46,29.83,37.56,2.9,0.43,0.0,-1.26613555430776,67.75
1994-06-30,-0.6049841555646251,97.68,28.09,45.69,2.41,0.45,21.09,-0.9270893247874682,187.75
1994-07-31,0.0222529763591387,97.85,26.12,62.06,2.34,0.48,31.64,-0.6049841555646251,215.44
1994-08-31,1.056332725217464,97.9,24.73,67.69,2.16,0.56,105.47,0.0222529763591387,225.88
1994-09-30,1.7344251842580478,97.86,25.46,77.94,1.89,0.66,100.2,1.056332725217464,220.69
1994-10-31,1.886991165608508,97.86,25.8,86.62,1.62,0.66,195.12,1.7344251842580478,222.38
1994-11-30,1.547944936088216,97.78,23.77,84.56,1.25,0.59,321.68,1.886991165608508,227.75
1994-12-31,1.225839766865373,97.89,20.91,80.5,1.84,0.54,232.03,1.547944936088216,198.25
1995-01-31,0.5986026349416094,98.03,22.76,59.44,2.66,0.5,79.1,1.225839766865373,179.31
1995-02-28,-0.4354771139167158,97.96,25.07,48.0,2.46,0.48,0.0,0.5986026349416094,84.38
1995-03-31,-1.181365960371569,97.88,31.1,36.38,2.57,0.45,0.0,-0.4354771139167158,64.06
1995-04-30,-1.1135374267328264,97.54,30.77,29.44,2.38,0.46,0.0,-1.181365960371569,52.12
1995-05-31,-0.9440303850849172,97.43,29.46,38.75,2.48,0.46,0.0,-1.1135374267328264,65.38
1995-06-30,-0.7575501369150855,97.64,28.61,56.06,2.46,0.45,0.0,-0.9440303850849172,146.88
1995-07-31,-0.282878986341782,97.78,26.81,64.31,2.43,0.47,100.2,-0.7575501369150855,219.0
1995-08-31,0.818997149930812,97.74,25.26,67.31,2.12,0.55,52.73,-0.282878986341782,211.12
1995-09-30,1.1241291126317328,97.82,25.87,75.06,1.7,0.6,58.01,0.818997149930812,214.81
1995-10-31,0.8698203308231587,97.87,26.65,85.94,1.45,0.57,147.66,1.1241291126317328,219.69
1995-11-30,0.7003132891752496,97.74,25.18,82.5,1.62,0.52,342.77,0.8698203308231587,227.81
1995-12-31,0.513833041005418,97.83,25.41,75.06,2.0,0.49,94.92,0.7003132891752496,194.44
1996-01-31,0.0391618904321142,97.86,25.94,51.56,2.21,0.47,21.09,0.513833041005418,199.81
1996-02-29,-1.0627142458404797,97.66,28.74,43.81,2.11,0.45,0.0,0.0391618904321142,96.06
1996-03-31,-1.3678462085414005,97.55,31.25,34.44,2.28,0.44,0.0,-1.0627142458404797,95.06
1996-04-30,-1.3847872688388494,97.48,32.31,33.69,2.18,0.43,0.0,-1.3678462085414005,79.56
1996-05-31,-1.045741039318557,97.45,30.01,39.38,2.61,0.44,0.0,-1.3847872688388494,92.69
1996-06-30,-0.571069888745254,97.62,27.24,46.19,2.73,0.47,0.0,-1.045741039318557,198.0
1996-07-31,0.0391940366565875,97.82,25.9,62.56,2.1,0.49,15.82,-0.571069888745254,229.75
1996-08-31,0.8020239434088898,97.94,25.22,75.31,2.06,0.54,105.47,0.0391940366565875,209.06
1996-09-30,1.4462021356301027,97.88,25.5,79.56,1.84,0.61,147.66,0.8020239434088898,211.38
1996-10-31,1.4801164024494735,97.81,25.66,84.38,1.46,0.59,189.84,1.4462021356301027,216.62
1996-11-30,1.141070172929182,97.8,23.97,83.5,1.59,0.54,237.3,1.4801164024494735,227.25
1996-12-31,0.6663990223558786,97.8,24.63,74.31,2.01,0.5,200.39,1.141070172929182,199.75
1997-01-31,0.0561350969540366,97.81,25.15,47.75,1.97,0.47,26.37,0.6663990223558786,150.19
1997-02-28,-0.7066948097982654,97.78,24.46,40.88,2.18,0.45,0.0,0.0561350969540366,82.19
1997-03-31,-1.2322212874883889,97.91,28.99,31.44,3.18,0.45,0.0,-0.7066948097982654,87.25
1997-04-30,-1.198339166893491,97.62,30.01,21.5,2.45,0.45,0.0,-1.2322212874883889,66.38
1997-05-31,-0.9101482644900194,97.63,27.96,38.0,2.98,0.46,0.0,-1.198339166893491,63.88
1997-06-30,-0.452450320438638,97.8,27.66,56.88,2.15,0.47,36.91,-0.9101482644900194,119.12
1997-07-31,0.0900172175489345,97.8,26.41,71.69,1.92,0.49,36.91,-0.452450320438638,234.19
1997-08-31,0.6663990223558782,97.92,25.84,72.88,1.99,0.52,89.65,0.0900172175489345,205.5
1997-09-30,0.9207078041644522,97.97,26.43,79.69,1.57,0.55,142.38,0.6663990223558782,192.12
1997-10-31,0.9037667438670034,97.86,27.98,82.44,1.48,0.52,168.75,0.9207078041644522,221.81
1997-11-30,0.6155758414635312,97.73,27.65,80.12,1.75,0.48,179.3,0.9037667438670034,211.19
1997-12-31,0.1578778974121501,97.74,24.92,69.44,1.9,0.46,116.02,0.6155758414635312,170.25
1998-01-31,-0.3845896405754222,97.9,24.85,44.38,2.0,0.45,31.64,0.1578778974121501,195.38
1998-02-28,-0.960971445382366,97.84,28.51,34.88,2.7,0.44,0.0,-0.3845896405754222,115.5
1998-03-31,-1.3339319417220292,97.88,29.79,26.5,2.82,0.43,0.0,-0.960971445382366,77.62
1998-04-30,-1.350873002019478,97.66,33.76,23.94,2.79,0.43,0.0,-1.3339319417220292,67.5
1998-05-31,-0.8423197308512769,97.46,29.8,17.12,2.64,0.45,0.0,-1.350873002019478,74.25
1998-06-30,-0.3507075199805244,97.7,27.85,43.94,2.62,0.48,0.0,-0.8423197308512769,56.31
1998-07-31,0.2765296119432394,97.91,26.54,68.06,2.02,0.5,26.37,-0.3507075199805244,211.19
1998-08-31,1.141102319153655,97.88,25.52,74.31,1.79,0.56,158.2,0.2765296119432394,219.25
1998-09-30,1.7174841239605991,97.83,25.59,78.5,1.85,0.62,152.93,1.141102319153655,215.75
1998-10-31,1.7513662445554967,97.83,26.71,84.81,1.42,0.62,195.12,1.7174841239605991,220.31
1998-11-30,1.2428129733872957,97.83,26.42,84.62,1.48,0.55,268.95,1.7513662445554967,229.06
1998-12-31,0.7512007625165429,97.73,24.63,73.75,1.62,0.51,179.3,1.2428129733872957,220.69
1999-01-31,0.1239636305927789,97.84,25.07,51.38,2.15,0.48,36.91,0.7512007625165429,170.0
1999-02-28,-0.7236680163201876,97.71,27.9,44.25,2.14,0.46,0.0,0.1239636305927789,105.75
1999-03-31,-1.3000498211271314,97.65,31.99,33.75,2.38,0.45,0.0,-0.7236680163201876,81.5
1999-04-30,-1.3847872688388494,97.36,32.08,29.12,2.2,0.44,0.0,-1.3000498211271314,67.31
1999-05-31,-1.1474516935521977,97.51,31.47,37.88,2.5,0.44,5.27,-1.3847872688388494,29.69
1999-06-30,-0.8592607911487258,97.61,29.62,43.88,2.25,0.45,0.0,-1.1474516935521977,234.62
1999-07-31,-0.4693592345116135,97.72,26.45,52.0,2.24,0.46,10.55,-0.8592607911487258,211.81
1999-08-31,0.3612992058794308,97.87,24.96,60.44,2.02,0.51,73.83,-0.4693592345116135,198.56
1999-09-30,1.056332725217464,97.87,25.54,75.38,1.92,0.59,89.65,0.3612992058794308,193.12
1999-10-31,1.2258397668653729,97.78,26.14,84.5,1.23,0.6,121.29,1.056332725217464,228.75
1999-11-30,0.9885041915787214,97.8,25.98,82.81,1.41,0.55,263.67,1.2258397668653729,231.5
1999-12-31,0.7003132891752496,97.75,23.29,73.56,1.76,0.5,216.21,0.9885041915787214,197.0
2000-01-31,0.3104117325381372,97.81,26.01,45.62,2.45,0.48,63.28,0.7003132891752496,165.25
2000-02-29,-0.5371877681503562,97.65,24.87,33.69,2.55,0.45,0.0,0.3104117325381372,73.31
2000-03-31,-1.2152802271909402,97.87,28.73,32.31,3.48,0.45,0.0,-0.5371877681503562,59.5
2000-04-30,-1.3847872688388496,97.55,32.8,19.69,2.73,0.44,0.0,-1.2152802271909402,65.25
2000-05-31,-1.2491623477858382,97.35,32.56,23.94,2.33,0.43,0.0,-1.3847872688388496,50.81
2000-06-30,-0.7406090766176369,97.54,27.67,41.5,2.52,0.45,5.27,-1.2491623477858382,57.31
2000-07-31,-0.0794898240989751,97.83,25.66,47.38,2.11,0.5,10.55,-0.7406090766176369,208.19
2000-08-31,0.4799187741860462,97.82,25.53,70.81,1.86,0.53,42.19,-0.0794898240989751,203.12
2000-09-30,0.9376488644619012,97.92,25.8,79.81,1.63,0.55,158.2,0.4799187741860462,205.38
2000-10-31,1.124096966407259,97.79,26.56,80.75,1.58,0.55,205.66,0.9376488644619012,214.56
2000-11-30,0.9884720453542476,97.82,26.78,80.62,1.72,0.5,174.02,1.124096966407259,200.06
2000-12-31,0.4799187741860462,97.7,23.65,70.0,2.03,0.48,147.66,0.9884720453542476,183.19
2001-01-31,-0.1812004783326154,97.9,23.19,42.88,2.19,0.45,68.55,0.4799187741860462,160.5
2001-02-28,-0.7406090766176369,97.9,25.21,30.94,2.49,0.45,0.0,-0.1812004783326154,103.81
2001-03-31,-1.2152802271909402,97.77,30.67,23.94,2.95,0.43,0.0,-0.7406090766176369,67.94
2001-04-30,-1.4356425959556696,97.55,32.54,17.19,2.16,0.43,0.0,-1.2152802271909402,66.69
2001-05-31,-1.2830766146052095,97.47,30.49,22.25,2.84,0.43,0.0,-1.4356425959556696,56.75
2001-06-30,-0.9948857122017374,97.65,28.73,43.94,2.84,0.43,0.0,-1.2830766146052095,86.5
2001-07-31,-0.3167932531611533,97.83,26.39,59.06,2.48,0.46,0.0,-0.9948857122017374,212.0
2001-08-31,0.5647205143467112,97.89,25.53,63.75,1.91,0.54,47.46,-0.3167932531611533,215.06
2001-09-30,1.1241291126317328,98.0,25.44,77.06,1.59,0.6,89.65,0.5647205143467112,215.12
2001-10-31,1.1410701729291814,97.86,26.35,83.56,1.53,0.58,210.94,1.1241291126317328,220.69
2001-11-30,0.988504191578721,97.84,26.11,82.88,1.65,0.52,274.22,1.1410701729291814,228.81
2001-12-31,0.7003132891752493,97.81,25.26,65.44,1.84,0.48,174.02,0.988504191578721,193.06
2002-01-31,0.0222208301346654,97.79,23.62,42.5,2.27,0.46,5.27,0.7003132891752493,133.25
2002-02-28,-0.8592929373731992,97.94,26.44,32.5,3.19,0.45,0.0,0.0222208301346654,97.12
2002-03-31,-1.3847872688388496,97.77,31.17,23.38,2.72,0.44,0.0,-0.8592929373731992,74.25
2002-04-30,-1.4017283291362983,97.51,33.49,16.38,2.14,0.43,0.0,-1.3847872688388496,58.75
2002-05-31,-1.1135374267328266,97.33,30.23,31.62,2.84,0.44,0.0,-1.4017283291362983,50.25
2002-06-30,-0.910116118265546,97.64,28.94,42.56,2.45,0.44,10.55,-1.1135374267328266,112.0
2002-07-31,-0.2489968657468844,97.85,26.62,61.81,2.51,0.47,0.0,-0.910116118265546,223.94
2002-08-31,0.5816615746441601,97.96,25.56,63.94,1.79,0.54,89.65,-0.2489968657468844,206.44
2002-09-30,1.0732737855149124,97.93,25.76,78.25,1.55,0.6,63.28,0.5816615746441601,212.88
2002-10-31,1.1919255000460014,97.91,26.09,83.38,1.41,0.58,205.66,1.0732737855149124,217.62
2002-11-30,0.9037345976425292,97.8,26.4,83.0,1.58,0.52,258.4,1.1919255000460014,200.19
2002-12-31,0.7003132891752488,97.85,24.19,71.81,1.8,0.49,163.48,0.9037345976425292,197.19
2003-01-31,0.0391940366565874,97.98,24.68,45.69,2.48,0.47,36.91,0.7003132891752488,156.88
2003-02-28,-0.7914644037344569,97.93,29.43,33.0,2.17,0.45,0.0,0.0391940366565874,106.81
2003-03-31,-1.2661355543077604,97.66,29.94,26.69,2.39,0.44,0.0,-0.7914644037344569,66.75
2003-04-30,-1.3000176749026582,97.61,31.53,23.44,2.59,0.44,0.0,-1.2661355543077604,57.5
2003-05-31,-0.9440303850849172,97.54,30.72,23.5,2.71,0.43,0.0,-1.3000176749026582,64.62
2003-06-30,-0.4015628470973447,97.67,26.77,51.38,2.52,0.48,15.82,-0.9440303850849172,61.25
2003-07-31,0.0731083034759586,97.83,25.87,57.0,1.82,0.52,26.37,-0.4015628470973447,208.0
2003-08-31,1.191957646270475,97.94,25.4,78.19,1.64,0.61,110.74,0.0731083034759586,206.5
2003-09-30,1.5649181426101384,97.91,25.59,81.31,1.59,0.66,168.75,1.191957646270475,213.69
2003-10-31,1.632714530024407,97.93,26.84,85.31,1.38,0.64,147.66,1.5649181426101384,225.69
2003-11-30,1.2767272402066665,97.73,26.21,83.31,1.45,0.57,348.05,1.632714530024407,225.69
2003-12-31,0.734259702219094,97.73,23.96,76.88,1.7,0.52,131.84,1.2767272402066665,177.81
2004-01-31,0.2595885516457902,97.87,25.37,55.75,2.18,0.48,47.46,0.734259702219094,166.06
2004-02-29,-0.8592607911487258,97.75,26.73,38.81,2.4,0.46,0.0,0.2595885516457902,102.81
2004-03-31,-1.2830766146052093,97.78,29.22,32.44,2.7,0.45,0.0,-0.8592607911487258,65.31
2004-04-30,-1.3847872688388494,97.63,31.87,24.12,2.69,0.44,0.0,-1.2830766146052093,57.12
2004-05-31,-0.960971445382366,97.52,29.06,23.88,2.81,0.45,0.0,-1.3847872688388494,67.69
2004-06-30,-0.5202145616284338,97.73,26.87,51.5,2.45,0.48,0.0,-0.960971445382366,63.19
2004-07-31,0.0561672431785101,97.98,25.61,69.75,1.88,0.52,15.82,-0.5202145616284338,234.81
2004-08-31,0.6155758414635315,97.91,25.5,77.94,1.55,0.55,131.84,0.0561672431785101,210.0
2004-09-30,1.158043379451104,97.95,25.62,81.62,1.63,0.59,137.11,0.6155758414635315,217.12
2004-10-31,1.141102319153655,97.87,27.09,84.0,1.3,0.58,179.3,1.158043379451104,224.0
2004-11-30,0.7172864956971717,97.77,26.78,83.81,1.52,0.52,174.02,1.141102319153655,223.5
2004-12-31,0.2765296119432394,97.73,25.82,71.62,1.76,0.49,168.75,0.7172864956971717,211.62
2005-01-31,-0.2998521928637043,97.72,23.62,52.38,1.95,0.47,10.55,0.2765296119432394,202.75
2005-02-28,-0.8592607911487258,97.85,30.15,29.5,2.88,0.45,0.0,-0.2998521928637043,106.12
2005-03-31,-1.367814062316927,97.54,32.28,25.56,2.67,0.44,0.0,-0.8592607911487258,69.94
2005-04-30,-1.4017283291362983,97.54,33.05,26.31,2.27,0.43,0.0,-1.367814062316927,49.75
2005-05-31,-1.1983070206690178,97.48,30.04,38.12,2.62,0.43,0.0,-1.4017283291362983,42.06
2005-06-30,-0.6727805429788942,97.67,27.45,44.56,2.25,0.45,10.55,-1.1983070206690178,163.69
2005-07-31,0.1578778974121501,97.81,25.86,61.38,2.0,0.51,0.0,-0.6727805429788942,227.38
2005-08-31,0.9207078041644522,97.96,25.59,75.38,1.73,0.6,63.28,0.1578778974121501,210.0
2005-09-30,1.4462021356301027,97.88,26.22,83.0,1.68,0.66,163.48,0.9207078041644522,220.62
2005-10-31,1.5648538501611922,97.87,26.3,85.31,1.27,0.64,258.4,1.4462021356301027,230.62
2005-11-30,1.3614325416939108,97.83,25.6,82.69,1.42,0.57,237.3,1.5648538501611922,233.81
2005-12-31,0.8359060640037872,97.74,25.21,74.25,1.67,0.52,174.02,1.3614325416939108,194.19
2006-01-31,0.0052476236127432,97.68,27.08,47.38,2.2,0.48,36.91,0.8359060640037872,172.69
2006-02-28,-0.7575822831395589,97.61,29.58,34.94,2.09,0.46,0.0,0.0052476236127432,73.12
2006-03-31,-1.3169908814245803,97.54,31.05,30.94,2.45,0.45,0.0,-0.7575822831395589,53.0
2006-04-30,-1.3847872688388494,97.57,31.8,24.12,2.02,0.44,0.0,-1.3169908814245803,50.62
2006-05-31,-1.16442490007412,97.45,29.58,26.88,2.27,0.45,0.0,-1.3847872688388494,25.62
2006-06-30,-0.9440625313093904,97.71,28.51,35.25,2.46,0.45,0.0,-1.16442490007412,79.56
2006-07-31,-0.2829432787907288,97.81,27.06,63.62,2.2,0.47,15.82,-0.9440625313093904,203.19
2006-08-31,0.649425815833956,97.9,25.32,68.12,1.86,0.55,68.55,-0.2829432787907288,213.94
2006-09-30,1.2427486809383488,97.86,25.47,76.56,1.41,0.64,68.55,0.649425815833956,219.25
2006-10-31,1.42922892910818,97.89,26.73,86.31,1.36,0.64,205.66,1.2427486809383488,222.62
2006-11-30,1.2088665603434507,97.76,24.69,84.75,1.29,0.58,290.04,1.42922892910818,225.75
2006-12-31,0.9885041915787214,97.81,22.26,78.19,1.85,0.52,184.57,1.2088665603434507,206.81
2007-01-31,0.3273849390600598,97.96,21.55,48.31,2.24,0.49,73.83,0.9885041915787214,194.31
2007-02-28,-0.6049841555646251,97.99,26.83,37.88,2.82,0.47,0.0,0.3273849390600598,72.81
2007-03-31,-1.1983070206690178,97.73,29.96,31.69,2.49,0.45,0.0,-0.6049841555646251,62.5
2007-04-30,-1.3339319417220292,97.54,31.15,23.0,2.55,0.45,0.0,-1.1983070206690178,59.31
2007-05-31,-1.0287999790211084,97.48,29.38,25.38,2.72,0.45,0.0,-1.3339319417220292,56.94
2007-06-30,-0.5541288284478049,97.65,26.87,56.5,2.24,0.49,0.0,-1.0287999790211084,75.19
2007-07-31,0.0391940366565875,97.83,26.17,68.62,2.22,0.49,31.64,-0.5541288284478049,230.56
2007-08-31,1.3784057482158334,97.87,25.0,78.19,1.95,0.61,94.92,0.0391940366565875,213.19
2007-09-30,1.802221571672317,97.81,25.76,79.5,1.66,0.73,147.66,1.3784057482158334,213.75
2007-10-31,1.7174519777361257,97.89,26.24,86.44,1.36,0.68,184.57,1.802221571672317,229.81
2007-11-30,1.4123200150352049,97.77,25.65,83.88,1.34,0.61,416.6,1.7174519777361257,238.12
2007-12-31,0.9376488644619012,97.71,23.82,79.31,1.48,0.55,131.84,1.4123200150352049,194.06
2008-01-31,0.3443259993575086,97.81,21.61,59.94,1.91,0.51,5.27,0.9376488644619012,189.62
2008-02-29,-0.9948857122017372,97.89,24.72,45.62,2.99,0.48,0.0,0.3443259993575086,100.25
2008-03-31,-1.4187015356582209,97.84,30.33,33.12,3.01,0.46,0.0,-0.9948857122017372,69.0
2008-04-30,-1.3678462085414005,97.47,31.52,26.31,2.2,0.45,0.0,-1.4187015356582209,46.25
2008-05-31,-1.3169908814245803,97.42,31.0,31.06,2.28,0.45,0.0,-1.3678462085414005,65.19
2008-06-30,-0.9270893247874682,97.58,28.97,39.06,2.41,0.45,0.0,-1.3169908814245803,70.19
2008-07-31,-0.4185360536192669,97.76,25.98,54.12,2.29,0.48,21.09,-0.9270893247874682,161.69
2008-08-31,0.4290634470692263,97.9,25.23,65.06,1.88,0.52,15.82,-0.4185360536192669,209.81
2008-09-30,1.0732416392904394,97.79,25.53,79.81,1.62,0.62,121.29,0.4290634470692263,204.62
2008-10-31,1.124096966407259,97.87,26.29,84.0,1.27,0.62,158.2,1.0732416392904394,224.12
2008-11-30,1.0732416392904394,97.81,25.94,84.88,1.41,0.55,263.67,1.124096966407259,218.0
2008-12-31,0.683340082653327,97.75,25.35,73.69,1.8,0.51,200.39,1.0732416392904394,191.88
2009-01-31,0.1747868114851259,97.74,26.08,46.19,2.19,0.48,36.91,0.683340082653327,138.44
2009-02-28,-0.6728126892033676,97.76,29.19,40.19,2.1,0.45,0.0,0.1747868114851259,83.38
2009-03-31,-1.3169908814245803,97.56,31.15,31.75,2.09,0.45,0.0,-0.6728126892033676,71.0
2009-04-30,-1.4356425959556696,97.47,31.74,30.62,2.34,0.44,0.0,-1.3169908814245803,43.31
2009-05-31,-1.3847872688388494,97.54,30.45,30.12,2.8,0.43,0.0,-1.4356425959556696,96.62
2009-06-30,-0.9270893247874682,97.62,28.51,50.31,2.47,0.45,0.0,-1.3847872688388494,111.0
2009-07-31,-0.4015628470973447,97.83,26.28,58.94,2.24,0.48,0.0,-0.9270893247874682,229.12
2009-08-31,0.5477473078247891,97.91,25.41,68.75,1.83,0.56,15.82,-0.4015628470973447,202.75
2009-09-30,1.056300578992991,97.87,25.71,80.44,1.34,0.65,142.38,0.5477473078247891,209.94
2009-10-31,1.3444914813964624,97.93,26.28,85.62,1.28,0.63,163.48,1.056300578992991,225.94
2009-11-30,1.2936361542796422,97.76,25.03,85.12,1.54,0.59,295.31,1.3444914813964624,209.62
2009-12-31,0.8359382102282612,97.8,24.55,81.12,1.75,0.53,158.2,1.2936361542796422,189.31
2010-01-31,0.3104117325381376,97.85,24.95,60.5,2.02,0.49,89.65,0.8359382102282612,197.69
2010-02-28,-0.6388984223839963,97.83,29.4,40.94,2.18,0.47,0.0,0.3104117325381376,86.44
2010-03-31,-1.1474516935521977,97.64,30.54,29.12,2.12,0.45,0.0,-0.6388984223839963,75.19
2010-04-30,-1.4017283291362983,97.66,31.97,30.75,2.66,0.45,0.0,-1.1474516935521977,53.5
2010-05-31,-1.0118267724991865,97.53,29.13,30.5,2.5,0.46,0.0,-1.4017283291362983,72.75
2010-06-30,-0.4015628470973446,97.66,27.3,48.75,2.37,0.48,0.0,-1.0118267724991865,119.31
2010-07-31,0.1069904240708567,97.89,25.73,71.38,2.0,0.52,10.55,-0.4015628470973446,215.12
2010-08-31,1.056300578992991,97.87,25.32,78.0,2.03,0.59,121.29,0.1069904240708567,215.06
2010-09-30,1.7004787712142029,97.86,25.16,82.62,1.56,0.68,189.84,1.056300578992991,211.81
2010-10-31,2.039525000734495,97.82,25.97,86.31,1.34,0.7,158.2,1.7004787712142029,228.0
2010-11-30,1.649623444097383,97.76,26.14,86.06,1.46,0.65,295.31,2.039525000734495,231.56
2010-12-31,1.0393595186955418,97.67,23.4,83.38,1.34,0.58,200.39,1.649623444097383,201.94
2011-01-31,0.5308062475273402,97.72,22.73,66.31,1.83,0.54,116.02,1.0393595186955418,200.0
2011-02-28,-0.4185039073947936,97.73,28.26,45.81,2.41,0.5,0.0,0.5308062475273402,124.56
2011-03-31,-1.0626820996160065,97.6,30.52,40.94,2.3,0.48,0.0,-0.4185039073947936,76.19
2011-04-30,-1.4356425959556696,97.49,31.24,44.0,2.15,0.45,0.0,-1.0626820996160065,75.5
2011-05-31,-1.21528022719094,97.46,29.44,44.88,2.45,0.45,0.0,-1.4356425959556696,96.56
2011-06-30,-1.0457731855430306,97.64,28.01,43.56,2.4,0.46,0.0,-1.21528022719094,145.5
2011-07-31,-0.4355092601411891,97.81,26.61,66.38,2.16,0.47,0.0,-1.0457731855430306,208.38
2011-08-31,0.4290634470692263,97.85,25.3,70.94,1.77,0.54,68.55,-0.4355092601411891,214.94
2011-09-30,0.90373459764253,97.88,25.85,77.56,1.56,0.59,52.73,0.4290634470692263,213.5
2011-10-31,1.039359518695541,97.91,26.72,84.25,1.42,0.57,189.84,0.90373459764253,213.81
2011-11-30,0.818997149930812,97.69,26.23,81.56,1.47,0.52,268.95,1.039359518695541,214.25
2011-12-31,0.6494901082829027,97.75,23.23,73.81,1.75,0.48,147.66,0.818997149930812,187.88
2012-01-31,0.0392261828810608,97.89,24.76,42.44,2.34,0.46,42.19,0.6494901082829027,155.69
2012-02-29,-0.8084054640319056,97.85,28.6,30.69,2.56,0.45,0.0,0.0392261828810608,102.69
2012-03-31,-1.2830766146052093,97.57,30.01,26.88,2.3,0.44,0.0,-0.8084054640319056,62.12
2012-04-30,-1.3847872688388494,97.63,31.19,28.5,2.58,0.43,0.0,-1.2830766146052093,50.94
2012-05-31,-1.0287999790211084,97.52,28.5,24.62,2.95,0.45,5.27,-1.3847872688388494,65.0
2012-06-30,-0.5371877681503561,97.74,27.08,51.5,2.41,0.46,0.0,-1.0287999790211084,88.38
2012-07-31,0.140904690890228,97.89,25.6,69.44,1.89,0.52,10.55,-0.5371877681503561,222.0
2012-08-31,1.005477398100644,97.88,25.06,75.38,1.57,0.59,110.74,0.140904690890228,211.62
2012-09-30,1.4631753421520248,97.93,25.28,82.88,1.59,0.66,152.93,1.005477398100644,220.88
2012-10-31,1.5479127898637428,97.94,26.62,85.25,1.53,0.65,210.94,1.4631753421520248,229.69
2012-11-30,1.1919255000460025,97.77,26.63,85.12,1.34,0.58,274.22,1.5479127898637428,227.44
2012-12-31,0.7003132891752496,97.75,24.04,78.94,1.59,0.52,142.38,1.1919255000460025,229.69
2013-01-31,0.0222208301346654,97.82,25.42,59.81,2.16,0.49,36.91,0.7003132891752496,171.94
2013-02-28,-0.8592929373731991,97.87,28.14,45.75,2.31,0.47,0.0,0.0222208301346654,124.81
2013-03-31,-1.3169908814245803,97.65,32.58,37.75,2.28,0.45,0.0,-0.8592929373731991,82.56
2013-04-30,-1.3678462085414005,97.53,31.06,33.56,2.48,0.45,0.0,-1.3169908814245803,59.38
2013-05-31,-1.181365960371569,97.62,29.98,45.06,2.48,0.45,0.0,-1.3678462085414005,80.81
2013-06-30,-0.7406090766176365,97.73,27.86,55.94,2.34,0.45,0.0,-1.181365960371569,210.38
2013-07-31,-0.3507075199805244,97.84,26.06,62.56,2.18,0.49,21.09,-0.7406090766176365,213.06
2013-08-31,0.3273849390600598,97.94,25.19,72.31,1.59,0.52,58.01,-0.3507075199805244,211.19
2013-09-30,0.5986347811660823,97.86,26.05,79.44,1.53,0.55,137.11,0.3273849390600598,213.12
2013-10-31,0.6156079876880045,97.9,27.69,83.88,1.21,0.52,121.29,0.5986347811660823,223.62
2013-11-30,0.4291277395181729,97.82,28.58,80.94,1.55,0.48,210.94,0.6156079876880045,227.62
2013-12-31,-0.0116291442357592,97.65,26.12,62.06,1.75,0.46,84.38,0.4291277395181729,200.19
2014-01-31,-0.4015307008728712,97.83,26.45,38.19,2.43,0.45,26.37,-0.0116291442357592,125.12
2014-02-28,-1.0796231599134554,97.79,28.48,27.0,2.5,0.44,0.0,-0.4015307008728712,79.56
2014-03-31,-1.350873002019478,97.67,31.38,24.44,3.05,0.43,0.0,-1.0796231599134554,53.81
2014-04-30,-1.249162347785838,97.57,31.63,17.81,2.23,0.43,0.0,-1.350873002019478,61.56
2014-05-31,-1.0118267724991865,97.59,29.8,30.31,2.52,0.44,0.0,-1.249162347785838,52.69
2014-06-30,-0.7914644037344568,97.67,29.2,51.75,2.25,0.44,0.0,-1.0118267724991865,271.44
2014-07-31,-0.5032735013309849,97.82,27.77,63.25,2.14,0.45,58.01,-0.7914644037344568,207.44
2014-08-31,0.3104117325381372,97.99,25.56,65.44,1.92,0.49,73.83,-0.5032735013309849,193.12
2014-09-30,1.0054452518761705,97.92,25.37,70.31,1.66,0.58,68.55,0.3104117325381372,206.25
2014-10-31,0.8867613911206079,97.92,27.01,83.31,1.4,0.57,89.65,1.0054452518761705,215.75
2014-11-30,0.649425815833956,97.83,27.42,84.19,1.59,0.52,253.12,0.8867613911206079,221.88
2014-12-31,0.4290634470692266,97.78,25.19,71.75,1.84,0.48,216.21,0.649425815833956,187.12
2015-01-31,0.1408725446657545,97.91,23.36,48.88,2.2,0.46,21.09,0.4290634470692266,154.56
2015-02-28,-0.6558716289059187,98.03,29.3,30.5,2.83,0.45,0.0,0.1408725446657545,123.0
2015-03-31,-1.3169908814245803,97.69,30.38,23.31,2.37,0.44,0.0,-0.6558716289059187,65.31
2015-04-30,-1.3847872688388494,97.62,31.26,26.5,2.41,0.43,0.0,-1.3169908814245803,57.31
2015-05-31,-1.2152802271909402,97.68,30.94,31.94,2.36,0.43,5.27,-1.3847872688388494,55.25
2015-06-30,-1.1305106332547488,97.69,29.76,33.44,2.7,0.43,10.55,-1.2152802271909402,69.69
2015-07-31,-0.5541288284478051,97.87,27.41,56.38,2.64,0.45,0.0,-1.1305106332547488,120.62
2015-08-31,0.3782402661768796,97.91,25.43,60.75,1.83,0.53,52.73,-0.5541288284478051,211.19
2015-09-30,1.2258397668653729,97.9,26.12,73.94,1.48,0.66,26.37,0.3782402661768796,211.88
2015-10-31,1.4462021356301022,97.89,27.37,86.38,1.27,0.66,179.3,1.2258397668653729,217.5
2015-11-30,1.2766950939821933,97.84,25.44,83.94,1.28,0.59,295.31,1.4462021356301022,215.44
2015-12-31,1.1919255000460018,97.87,20.9,77.0,1.8,0.53,274.22,1.2766950939821933,175.12
2016-01-31,0.6155436952390578,98.19,22.5,52.94,3.04,0.49,68.55,1.1919255000460018,200.06
2016-02-29,-0.3337664596830754,98.05,26.28,39.75,3.08,0.47,0.0,0.6155436952390578,74.81
2016-03-31,-1.181365960371569,97.83,32.19,29.12,2.63,0.45,0.0,-0.3337664596830754,61.06
2016-04-30,-1.3000176749026582,97.65,32.49,22.62,2.02,0.45,0.0,-1.181365960371569,59.06
2016-05-31,-1.1305106332547488,97.56,31.05,34.94,2.62,0.45,0.0,-1.3000176749026582,58.06
2016-06-30,-0.7745233434370078,97.77,28.4,52.56,2.83,0.45,10.55,-1.1305106332547488,284.31
2016-07-31,-0.2320558054494353,97.94,26.24,59.25,2.23,0.48,31.64,-0.7745233434370078,216.0
2016-08-31,0.3951813264743286,97.91,25.89,68.38,1.68,0.53,52.73,-0.2320558054494353,214.25
2016-09-30,1.0902148458123615,97.92,25.76,80.62,1.43,0.59,110.74,0.3951813264743286,213.06
2016-10-31,1.039359518695541,97.94,27.32,82.56,1.23,0.58,168.75,1.0902148458123615,212.06
2016-11-30,0.8698524770476324,97.76,27.62,83.62,1.49,0.52,195.12,1.039359518695541,214.12
2016-12-31,0.5138651872298914,97.75,26.41,68.69,1.78,0.48,226.76,0.8698524770476324,190.12
2017-01-31,-0.0286023507576812,97.81,26.55,48.5,2.24,0.46,15.82,0.5138651872298914,156.0
2017-02-28,-0.6558394826814453,97.79,27.34,37.62,2.45,0.45,0.0,-0.0286023507576812,95.88
2017-03-31,-1.3847872688388494,97.78,31.21,26.06,3.05,0.44,0.0,-0.6558394826814453,79.88
2017-04-30,-1.21528022719094,97.55,31.94,17.0,2.27,0.44,0.0,-1.3847872688388494,52.56
2017-05-31,-0.9779446519042884,97.54,29.53,22.19,2.47,0.45,0.0,-1.21528022719094,68.44
2017-06-30,-0.2998521928637043,97.72,27.56,47.69,2.5,0.48,0.0,-0.9779446519042884,80.81
2017-07-31,0.4629777138885977,97.84,26.04,65.88,1.88,0.54,68.55,-0.2998521928637043,205.44
2017-08-31,1.513998523044371,97.98,25.44,75.88,1.59,0.63,73.83,0.4629777138885977,208.12
2017-09-30,1.9716964670957529,97.89,25.89,82.38,1.61,0.72,210.94,1.513998523044371,212.0
2017-10-31,1.8361036922672145,97.9,25.77,85.44,1.27,0.7,237.3,1.9716964670957529,223.0
2017-11-30,1.5987681169805628,97.84,24.79,84.25,1.33,0.62,326.95,1.8361036922672145,216.25
2017-12-31,0.920675657939979,97.81,23.76,72.06,1.57,0.56,142.38,1.5987681169805628,207.94
2018-01-31,0.1578457511876768,97.86,21.81,56.44,2.05,0.52,26.37,0.920675657939979,138.62
2018-02-28,-0.893175057968097,97.93,28.02,49.5,2.52,0.48,0.0,0.1578457511876768,95.06
2018-03-31,-1.3000176749026582,97.6,30.8,35.69,2.19,0.46,0.0,-0.893175057968097,67.94
2018-04-30,-1.3847872688388494,97.59,32.21,36.06,2.38,0.45,0.0,-1.3000176749026582,72.12
2018-05-31,-1.0965963664353775,97.54,29.8,40.5,2.7,0.45,0.0,-1.3847872688388494,69.38
2018-06-30,-0.4693592345116135,97.68,26.79,48.19,2.69,0.5,15.82,-1.0965963664353775,159.12
2018-07-31,0.5647205143467112,97.88,25.71,64.62,1.97,0.59,0.0,-0.4693592345116135,212.56
2018-08-31,1.5818592029075875,97.95,25.15,80.69,1.58,0.68,89.65,0.5647205143467112,218.94
2018-09-30,2.1412678011926087,97.94,25.67,83.94,1.63,0.77,195.12,1.5818592029075875,216.69
2018-10-31,2.3616301699573383,97.81,26.26,86.12,1.27,0.78,321.68,2.1412678011926087,213.56
2018-11-30,2.073439267553866,97.8,24.77,85.44,1.21,0.7,316.41,2.3616301699573383,225.81
2018-12-31,1.4462021356301027,97.78,21.67,80.25,1.56,0.62,189.84,2.073439267553866,175.81
2019-01-31,0.4121223867717778,97.99,23.73,62.88,2.25,0.57,68.55,1.4462021356301027,185.88
2019-02-28,-0.6050163017890985,97.92,25.98,54.88,2.02,0.52,0.0,0.4121223867717778,91.69
2019-03-31,-1.198339166893491,97.81,30.52,40.62,2.26,0.48,0.0,-0.6050163017890985,68.0
2019-04-30,-1.3000498211271314,97.67,31.58,33.5,1.99,0.47,0.0,-1.198339166893491,63.56
2019-05-31,-0.9270893247874682,97.56,28.37,37.75,2.44,0.48,0.0,-1.3000498211271314,71.0
2019-06-30,-0.469391380736087,97.69,27.47,51.12,2.22,0.5,5.27,-0.9270893247874682,100.31
2019-07-31,0.0391618904321142,97.91,26.12,72.69,2.05,0.52,36.91,-0.469391380736087,220.31
2019-08-31,0.7850507368869672,97.9,25.22,77.31,1.66,0.57,116.02,0.0391618904321142,216.69
2019-09-30,1.3444914813964624,97.97,25.98,82.06,1.72,0.65,142.38,0.7850507368869672,213.25
2019-10-31,1.547944936088216,97.89,25.71,85.44,1.27,0.67,158.2,1.3444914813964624,223.06
2019-11-30,1.1749844397485527,97.76,26.22,84.69,1.3,0.62,232.03,1.547944936088216,225.62
2019-12-31,0.7172864956971717,97.73,22.41,85.0,1.45,0.55,179.3,1.1749844397485527,178.56
2020-01-31,0.2087332245289704,97.89,22.79,62.06,2.25,0.52,100.2,0.7172864956971717,152.75
2020-02-29,-0.5371556219258827,97.99,25.03,47.0,2.78,0.48,0.0,0.2087332245289704,99.25
2020-03-31,-0.9948857122017372,97.89,30.73,40.06,3.02,0.47,0.0,-0.5371556219258827,71.69
2020-04-30,-1.181365960371569,97.61,30.64,28.06,2.23,0.46,0.0,-0.9948857122017372,67.5
2020-05-31,-0.9610035916068396,97.67,30.08,45.38,2.8,0.45,0.0,-1.181365960371569,66.5
2020-06-30,-0.7067269560227387,97.78,27.74,57.5,2.69,0.46,36.91,-0.9610035916068396,175.88
2020-07-31,-0.0964630306208971,97.87,26.03,63.19,2.27,0.49,42.19,-0.7067269560227387,203.31
2020-08-31,0.6324847555365067,97.82,25.4,74.69,1.84,0.55,68.55,-0.0964630306208971,206.0
2020-09-30,1.3784057482158334,97.83,25.44,80.88,2.13,0.64,79.1,0.6324847555365067,213.19
2020-10-31,1.5479127898637424,97.85,25.62,84.69,1.55,0.66,189.84,1.3784057482158334,218.31
2020-11-30,1.3275504210990132,97.86,24.83,85.12,1.5,0.59,226.76,1.5479127898637424,228.19
2020-12-31,1.0732737855149124,97.88,25.05,77.19,2.09,0.53,268.95,1.3275504210990132,195.75
2021-01-31,0.4630098601130706,97.83,24.55,62.81,2.04,0.5,94.92,1.0732737855149124,110.38
2021-02-28,-0.2659379260443331,97.81,25.86,49.88,2.62,0.47,0.0,0.4630098601130706,76.31
2021-03-31,-1.1305106332547488,97.79,30.19,37.12,2.86,0.45,0.0,-0.2659379260443331,82.44
2021-04-30,-1.3795795804741686,97.57,31.48,27.62,2.75,0.45,0.0,-1.1305106332547488,71.81
2021-05-31,-1.262985224309373,97.53,31.68,38.0,2.78,0.44,0.0,-1.3795795804741686,73.19
2021-06-30,-0.7035444797998782,97.65,27.65,44.69,2.79,0.46,0.0,-1.262985224309373,120.88
2021-07-31,-0.1844151007799488,97.85,26.34,54.56,2.2,0.48,17.44,-0.7035444797998782,191.69
2021-08-31,1.028911995741707,97.95,25.2,73.81,2.12,0.59,36.27,-0.1844151007799488,205.81
2021-09-30,1.5797054058678737,97.91,25.68,79.56,1.55,0.69,174.03,1.028911995741707,202.75
2021-10-31,1.6242600729879195,97.89,26.99,86.69,1.32,0.66,161.49,1.5797054058678737,224.81
2021-11-30,1.513484183452798,97.78,26.58,84.25,1.3,0.58,377.44,1.6242600729879195,226.12
2021-12-31,0.9540434389433032,97.74,23.5,75.06,1.53,0.52,171.34,1.513484183452798,196.75
