DATE,PS,T2M,RH2M,WS2M,GWETPROF,PRECTOTCORR_SUM,SPI6
1981-06-30,0.19101123595504532,0.07142857142857206,0.5812138339389046,-0.08745247148288948,-0.5555555555555554,0.387123413365958,-0.1112159371743805
1981-07-31,0.28089887640450684,-0.32522796352583505,0.889113174539093,-0.2623574144486689,0.03703703703703631,0.45159810368557896,0.747892347457406
1981-08-31,0.25842696629214856,-0.35410334346504513,0.929484591575831,-0.6730038022813687,0.33333333333333304,0.48389662027833014,1.6261160629482556
1981-09-30,0.30337078651689353,-0.3647416413373854,0.9345983044004842,-0.7718631178707223,1.0,0.12904113778865267,2.275244235870629
1981-10-31,0.03370786516856583,-0.20972644376899652,0.7074417978737717,-0.8250950570342204,0.7037037037037033,-1.0,2.1225018063358
1981-11-30,0.19101123595504532,-0.6474164133738598,0.15220024222850204,-0.3460076045627376,0.11111111111111072,-1.0,1.7788584924830857
1981-12-31,0.19101123595504532,-0.6838905775075985,-0.1842282330776479,-0.29277566539923927,-0.2592592592592595,-1.0,0.9579086626343546
1982-01-31,0.10112359550564065,-0.5866261398176289,-0.5591441259588212,0.14068441064638781,-0.5555555555555554,-1.0,0.0988003780025681
1982-02-28,-0.16853932584268705,-0.24012158054711197,-0.43130130534248434,-0.019011406844106293,-0.7037037037037037,-0.9032267930876281,-0.7221494518461627
1982-03-31,-0.3932584269662698,0.25835866261398266,-0.3473287579060692,0.019011406844106515,-0.7777777777777781,-0.9354641382474385,-1.3521621939094726
1982-04-30,-0.5280898876404194,0.46352583586626217,0.1322836764903781,0.30798479087452524,-0.8518518518518521,-0.7742162410154458,-1.218535195233707
1982-05-31,-0.1235955056179705,0.0744680851063837,0.6048983986004572,0.04182509505703447,-0.7037037037037037,-0.22581434470102457,-0.7603441100967542
1982-06-30,0.37078651685393993,-0.05775075987841927,0.6635715246938501,-0.22433460076045608,-0.6296296296296298,-0.0967426211959016,-0.2257637084586186
1982-07-31,0.3258426966292234,-0.2522796352583585,0.7865697752657783,-0.376425855513308,-0.40740740740740744,-0.03226793087628088,0.3469751479625721
1982-08-31,0.34831460674158166,-0.39513677811550085,0.9109137397389313,-0.40684410646387814,-0.185185185185186,0.16127848294846303,0.9769878900258822
1982-09-30,0.2359550561797903,-0.24316109422492316,0.835284618490109,-0.7794676806083649,0.03703703703703631,3.058571647041042e-05,1.5306475190555455
1982-10-31,0.03370786516856583,-0.2173252279635256,0.7058269411923024,-0.6882129277566538,-0.0370370370370372,-0.5161339654381405,1.6833899485903745
1982-11-30,0.1235955056179705,-0.4893617021276593,-0.01251513928138892,-0.5133079847908744,-0.3333333333333339,-1.0,1.225198863453422
1982-12-31,0.16853932584271547,-0.5273556231003034,-0.4617144395101602,0.011406844106464087,-0.6296296296296298,-1.0,0.6906184618152863
1983-01-31,0.752808988764059,-0.9072948328267474,-0.7340869331180192,1.0,-0.7777777777777781,-1.0,0.1178796053940957
1983-02-28,-0.03370786516853741,0.12006079027355732,-0.7577714977795722,0.28517110266159706,-0.8518518518518521,-1.0,-0.5694070223113332
1983-03-31,-0.16853932584268705,0.2902735562310035,-0.8587000403714171,0.6958174904942966,-0.925925925925926,-1.0,-1.1612613095915876
1983-04-30,-0.6179775280898809,0.7127659574468099,-0.17077109406540192,-0.20152091254752813,-1.0000000000000004,-0.8709894479278177,-1.3712776247685363
1983-05-31,-0.5056179775280611,0.537993920972645,0.2229847934329161,0.26235741444866933,-1.0000000000000004,-0.3870622419330173,-1.0085188800567582
1983-06-30,0.19101123595504532,-0.09270516717325172,0.7731126362535323,-0.2319391634980985,-0.40740740740740744,0.35482489677320683,-0.206684481067091
1983-07-31,0.21348314606743202,-0.20668693009118488,0.8455120441394155,-0.39163498098859306,-0.185185185185186,3.058571647041042e-05,0.3851698062131636
1983-08-31,0.5056179775280896,-0.22188449848024216,0.7679989234288787,-0.5361216730038021,-0.185185185185186,-0.45159810368557884,0.7097338926743504
1983-09-30,0.28089887640450684,-0.26291793313069833,0.7932983447719013,-0.6730038022813687,-0.185185185185186,0.03226793087628077,1.3206674073461326
1983-10-31,0.1460674157303572,-0.12006079027355554,0.21948593728973198,-0.49809885931558906,-0.3333333333333339,-1.0,1.244314294312486
1983-11-30,0.25842696629214856,-0.06990881458966491,-0.2951150585385549,-0.44486692015209117,-0.6296296296296298,-1.0,0.8815555496007077
1983-12-31,0.16853932584271547,-0.21580547112461934,-0.47328757906069185,-0.3155893536121672,-0.7037037037037037,-1.0,0.0797211506110405
1984-01-31,0.10112359550564065,-0.49088145896656465,-0.7289732202933658,0.20152091254752857,-0.8518518518518521,-1.0,-0.5121331366692141
1984-02-29,-0.34831460674155323,-0.13069908814589581,-0.8266720495222717,0.27756653992395464,-0.925925925925926,-1.0,-0.8366972231304008
1984-03-31,-0.707865168539314,0.4620060790273568,-0.4162293096487688,0.1482889733840307,-1.0000000000000004,-1.0,-1.447630737802183
1984-04-30,-0.6629213483145975,0.5167173252279644,0.02947113443681859,0.45247148288973404,-1.0000000000000004,-0.6451445175103228,-1.2376144226252344
1984-05-31,-0.41573033707862805,0.0835866261398186,0.5763692638944957,0.163498098859316,-0.8518518518518521,-0.35482489677320694,-0.8557764505219285
1984-06-30,0.03370786516856583,-0.025835866261397555,0.6116269681065802,-0.1254752851711025,-0.7037037037037037,-0.4193607585257685,-0.5121331366692139
1984-07-31,0.056179775280924105,-0.16717325227963453,0.667070380837034,-0.3460076045627376,-0.7037037037037037,3.058571647041042e-05,0.0797211506110405
1984-08-31,0.19101123595504532,-0.21580547112461934,0.7426995020858564,-0.5361216730038021,-0.5555555555555554,-0.4193607585257685,0.4233644644637548
1984-09-30,0.07865168539325396,-0.32522796352583505,0.875656035526847,-0.5437262357414447,-0.40740740740740744,0.22581434470102457,1.1488457504197758
1984-10-31,-0.05617977528089568,-0.18996960486322134,0.5930561162696808,-0.6349809885931559,-0.3333333333333339,-0.7096803792628843,1.110651092169184
1984-11-30,-0.05617977528089568,-0.05319148936170137,-0.15542995559144135,-0.5437262357414447,-0.6296296296296298,-1.0,0.728813120065878
1984-12-31,-0.03370786516853741,-0.49848024316109374,-0.5341138473960437,-0.003802281368820992,-0.7037037037037037,-1.0,0.3851698062131636
1985-01-31,-0.16853932584268705,-0.17933130699088107,-0.6299286771632352,0.011406844106464087,-0.8518518518518521,-1.0,-0.206684481067091
1985-02-28,0.10112359550564065,-0.38145896656534894,-1.0,0.6045627376425857,-0.925925925925926,-1.0,-0.5503277949198055
1985-03-31,-0.7303370786516723,0.4939209726443776,-0.6013995424572737,0.07984790874524728,-1.0000000000000004,-1.0,-1.275809080875826
1985-04-30,-0.5955056179775227,0.5592705167173255,-0.31691562373839344,-0.209125475285171,-1.0000000000000004,-0.9354641382474385,-1.4094360795515917
1985-05-31,-0.41573033707862805,0.37993920972644446,0.2918853451756156,0.5209125475285172,-1.0000000000000004,-0.7419177244226947,-1.256693650016762
1985-06-30,0.2359550561797903,0.006079027355624156,0.5594132687390658,-0.003802281368820992,-0.8518518518518521,-0.1935158281082734,-0.7793871340207458
1985-07-31,0.3258426966292234,-0.34498480243161067,0.8336697618086393,-0.4372623574144485,-0.5555555555555554,0.25805168986083493,-0.0348266206731976
1985-08-31,0.25842696629214856,-0.38297872340425476,0.9310994482573003,-0.6958174904942964,-0.0370370370370372,0.48389662027833014,0.8433970948176526
1985-09-30,0.1235955056179705,-0.39513677811550085,0.9480554434127302,-0.7338403041825095,0.40740740740740744,0.12904113778865267,1.5116044951315537
1985-10-31,0.011235955056179137,-0.2811550151975677,0.5863275467635578,-0.8022813688212926,0.18518518518518512,-0.8709894479278177,1.5497629499146093
1985-11-30,-0.05617977528089568,-0.23252279635258288,0.11182882519176407,-0.520912547528517,-0.2592592592592595,-1.0,1.3970205203797794
1985-12-31,0.1235955056179705,-0.6945288753799392,-0.3842013187996234,0.06463878326996197,-0.5555555555555554,-1.0,0.9197140043837634
1986-01-31,0.16853932584271547,-0.5744680851063824,-0.6972143722244653,0.04182509505703447,-0.7037037037037037,-1.0,0.1751534910362149
1986-02-28,-0.37078651685393993,0.1960486322188455,-0.6584578118691967,0.011406844106464087,-0.8518518518518521,-1.0,-0.703070224454635
1986-03-31,-0.43820224719101475,0.3814589665653507,-0.3371013322567624,-0.1558935361216729,-0.925925925925926,-0.9677626548401896,-1.3521983973770086
1986-04-30,-0.707865168539314,0.5045592705167179,0.16915623738393193,0.29277566539923994,-0.925925925925926,-0.8386909313350666,-1.333082966517945
1986-05-31,-0.2808988764044784,0.3768996960486328,0.25151392813887763,0.11787072243346053,-0.925925925925926,-0.5483713105979509,-1.065792765698877
1986-06-30,-0.011235955056150715,0.17629179331307032,0.41811330911048294,0.09505703422053235,-0.925925925925926,-0.4838354488453892,-0.760307906629218
1986-07-31,0.4831460674157597,-0.2811550151975677,0.7881846319472476,-0.2623574144486689,-0.6296296296296298,0.1935769995412142,-0.0539058480647252
1986-08-31,0.28089887640450684,-0.3221884498480234,0.8368994751715784,-0.6577946768060836,-0.3333333333333339,0.3225875516133965,0.7288493235334145
1986-09-30,0.3258426966292234,-0.33282674772036414,0.9009554568698692,-0.7262357414448668,0.25925925925925863,0.5806698271907018,1.645267697274856
1986-10-31,0.21348314606743202,-0.23556231003039452,0.5914412595882113,-0.7262357414448668,0.25925925925925863,-0.4838354488453892,1.8552840124518044
1986-11-30,0.03370786516856583,-0.3784194528875373,0.18772708922083137,-0.5285171102661594,-0.1111111111111116,-1.0,1.5879938116327366
1986-12-31,0.5056179775280896,-0.8449848024316107,-0.27842820616336983,0.13307984790874539,-0.48148148148148184,-1.0,1.2825089525630775
1987-01-31,0.30337078651689353,-0.3571428571428563,-0.5709864082895977,0.06463878326996197,-0.7037037037037037,-1.0,0.5761068939985846
1987-02-28,-0.07865168539322553,0.0972644376899705,-0.7828017763423497,-0.06463878326996175,-0.7777777777777781,-1.0,-0.2066482775995547
1987-03-31,-0.43820224719101475,0.3784194528875391,-0.5037007132283677,0.049429657794676896,-0.8518518518518521,-1.0,-1.1421458787325238
1987-04-30,-0.41573033707862805,0.6534954407294844,-0.6584578118691967,0.019011406844106515,-0.925925925925926,-0.9677626548401896,-1.4285515104106554
1987-05-31,-0.6404494382022108,0.8541033434650469,-0.1637733817790339,0.15589353612167312,-1.0000000000000004,-0.8709894479278177,-1.3521983973770084
1987-06-30,0.19101123595504532,0.18996960486322223,0.46359843897187436,-0.1558935361216729,-0.8518518518518521,-0.25805168986083493,-0.9130865396315836
1987-07-31,0.011235955056179137,0.001519756838906261,0.6350423899878885,-0.29277566539923927,-0.7037037037037037,-0.16127848294846303,-0.4167007962440393
1987-08-31,0.056179775280924105,-0.20516717325227907,0.8455120441394155,-0.5817490494296575,-0.6296296296296298,-0.03226793087628088,0.1560380601771513
1987-09-30,0.16853932584271547,-0.15197568389057725,0.7846857758040642,-0.6121673003802279,-0.48148148148148184,-0.22581434470102457,0.6142291453141042
1987-10-31,0.011235955056179137,-0.03647416413373783,0.45014129995962837,-0.6730038022813687,-0.48148148148148184,-0.6774430341030739,0.7860508022404615
1987-11-30,0.03370786516856583,-0.009118541033434013,-0.3960436011303998,-0.3992395437262355,-0.7037037037037037,-1.0,0.7096976892068148
1987-12-31,0.2359550561797903,-0.22340425531914843,-0.6584578118691967,0.06463878326996197,-0.8518518518518521,-1.0,0.2705858314613896
1988-01-31,0.10112359550564065,-0.16717325227963453,-0.7408155026241422,0.20152091254752857,-0.925925925925926,-1.0,-0.2257999119261547
1988-02-29,-0.34831460674155323,0.07598784194528907,-0.9058000269142781,0.3916349809885933,-1.0000000000000004,-1.0,-0.7985387683473454
1988-03-31,-0.37078651685393993,0.6109422492401224,-0.7475440721302652,0.049429657794676896,-1.0000000000000004,-1.0,-1.256729853484298
1988-04-30,-0.6629213483145975,0.6458966565349549,0.024626564392410177,0.20152091254752857,-1.0000000000000004,-0.7742162410154458,-1.314003739126417
1988-05-31,-0.37078651685393993,0.6854103343465052,0.06499798142914814,0.44486692015209117,-1.0000000000000004,-0.9032267930876281,-1.256729853484298
1988-06-30,0.056179775280924105,0.021276595744681437,0.6167406809312337,-0.01140684410646342,-0.8518518518518521,-0.06450527603609113,-0.7030702244546349
1988-07-31,0.2359550561797903,-0.1823708206686927,0.7545417844166327,-0.209125475285171,-0.7037037037037037,-0.03226793087628088,-0.1303313680334442
1988-08-31,0.056179775280924105,-0.3495440729483277,0.9496703000942,-0.4676806083650189,-0.3333333333333339,0.6129071723505124,0.8242454604910529
1988-09-30,0.07865168539325396,-0.27811550151975606,0.8772708922083163,-0.7414448669201519,0.03703703703703631,-0.12904113778865278,1.3397104312701245
1988-10-31,-0.10112359550561223,-0.07750759878419355,0.3860853182613375,-0.6045627376425855,-0.185185185185186,-0.9677626548401896,1.2251626599858865
1988-11-30,0.10112359550564065,-0.15653495440729426,-0.10671511236711084,-0.32319391634980965,-0.48148148148148184,-1.0,1.1678887743437671
1988-12-31,0.07865168539325396,-0.4422492401215803,-0.4784012918853452,0.09505703422053235,-0.7037037037037037,-1.0,0.6142291453141042
1989-01-31,0.5730337078651644,-0.8145896656534952,-0.7340869331180192,0.7794676806083651,-0.7777777777777781,-1.0,0.0414902888929131
1989-02-28,0.28089887640450684,-0.29787234042553123,-0.8603148970528867,0.7718631178707227,-0.925925925925926,-1.0,-0.9130865396315834
1989-03-31,-0.573033707865136,0.2796352583586632,-0.5136589960974298,0.057034220532319546,-0.925925925925926,-0.8709894479278177,-1.3521983973770084
1989-04-30,-0.8202247191011054,0.6854103343465052,-0.2329430763019782,0.057034220532319546,-1.0000000000000004,-0.8709894479278177,-1.294924511734889
1989-05-31,-0.2808988764044784,0.5668693009118551,0.09514197281657899,0.14068441064638781,-1.0000000000000004,-0.6129071723505123,-1.065828969166413
1989-06-30,0.07865168539325396,0.13373860182370922,0.4652132956533439,-0.026615969581748722,-0.925925925925926,-0.35482489677320694,-0.683990997063107
1989-07-31,0.37078651685393993,-0.2902735562310026,0.8167137666532094,-0.42205323193916344,-0.6296296296296298,0.06450527603609113,-0.0539782549997969
1989-08-31,0.21348314606743202,-0.38145896656534894,0.9345983044004842,-0.5057034220532317,-0.185185185185186,0.6129071723505124,0.9005985735246996
1989-09-30,0.011235955056179137,-0.3145896656534952,0.8772708922083163,-0.7262357414448668,0.18518518518518512,-0.06450527603609113,1.377905089520716
1989-10-31,0.1460674157303572,-0.2841945288753793,0.6283138204817655,-0.7490494296577945,0.25925925925925863,-0.580669827190702,1.5497267464470736
1989-11-30,0.011235955056179137,-0.3571428571428563,0.088413403310456,-0.40684410646387814,-0.185185185185186,-1.0,1.320631203878597
1989-12-31,0.25842696629214856,-0.5820668693009114,-0.1503162427667879,-0.14068441064638781,-0.48148148148148184,-1.0,0.938793231775291
1990-01-31,-0.05617977528089568,-0.22948328267477125,-0.44152873099179124,0.04182509505703447,-0.7037037037037037,-1.0,0.3087804897119811
1990-02-28,0.07865168539325396,-0.1124620060790269,-0.7424303593056117,0.3536121673003807,-0.8518518518518521,-1.0,-0.6457963388125155
1990-03-31,-0.03370786516853741,0.22492401215805558,-0.9006863140896246,0.5969581749049433,-0.925925925925926,-1.0,-1.1994559678421788
1990-04-30,-0.6853932584269558,0.7325227963525842,-0.08652940384874186,0.3992395437262357,-0.925925925925926,-0.8709894479278177,-1.371277624768536
1990-05-31,-0.23595505617976187,0.34802431610942364,0.36939846588615244,0.12547528517110296,-0.925925925925926,-0.5161339654381405,-1.0849081965579406
1990-06-30,0.1235955056179705,0.16109422492401304,0.49374243035930543,-0.06463878326996175,-0.7777777777777781,-0.3870622419330173,-0.7221494518461624
1990-07-31,0.2359550561797903,-0.20516717325227907,0.7443143587673262,-0.3992395437262355,-0.7037037037037037,0.06450527603609113,-0.0921367097828523
1990-08-31,0.4157303370786849,-0.29635258358662586,0.875656035526847,-0.6197718631178706,-0.185185185185186,0.3225875516133965,0.6906184618152871
1990-09-30,0.21348314606743202,-0.2310030395136775,0.8032566276409634,-0.7642585551330798,-0.0370370370370372,-0.1935158281082734,1.1679249778113037
1990-10-31,-0.03370786516853741,0.06079027355623179,0.35917104023684554,-0.6121673003802279,-0.3333333333333339,-1.0,1.0915718647776569
1990-11-30,-0.14606741573032878,0.12158054711246269,-0.10994482573004993,-0.5057034220532317,-0.6296296296296298,-1.0,0.8052024365670617
1990-12-31,-0.1235955056179705,0.018237082066869803,-0.47005786569775276,-0.33840304182509495,-0.7037037037037037,-1.0,0.4424436918552832
1991-01-31,0.16853932584271547,-0.2310030395136775,-0.7628852106042256,0.17110266159695842,-0.8518518518518521,-1.0,-0.1875690502080267
1991-02-28,-0.32584269662919496,0.46504559270516843,-0.6450006728569507,-0.29277566539923927,-0.925925925925926,-1.0,-0.9703242218061662
1991-03-31,-0.6179775280898809,0.5592705167173255,-0.41784416633023835,-0.1711026615969582,-1.0000000000000004,-0.8709894479278177,-1.371277624768536
1991-04-30,-0.6404494382022108,0.6747720364741658,-0.09002825999192599,0.26996197718631176,-1.0000000000000004,-0.7742162410154458,-1.2376506260927702
1991-05-31,-0.25842696629212014,0.09878419452887588,0.61324182478805,-0.17870722433460062,-0.8518518518518521,0.06450527603609113,-0.6076378840294603
1991-06-30,0.10112359550564065,0.04863221884498525,0.646884672318665,-0.2471482889733838,-0.6296296296296298,-0.3225875516133966,-0.2067206845346267
1991-07-31,0.37078651685393993,-0.2902735562310026,0.875656035526847,-0.47528517110266155,-0.3333333333333339,0.1935769995412142,0.499681374029866
1991-08-31,0.37078651685393993,-0.4194528875379935,1.0,-0.49809885931558906,0.03703703703703631,0.25805168986083493,1.244241887377414
1991-09-30,0.34831460674158166,-0.20668693009118488,0.7965280581348404,-0.7566539923954372,0.11111111111111072,-0.8386909313350666,1.2633573182364777
1991-10-31,0.056179775280924105,-0.16109422492401126,0.6301978199434797,-0.7034220532319391,-0.185185185185186,-0.6451445175103228,1.3397466347376603
1991-11-30,0.10112359550564065,-0.2537993920972639,-0.1016013995424574,-0.4676806083650189,-0.48148148148148184,-1.0,0.7097338926743508
1991-12-31,0.3258426966292234,-0.5531914893617014,-0.4566007266855068,0.08745247148288993,-0.7037037037037037,-1.0,0.3088166931795171
1992-01-31,0.43820224719101475,-0.645896656534954,-0.6937155160812811,0.5513307984790878,-0.8518518518518521,-1.0,-0.3975853653849756
1992-02-29,0.28089887640450684,-0.15653495440729426,-0.9192571659265241,0.7718631178707227,-0.925925925925926,-1.0,-1.1421458787325236
1992-03-31,-0.4831460674157313,0.5060790273556242,-0.8401291885345177,-0.0418250950570338,-1.0000000000000004,-1.0,-1.237614422625234
1992-04-30,-0.5505617977528061,0.6884498480243169,-0.12017225137935683,0.13307984790874539,-1.0000000000000004,-0.8386909313350666,-1.3521621939094723
1992-05-31,-0.3033707865168367,0.3875379939209731,0.2684699232943075,0.368821292775666,-1.0000000000000004,-0.6774430341030739,-1.1612613095915874
1992-06-30,0.056179775280924105,0.20668693009118666,0.41488359574754385,0.011406844106464087,-1.0000000000000004,-0.6774430341030739,-0.9703604252737024
1992-07-31,0.4157303370786849,-0.20212765957446788,0.7343560758982637,-0.4676806083650189,-0.7037037037037037,0.06450527603609113,-0.3403476832103924
1992-08-31,0.460674157303373,-0.38753799392097177,0.895841744045216,-0.5057034220532317,-0.48148148148148184,0.35482489677320683,0.4614867157792748
1992-09-30,0.1235955056179705,-0.29179331306990797,0.7830709191225944,-0.7186311787072241,-0.185185185185186,-0.22581434470102457,0.9196778009162272
1992-10-31,0.03370786516856583,0.03799392097264498,0.29699905800026905,-0.5361216730038021,-0.40740740740740744,-0.9354641382474385,0.8624039152741084
1992-11-30,0.10112359550564065,-0.2340425531914887,-0.28677163235096215,-0.20152091254752813,-0.6296296296296298,-1.0,0.6715030309562234
1992-12-31,0.21348314606743202,-0.5258358662613976,-0.5860584039833132,-0.14828897338403024,-0.7777777777777781,-1.0,0.4806021466383384
1993-01-31,0.5730337078651644,-0.721884498480243,-0.7693446373301037,0.6121673003802286,-0.8518518518518521,-1.0,-0.1494105954249716
1993-02-28,-0.07865168539322553,-0.0045592705167161185,-0.8670434665590097,0.28517110266159706,-0.925925925925926,-1.0,-0.9512449944146386
1993-03-31,-0.2134831460674036,0.3784194528875391,-0.5658726954649442,0.209125475285171,-1.0000000000000004,-1.0,-1.4094360795515912
1993-04-30,-0.707865168539314,0.7765957446808516,-0.4514870138608533,0.209125475285171,-1.0000000000000004,-0.9354641382474385,-1.4094360795515912
1993-05-31,-0.4831460674157313,0.41185410334346617,0.35917104023684554,0.44486692015209117,-1.0000000000000004,-0.5161339654381405,-1.1230666513409957
1993-06-30,0.16853932584271547,0.250759878419454,0.371013322567622,-0.07224334600760418,-1.0000000000000004,-0.5483713105979509,-0.8557764505219281
1993-07-31,0.28089887640450684,-0.13981762917933072,0.7090566545552415,-0.4144486692015208,-0.7777777777777781,3.058571647041042e-05,-0.2639221632416734
1993-08-31,0.34831460674158166,-0.22796352583586588,0.8083703404656166,-0.7034220532319391,-0.5555555555555554,0.06450527603609113,0.3660905788216364
1993-09-30,0.19101123595504532,-0.22188449848024216,0.7932983447719013,-0.7262357414448668,-0.40740740740740744,-0.3870622419330173,0.7288493235334148
1993-10-31,-0.05617977528089568,0.20820668693009203,0.29376934463732995,-0.5665399239543725,-0.6296296296296298,-0.9677626548401896,0.7097338926743512
1993-11-30,-0.34831460674155323,0.2613981762917943,-0.25151392813887785,-0.5589353612167298,-0.7037037037037037,-1.0,0.4233644644637557
1993-12-31,0.07865168539325396,-0.24316109422492316,-0.5979006863140898,0.09505703422053235,-0.8518518518518521,-1.0,0.1560742636446878
1994-01-31,-0.011235955056150715,-0.2765957446808507,-0.7139012245996502,0.3231939163498101,-0.925925925925926,-1.0,-0.4357800236355666
1994-02-28,0.03370786516856583,-0.11550151975683853,-0.9308303054770557,0.44486692015209117,-1.0000000000000004,-1.0,-1.0657927656988768
1994-03-31,-0.5280898876404194,0.6854103343465052,-0.5456869869465752,-0.25475285171102646,-1.0000000000000004,-0.9677626548401896,-1.4094722830191273
1994-04-30,-0.7303370786516723,0.8069908814589679,-0.27331449333871616,0.3384030418250954,-1.0000000000000004,-0.8709894479278177,-1.3521983973770084
1994-05-31,-0.23595505617976187,0.37537993920972745,0.31718476651863803,0.1482889733840307,-1.0000000000000004,-0.5483713105979509,-1.0849081965579404
1994-06-30,0.1460674157303572,0.0927051671732535,0.49374243035930543,0.034220532319391594,-0.925925925925926,-0.4193607585257685,-0.7412648827052261
1994-07-31,0.28089887640450684,-0.15349544072948262,0.6955995155429955,-0.17870722433460062,-0.7037037037037037,-0.12904113778865278,-0.2257999119261543
1994-08-31,0.16853932584271547,-0.4072948328267474,0.9698560086125689,-0.40684410646387814,-0.2592592592592595,0.8709894479278177,0.8815193461331721
1994-09-30,0.19101123595504532,-0.2765957446808507,0.9009554568698692,-0.7642585551330798,0.25925925925925863,0.1935769995412142,1.5688421773061372
1994-10-31,0.03370786516856583,-0.22188449848024216,0.7763423496164714,-0.9391634980988592,0.18518518518518512,-0.4838354488453892,1.7979739233421497
1994-11-30,0.28089887640450684,-0.4802431610942248,0.11182882519176407,-0.36882129277566533,-0.185185185185186,-1.0,1.5306837225230816
1994-12-31,0.6404494382022676,-0.9346504559270512,-0.26497106715112384,0.31558935361216767,-0.48148148148148184,-1.0,1.1870404086703674
1995-01-31,0.4831460674157597,-0.6732522796352582,-0.6046292558202128,0.21673003802281388,-0.7037037037037037,-1.0,0.6715754378912956
1995-02-28,0.28089887640450684,-0.3024316109422487,-0.7728434934732876,0.24714828897338448,-0.7777777777777781,-1.0,-0.4357438201680308
1995-03-31,-0.5505617977528061,0.6124620060790278,-0.47005786569775276,-0.10266159695817456,-0.925925925925926,-1.0,-1.1421458787325236
1995-04-30,-0.7752808988763888,0.562310030395138,0.088413403310456,0.049429657794676896,-0.8518518518518521,-0.6129071723505123,-1.2185351952337065
1995-05-31,-0.32584269662919496,0.354103343465046,0.34248418786166046,0.049429657794676896,-0.925925925925926,-0.580669827190702,-0.9703604252737024
1995-06-30,0.011235955056179137,0.16413373860182467,0.4956264298210198,0.06463878326996197,-0.8518518518518521,-0.5483713105979509,-0.7030702244546347
1995-07-31,-0.07865168539322553,-0.09878419452887499,0.6770286637060958,-0.21673003802281343,-0.7777777777777781,-0.03226793087628088,-0.1303313680334437
1995-08-31,0.10112359550564065,-0.3039513677811545,0.9512851567756693,-0.6425855513307983,-0.185185185185186,1.0,1.0533410030595292
1995-09-30,0.2359550561797903,-0.23860182370820615,0.8788857488897861,-0.7794676806083649,0.18518518518518512,-0.45159810368557884,1.377905089520716
1995-10-31,-0.07865168539322553,-0.11854103343464928,0.6721840936616874,-0.6730038022813687,-0.0370370370370372,-0.8064535861752562,1.2633573182364777
1995-11-30,0.1460674157303572,-0.38905775075987803,0.038083703404656166,-0.3992395437262355,-0.40740740740740744,-1.0,1.0151825482764734
1995-12-31,0.21348314606743202,-0.32066869300911804,-0.2883864890324319,-0.16349809885931532,-0.6296296296296298,-1.0,0.747892347457406
1996-01-31,-0.2134831460674036,-0.24316109422492316,-0.6482303862198898,-0.08745247148288948,-0.7777777777777781,-1.0,0.1751534910362151
1996-02-29,-0.4606741573033446,0.16869300911854168,-0.5844435473018438,-0.1558935361216729,-0.8518518518518521,-1.0,-1.0085188800567575
1996-03-31,-0.6629213483145975,0.6048632218844991,-0.5290001345713903,-0.2319391634980985,-0.925925925925926,-1.0,-1.333082966517945
1996-04-30,-0.7303370786516723,0.7112462006079037,-0.1503162427667879,0.07984790874524728,-1.0000000000000004,-0.8709894479278177,-1.371277624768536
1996-05-31,-0.3932584269662698,0.5060790273556242,0.2297133629390391,0.27756653992395464,-1.0000000000000004,-0.4193607585257685,-1.0276343109158217
1996-06-30,0.10112359550564065,-0.015197568389057281,0.6705692369802176,-0.209125475285171,-0.7777777777777781,-0.12904113778865278,-0.5121693401367499
1996-07-31,0.37078651685393993,-0.20516717325227907,0.7731126362535323,-0.3460076045627376,-0.5555555555555554,0.06450527603609113,0.11784340192656
1996-08-31,0.2359550561797903,-0.32674772036474087,0.9144125958821152,-0.520912547528517,-0.3333333333333339,0.387123413365958,0.938793231775291
1996-09-30,0.07865168539325396,-0.2765957446808507,0.8874983178576232,-0.7566539923954372,0.03703703703703631,0.03226793087628077,1.5497267464470732
1996-10-31,0.056179775280924105,-0.23252279635258288,0.5898264029067417,-0.6577946768060836,-0.1111111111111116,-0.8064535861752562,1.5879214046976644
1996-11-30,0.07865168539325396,-0.49848024316109374,-0.16888709460368734,-0.2319391634980985,-0.48148148148148184,-1.0,1.24427809084495
1996-12-31,0.10112359550564065,-0.4270516717325221,-0.41784416633023835,-0.2471482889733838,-0.7037037037037037,-1.0,0.7288131200658784
1997-01-31,0.056179775280924105,-0.33130699088145876,-0.7004440855874042,-0.049429657794676674,-0.7777777777777781,-1.0,0.0988003780025687
1997-02-28,0.37078651685393993,-0.41793313069908766,-0.8737720360651327,0.6806083650190118,-0.8518518518518521,-1.0,-0.7221494518461624
1997-03-31,-0.3033707865168367,0.2568389057750764,-0.41784416633023835,0.034220532319391594,-0.925925925925926,-0.8064535861752562,-1.2185351952337065
1997-04-30,-0.32584269662919496,0.4164133738601832,0.10025568564123244,0.48288973384030465,-1.0000000000000004,-0.9677626548401896,-1.314003739126417
1997-05-31,0.03370786516856583,0.1306990881458976,0.5257704212084509,-0.1558935361216729,-0.8518518518518521,-0.35482489677320694,-0.932165767023111
1997-06-30,0.056179775280924105,0.018237082066869803,0.6519983851433182,-0.44486692015209117,-0.7777777777777781,-0.16127848294846303,-0.4357800236355669
1997-07-31,0.3258426966292234,-0.11854103343464928,0.7545417844166327,-0.33840304182509495,-0.6296296296296298,-0.06450527603609113,0.1178796053940963
1997-08-31,0.43820224719101475,-0.20668693009118488,0.8503566141838244,-0.7338403041825095,-0.48148148148148184,0.06450527603609113,0.7478923474574064
1997-09-30,0.21348314606743202,-0.1170212765957439,0.7628852106042254,-0.7794676806083649,-0.3333333333333339,-0.3870622419330173,0.9961033208849462
1997-10-31,-0.1235955056179705,0.20668693009118666,0.4030413134167674,-0.5057034220532317,-0.5555555555555554,-0.9354641382474385,1.0152187517440103
1997-11-30,-0.07865168539322553,0.08662613981762934,-0.3187996232001078,-0.42205323193916344,-0.7037037037037037,-1.0,0.6333807796407044
1997-12-31,0.3258426966292234,-0.38297872340425476,-0.5944018301709058,-0.21673003802281343,-0.8518518518518521,-1.0,0.1369950362531602
1998-01-31,0.21348314606743202,-0.3981762917933125,-0.7577714977795722,0.30798479087452524,-0.925925925925926,-1.0,-0.416664592776503
1998-02-28,0.28089887640450684,0.18844984802431686,-0.7981429148163102,0.376425855513308,-1.0000000000000004,-1.0,-1.046677334839813
1998-03-31,-0.2134831460674036,0.32370820668693145,-0.9577445835015477,0.4296577946768063,-1.0000000000000004,-1.0,-1.4094360795515912
1998-04-30,-0.7303370786516723,1.0000000000000009,-0.25474364150181694,0.13307984790874539,-1.0000000000000004,-0.8386909313350666,-1.3521621939094723
1998-05-31,-0.19101123595504532,0.44528875379939237,0.40142645673529787,0.15589353612167312,-0.925925925925926,-0.22581434470102457,-0.8939711087725195
1998-06-30,0.30337078651689353,0.10334346504559289,0.6250841071188262,-0.2623574144486689,-0.7037037037037037,-0.06450527603609113,-0.3403114797428563
1998-07-31,0.21348314606743202,-0.11854103343464928,0.7596554972412863,-0.5361216730038021,-0.48148148148148184,0.2903502064535861,0.4233644644637557
1998-08-31,0.1235955056179705,-0.2705167173252274,0.9262548782128914,-0.4676806083650189,-0.1111111111111116,0.45159810368557896,1.282472749095542
1998-09-30,0.1460674157303572,-0.27507598784194487,0.9262548782128914,-0.8022813688212926,0.33333333333333304,0.12904113778865267,1.9506801494094428
1998-10-31,0.10112359550564065,-0.05927051671732464,0.6013995424572736,-0.7642585551330798,0.11111111111111072,-0.8064535861752562,1.969759376800971
1998-11-30,-0.10112359550561223,-0.09118541033434546,-0.014129995962858466,-0.6958174904942964,-0.3333333333333339,-1.0,1.511568291664018
1998-12-31,0.16853932584271547,-0.39513677811550085,-0.29672991522002445,-0.11787072243345986,-0.5555555555555554,-1.0,0.957908662634355
1999-01-31,-0.07865168539322553,-0.35562310030395095,-0.6248149643385817,-0.003802281368820992,-0.7037037037037037,-1.0,0.1942327184277429
1999-02-28,-0.23595505617976187,0.04407294832826825,-0.6904858027183423,0.08745247148288993,-0.8518518518518521,-0.9677626548401896,-0.6457963388125156
1999-03-31,-0.9325842696629252,0.7142857142857153,-0.4533710133225678,-0.2319391634980985,-0.925925925925926,-1.0,-1.314003739126417
1999-04-30,-0.5955056179775227,0.7279635258358672,-0.2262145067958552,0.011406844106464087,-1.0000000000000004,-0.8709894479278177,-1.3521983973770084
1999-05-31,-0.37078651685393993,0.6367781155015209,0.04804198627371803,-0.209125475285171,-0.925925925925926,-0.3870622419330173,-0.98943965266523
1999-06-30,-0.1235955056179705,0.3267477203647422,0.3002287713632079,-0.20152091254752813,-0.8518518518518521,-0.580669827190702,-0.7412648827052261
1999-07-31,0.21348314606743202,-0.13373860182370745,0.6821423765307495,-0.29277566539923927,-0.7037037037037037,-0.22581434470102457,-0.2830737975682734
1999-08-31,0.21348314606743202,-0.3495440729483277,0.909298883057462,-0.44486692015209117,-0.48148148148148184,0.6129071723505124,0.6524238035646959
1999-09-30,0.03370786516856583,-0.28571428571428514,0.8874983178576232,-0.9391634980988592,0.11111111111111072,0.22581434470102457,1.3779050895207163
1999-10-31,0.056179775280924105,-0.16717325227963453,0.5559144125958821,-0.7490494296577945,0.03703703703703631,-0.8064535861752562,1.4160997477713075
1999-11-30,-0.03370786516853741,-0.17477203647416317,-0.2060287982774862,-0.4676806083650189,-0.40740740740740744,-1.0,1.0533410030595294
1999-12-31,0.1460674157303572,-0.6079027355623099,-0.5610281254205357,0.1482889733840307,-0.6296296296296298,-1.0,0.8051662330995253
2000-01-31,-0.23595505617976187,-0.18389057750759807,-0.5793298344771902,0.209125475285171,-0.7037037037037037,-1.0,0.3469751479625725
2000-02-29,0.30337078651689353,-0.3920972644376892,-0.8888440317588482,0.9619771863117874,-0.8518518518518521,-1.0,-0.6076016805619243
2000-03-31,-0.4606741573033446,0.24012158054711286,-0.8436280446777016,0.3307984790874525,-0.925925925925926,-1.0,-1.333082966517945
2000-04-30,-0.9775280898876417,0.858662613981763,-0.3707441797873774,-0.17870722433460062,-1.0000000000000004,-0.8709894479278177,-1.371277624768536
2000-05-31,-0.5280898876404194,0.7826747720364748,-0.07980083434261886,-0.0418250950570338,-1.0000000000000004,-0.6774430341030739,-1.180376740450651
2000-06-30,0.1235955056179705,0.08662613981762934,0.5123132821962049,-0.22433460076045608,-0.8518518518518521,-0.22581434470102457,-0.7221856553136985
2000-07-31,0.07865168539325396,-0.1641337386018229,0.6805275198492797,-0.40684410646387814,-0.7037037037037037,-0.16127848294846303,-0.2257999119261543
2000-08-31,0.3258426966292234,-0.20972644376899652,0.7494280715919794,-0.6273764258555132,-0.6296296296296298,-0.22581434470102457,0.2323911732107983
2000-09-30,0.011235955056179137,-0.1124620060790269,0.6770286637060958,-0.6273764258555132,-0.6296296296296298,-0.3225875516133966,0.6333083727056318
2000-10-31,0.056179775280924105,0.05167173252279689,0.3187996232001076,-0.47528517110266155,-0.7037037037037037,-0.6451445175103228,0.7669715748489335
2000-11-30,-0.16853932584268705,0.021276595744681437,-0.42134302247342215,-0.3307984790874525,-0.8518518518518521,-1.0,0.5760706905310485
2000-12-31,0.3258426966292234,-0.509118541033434,-0.7577714977795722,0.026615969581749166,-0.925925925925926,-1.0,0.1178796053940963
2001-01-31,0.34831460674158166,-0.6079027355623099,-0.9006863140896246,0.30038022813688237,-1.0000000000000004,-1.0,-0.3785061379934478
2001-02-28,0.056179775280924105,-0.28571428571428514,-0.9981160005382856,0.7186311787072248,-1.0000000000000004,-1.0,-0.8366972231304005
2001-03-31,-0.4831460674157313,0.4939209726443776,-0.8974566007266855,-0.13307984790874494,-1.0000000000000004,-1.0,-1.237614422625234
2001-04-30,-0.707865168539314,0.8814589665653507,-0.3085721975508009,0.3612167300380231,-1.0000000000000004,-1.0,-1.4476307378021829
2001-05-31,-0.3033707865168367,0.5501519756838915,0.1640425245592787,0.3916349809885933,-1.0000000000000004,-0.6129071723505123,-1.2185351952337065
2001-06-30,0.1235955056179705,0.13829787234042623,0.4517561566410979,0.034220532319391594,-1.0000000000000004,-0.3225875516133966,-0.817617995738873
2001-07-31,0.25842696629214856,-0.11854103343464928,0.6923698021800564,-0.40684410646387814,-0.7777777777777781,0.03226793087628077,-0.2066844810670906
2001-08-31,0.5056179775280896,-0.26443768996960415,0.8788857488897861,-0.6577946768060836,-0.48148148148148184,0.3225875516133965,0.576070690531049
2001-09-30,0.19101123595504532,-0.2796352583586623,0.8538554703270083,-0.7262357414448668,-0.185185185185186,-0.22581434470102457,1.0342617756680017
2001-10-31,0.1235955056179705,8.881784197001252e-16,0.21302651056385402,-0.5513307984790874,-0.40740740740740744,-0.9677626548401896,1.0533410030595292
2001-11-30,0.07865168539325396,-0.14285714285714235,-0.39765845781186937,-0.33840304182509495,-0.6296296296296298,-1.0,0.8242454604910529
2001-12-31,0.07865168539325396,-0.2811550151975677,-0.6802583770690351,0.11787072243346053,-0.7777777777777781,-1.0,0.4233282609962192
2002-01-31,0.43820224719101475,-0.5243161094224922,-0.8436280446777016,0.7946768060836504,-0.8518518518518521,-1.0,-0.1876052536755628
2002-02-28,0.056179775280924105,-0.14285714285714235,-0.979814291481631,0.3536121673003807,-0.925925925925926,-1.0,-0.9703604252737024
2002-03-31,-0.573033707865136,0.5775075987841953,-0.6751446642443818,-0.21673003802281343,-1.0000000000000004,-0.9354641382474385,-1.3903568521600638
2002-04-30,-1.0,0.9224924012158064,-0.2951150585385549,0.2395437262357416,-1.0000000000000004,-0.9677626548401896,-1.3903568521600638
2002-05-31,-0.34831460674155323,0.5547112462006085,0.20279908491454712,0.06463878326996197,-1.0000000000000004,-0.5161339654381405,-1.1039874239494685
2002-06-30,0.16853932584271547,0.2933130699088151,0.3088413403310455,0.11787072243346053,-1.0000000000000004,-0.5483713105979509,-0.8366972231304005
2002-07-31,0.3932584269662982,-0.103343465045592,0.7292423630736105,-0.47528517110266155,-0.7037037037037037,-0.0967426211959016,-0.3021168214922651
2002-08-31,0.34831460674158166,-0.24164133738601778,0.8570851836899473,-0.6958174904942964,-0.48148148148148184,0.25805168986083493,0.4424436918552829
2002-09-30,0.30337078651689353,-0.2173252279635256,0.8218274794778626,-0.7414448669201519,-0.2592592592592595,-0.2902890350206454,0.8242816639585889
2002-10-31,0.03370786516856583,-0.08814589665653383,0.46009958282869046,-0.6958174904942964,-0.48148148148148184,-0.7742162410154458,0.938829435242827
2002-11-30,0.16853932584271547,-0.024316109422492183,-0.31691562373839344,-0.4676806083650189,-0.7037037037037037,-1.0,0.6524600070322315
2002-12-31,0.5056179775280896,-0.36778115501519704,-0.6616875252321358,0.20152091254752857,-0.7777777777777781,-1.0,0.3851698062131638
2003-01-31,0.3932584269662982,-0.36778115501519704,-0.8401291885345177,0.026615969581749166,-0.925925925925926,-1.0,-0.1494105954249716
2003-02-28,-0.2134831460674036,0.29635258358662675,-0.8385143318530481,0.011406844106464087,-0.925925925925926,-1.0,-0.8939711087725195
2003-03-31,-0.32584269662919496,0.3981762917933134,-0.8167137666532096,0.26235741444866933,-1.0000000000000004,-0.9354641382474385,-1.2758090808758256
2003-04-30,-0.5505617977528061,0.6914893617021294,-0.06311398196743401,0.12547528517110296,-1.0000000000000004,-0.8064535861752562,-1.2948883082673532
2003-05-31,-0.25842696629212014,0.5668693009118551,0.09675682949804854,0.06463878326996197,-1.0000000000000004,-0.5161339654381405,-1.008518880056758
2003-06-30,0.1235955056179705,-0.05927051671732464,0.7125555106984254,-0.40684410646387814,-0.7037037037037037,-0.12904113778865278,-0.4930539092776861
2003-07-31,0.37078651685393993,-0.19452887537993835,0.8051406271026775,-0.6121673003802279,-0.48148148148148184,-0.06450527603609113,0.0606057197519772
2003-08-31,0.30337078651689353,-0.29179331306990797,0.936213161081954,-0.6730038022813687,-0.1111111111111116,0.7419788958556353,1.0915718647776569
2003-09-30,0.37078651685393993,-0.2872340425531905,0.889113174539093,-0.832699619771863,0.25925925925925863,-0.1935158281082734,1.530683722523082
2003-10-31,-0.10112359550561223,-0.027355623100303816,0.646884672318665,-0.8022813688212926,0.03703703703703631,-0.6129071723505123,1.6452314938073198
2003-11-30,-0.07865168539322553,-0.11398176291793227,0.058000269142780114,-0.520912547528517,-0.3333333333333339,-0.9677626548401896,1.3779412929882524
2003-12-31,0.25842696629214856,-0.47264437689969574,-0.47678643520387576,-0.10266159695817456,-0.6296296296296298,-1.0,0.8624763222091806
2004-01-31,-0.011235955056150715,-0.23556231003039452,-0.6886018032566278,0.11787072243346053,-0.7037037037037037,-1.0,0.3088166931795171
2004-02-29,0.056179775280924105,-0.06686930091185328,-0.8484726147221101,0.31558935361216767,-0.8518518518518521,-1.0,-0.7221494518461623
2004-03-31,-0.2808988764044784,0.26899696048632293,-0.8048714843224332,0.368821292775666,-0.925925925925926,-1.0,-1.1994559678421788
2004-04-30,-0.573033707865136,0.6626139817629184,-0.010900282599919375,0.368821292775666,-1.0000000000000004,-0.8709894479278177,-1.3521983973770084
2004-05-31,-0.1235955056179705,0.3161094224924019,0.4584847261472209,0.06463878326996197,-0.925925925925926,-0.3225875516133966,-0.9703604252737024
2004-06-30,0.460674157303373,-0.015197568389057281,0.6635715246938501,-0.30798479087452457,-0.7037037037037037,-0.25805168986083493,-0.5312485675282774
2004-07-31,0.30337078651689353,-0.22188449848024216,0.7814560624411246,-0.6425855513307983,-0.6296296296296298,-0.12904113778865278,-0.0157835967492056
2004-08-31,0.3932584269662982,-0.25683890577507507,0.8839994617144393,-0.6425855513307983,-0.40740740740740744,-0.12904113778865278,0.499681374029866
2004-09-30,0.2359550561797903,-0.2902735562310026,0.9144125958821152,-0.8555133079847907,-0.1111111111111116,-0.03226793087628088,1.072420230451057
2004-10-31,-0.011235955056150715,0.03039513677811634,0.4687121517965278,-0.7262357414448668,-0.2592592592592595,-0.9677626548401896,1.0151463448089375
2004-11-30,-0.07865168539322553,-0.08966565349544009,-0.027587134975104455,-0.39163498098859306,-0.5555555555555554,-0.9032267930876281,0.671503030956223
2004-12-31,-0.10112359550561223,-0.19756838905774998,-0.6921006593998117,-0.22433460076045608,-0.7037037037037037,-1.0,0.2323911732107981
2005-01-31,0.2359550561797903,-0.5410334346504553,-0.7795720629794106,0.5057034220532319,-0.8518518518518521,-1.0,-0.2830737975682735
2005-02-28,-0.4831460674157313,0.40881458966565454,-0.7375857892612032,0.3612167300380231,-0.925925925925926,-1.0,-0.7985387683473452
2005-03-31,-0.5280898876404194,0.7720364741641346,-0.5290001345713903,-0.1711026615969582,-1.0000000000000004,-0.9677626548401896,-1.3521983973770084
2005-04-30,-0.6629213483145975,0.8480243161094227,-0.2127573677836092,0.23193916349809918,-1.0000000000000004,-0.9677626548401896,-1.3521983973770084
2005-05-31,-0.23595505617976187,0.4240121580547118,0.27331449333871594,-0.0418250950570338,-1.0000000000000004,-0.7419177244226947,-1.256729853484298
2005-06-30,0.07865168539325396,0.06686930091185506,0.6250841071188262,-0.23954372623574138,-0.8518518518518521,-0.16127848294846303,-0.7603441100967537
2005-07-31,0.4157303370786849,-0.1869300911854097,0.8134840532902703,-0.520912547528517,-0.6296296296296298,0.1935769995412142,-0.0539420515322608
2005-08-31,0.2359550561797903,-0.2583586626139813,0.9144125958821152,-0.6425855513307983,-0.3333333333333339,-0.03226793087628088,0.5187968048889298
2005-09-30,0.21348314606743202,-0.13677811550151908,0.8134840532902703,-0.8783269961977185,-0.185185185185186,-0.1935158281082734,0.9770240934934188
2005-10-31,0.10112359550564065,-0.0030395136778107457,0.43157044812272893,-0.6349809885931559,-0.2592592592592595,-0.8386909313350666,1.0534134099946015
2005-11-30,-0.07865168539322553,-0.07294832826747655,-0.3790876059749697,-0.4144486692015208,-0.6296296296296298,-1.0,0.9006709804597718
2005-12-31,-0.19101123595504532,-0.1778115501519748,-0.6853720898936887,0.034220532319391594,-0.7037037037037037,-1.0,0.4042852370722277
2006-01-31,-0.32584269662919496,0.06990881458966669,-0.7174000807428342,0.034220532319391594,-0.8518518518518521,-1.0,-0.3021168214922651
2006-02-28,-0.4831460674157313,0.3768996960486328,-0.8401291885345177,0.13307984790874539,-0.925925925925926,-1.0,-0.8748556779134558
2006-03-31,-0.43820224719101475,0.580547112462007,-0.8587000403714171,-0.2623574144486689,-1.0000000000000004,-1.0,-1.3521621939094723
2006-04-30,-0.707865168539314,0.6762917933130712,-0.5322298479343293,-0.11026615969581743,-1.0000000000000004,-0.9354641382474385,-1.4094360795515912
2006-05-31,-0.16853932584268705,0.39513677811550263,0.3002287713632079,0.17110266159695842,-1.0000000000000004,-0.5161339654381405,-1.123066651340996
2006-06-30,0.07865168539325396,0.23100303951367884,0.4197281657919525,0.019011406844106515,-1.0000000000000004,-0.6451445175103228,-0.9130503361640472
2006-07-31,0.28089887640450684,-0.016717325227962654,0.6737989503431567,-0.42965779467680587,-0.8518518518518521,0.06450527603609113,-0.2830375941007373
2006-08-31,0.19101123595504532,-0.31306990881458896,0.9647422957879153,-0.79467680608365,-0.40740740740740744,0.387123413365958,0.5379122357479934
2006-09-30,0.28089887640450684,-0.3009118541033424,0.9413268739066072,-0.8022813688212926,0.11111111111111072,0.1935769995412142,1.2443142943124863
2006-10-31,-0.03370786516853741,-0.07902735562309982,0.6974835150047096,-0.8707224334600758,0.11111111111111072,-0.580669827190702,1.4542944060218992
2006-11-30,0.10112359550564065,-0.3525835866261393,-0.17077109406540192,-0.2623574144486689,-0.3333333333333339,-1.0,1.1679249778113037
2006-12-31,0.460674157303373,-0.7370820668693003,-0.48028529134705966,-0.01140684410646342,-0.5555555555555554,-1.0,0.957908662634355
2007-01-31,0.5505617977528345,-0.8237082066869297,-0.6869869465751581,0.5285171102661601,-0.7037037037037037,-1.0,0.3278959205710449
2007-02-28,-0.05617977528089568,-0.06990881458966491,-0.8788857488897861,0.11787072243346053,-0.8518518518518521,-1.0,-0.4930539092776859
2007-03-31,-0.4831460674157313,0.44528875379939237,-0.8032566276409636,0.1787072243346013,-0.925925925925926,-1.0,-1.1994559678421788
2007-04-30,-0.6629213483145975,0.6003039513677821,0.09837168617951808,0.29277566539923994,-1.0000000000000004,-0.9032267930876281,-1.3903568521600638
2007-05-31,-0.3033707865168367,0.33738601823708336,0.4687121517965278,-0.09505703422053213,-0.925925925925926,-0.4193607585257685,-1.0467135383073491
2007-06-30,0.10112359550564065,8.881784197001252e-16,0.667070380837034,-0.03422053231939137,-0.7037037037037037,-0.3870622419330173,-0.6839547935955709
2007-07-31,0.21348314606743202,-0.1823708206686927,0.7965280581348404,-0.3155893536121672,-0.6296296296296298,0.12904113778865267,-0.0157473932816696
2007-08-31,0.07865168539325396,-0.3753799392097261,0.9816982909433452,-0.6121673003802279,0.03703703703703631,0.9032267930876281,1.1106510921691843
2007-09-30,0.28089887640450684,-0.23860182370820615,0.8923428879020321,-0.8555133079847907,0.5555555555555545,-0.3225875516133966,1.511568291664018
2007-10-31,-0.011235955056150715,-0.107902735562309,0.6587269546494412,-0.8250950570342204,0.11111111111111072,-1.0,1.4542944060218987
2007-11-30,-0.14606741573032878,-0.150455927051671,0.07657112097967955,-0.6653992395437263,-0.2592592592592595,-1.0,1.1106510921691843
2007-12-31,0.10112359550564065,-0.4604863221884492,-0.3707441797873774,-0.20152091254752813,-0.5555555555555554,-1.0,0.747892347457406
2008-01-31,0.3258426966292234,-0.7948328267477196,-0.6955995155429956,0.6501901140684412,-0.7037037037037037,-1.0,0.0796849471435048
2008-02-29,0.21348314606743202,-0.3039513677811545,-0.8670434665590097,0.6730038022813694,-0.8518518518518521,-1.0,-1.0467135383073491
2008-03-31,-0.6629213483145975,0.4802431610942257,-0.7090566545552416,0.011406844106464087,-0.925925925925926,-1.0,-1.4476307378021829
2008-04-30,-0.7977528089887471,0.627659574468086,-0.41111559682411536,-0.14828897338403024,-1.0000000000000004,-0.9032267930876281,-1.3903568521600638
2008-05-31,-0.43820224719101475,0.5440729483282682,0.10025568564123244,0.04182509505703447,-1.0000000000000004,-0.8386909313350666,-1.2948883082673532
2008-06-30,-0.05617977528089568,0.31003039513677866,0.3341407616740679,-0.07224334600760418,-0.925925925925926,-0.2902890350206454,-0.8748556779134559
2008-07-31,0.28089887640450684,-0.20668693009118488,0.7932983447719013,-0.39163498098859306,-0.7037037037037037,-0.06450527603609113,-0.3211960488837927
2008-08-31,0.03370786516856583,-0.3145896656534952,0.9109137397389313,-0.6882129277566538,-0.40740740740740744,0.48389662027833014,0.5570276666070575
2008-09-30,0.21348314606743202,-0.29179331306990797,0.9378280177634233,-0.8859315589353611,0.18518518518518512,0.16127848294846303,1.2443142943124863
2008-10-31,0.10112359550564065,-0.17021276595744617,0.61324182478805,-0.79467680608365,0.11111111111111072,-0.7419177244226947,1.3397828382051966
2008-11-30,-0.011235955056150715,-0.23860182370820615,-0.16888709460368734,-0.4676806083650189,-0.3333333333333339,-1.0,1.244314294312486
2008-12-31,-0.05617977528089568,-0.3054711246200603,-0.43130130534248434,-0.07984790874524705,-0.5555555555555554,-1.0,0.8242816639585889
2009-01-31,0.011235955056179137,-0.21580547112461934,-0.6584578118691967,-0.0418250950570338,-0.7037037037037037,-1.0,0.2706220349289259
2009-02-28,-0.43820224719101475,0.2613981762917943,-0.6517292423630737,-0.07224334600760418,-0.8518518518518521,-1.0,-0.6076016805619242
2009-03-31,-0.6853932584269558,0.5835866261398186,-0.6735298075629121,0.034220532319391594,-0.925925925925926,-1.0,-1.2948883082673532
2009-04-30,-0.5280898876404194,0.6428571428571432,-0.019243708787511915,0.2547528517110269,-1.0000000000000004,-1.0,-1.4476307378021829
2009-05-31,-0.37078651685393993,0.4954407294832839,0.20118422823307736,0.11787072243346053,-1.0000000000000004,-0.8386909313350666,-1.3521621939094723
2009-06-30,0.1235955056179705,0.17933130699088196,0.49051271699636634,-0.09505703422053213,-0.925925925925926,-0.1935158281082734,-0.8748556779134558
2009-07-31,0.30337078651689353,-0.150455927051671,0.7965280581348404,-0.3992395437262355,-0.7037037037037037,3.058571647041042e-05,-0.2830013906332012
2009-08-31,0.21348314606743202,-0.3009118541033424,0.9480554434127302,-0.8555133079847907,-0.185185185185186,0.48389662027833014,0.5952223248576487
2009-09-30,0.37078651685393993,-0.26139817629179296,0.946171443951016,-0.9163498098859314,0.33333333333333304,-0.1935158281082734,1.0725288408536653
2009-10-31,-0.03370786516853741,-0.12462006079027343,0.7798412057596553,-0.6806083650190111,0.18518518518518512,-0.5161339654381405,1.3588982690642608
2009-11-30,0.07865168539325396,-0.3434650455927044,0.20952765442067012,-0.46007604562737625,-0.185185185185186,-1.0,1.2634297251715505
2009-12-31,0.19101123595504532,-0.44376899696048566,-0.3338716188938232,-0.1558935361216729,-0.48148148148148184,-1.0,0.7861232091755337
2010-01-31,0.16853932584271547,-0.3647416413373854,-0.7241286502489572,-0.003802281368820992,-0.7037037037037037,-1.0,0.194268921895279
2010-02-28,-0.2808988764044784,0.32978723404255383,-0.6686852375185036,-0.13307984790874494,-0.7777777777777781,-1.0,-0.6839547935955709
2010-03-31,-0.23595505617976187,0.4574468085106389,-0.6398869600322972,0.28517110266159706,-0.925925925925926,-1.0,-1.1612613095915874
2010-04-30,-0.573033707865136,0.7142857142857153,-0.10348539900417197,0.08745247148288993,-0.925925925925926,-0.9032267930876281,-1.3903568521600638
2010-05-31,-0.2808988764044784,0.3313069908814592,0.5190418517023279,-0.01140684410646342,-0.8518518518518521,-0.35482489677320694,-1.008518880056758
2010-06-30,0.2359550561797903,0.056231003039513894,0.6754138070246265,-0.2623574144486689,-0.7037037037037037,-0.1935158281082734,-0.5312123640607413
2010-07-31,0.21348314606743202,-0.2249240121580538,0.8455120441394155,-0.25475285171102646,-0.5555555555555554,-0.06450527603609113,0.0224472649689218
2010-08-31,0.19101123595504532,-0.30699088145896614,0.9714708652940383,-0.650190114068441,-0.185185185185186,0.5161339654381403,0.9197502078512996
2010-09-30,0.1235955056179705,-0.3358662613981753,0.9615125824249762,-0.8859315589353611,0.48148148148148184,0.25805168986083493,1.6643107211988477
2010-10-31,-0.03370786516853741,-0.2112462006079019,0.8740411788453772,-0.7262357414448668,0.5555555555555545,-0.4193607585257685,1.9506801494094428
2010-11-30,-0.2134831460674036,-0.17477203647416317,0.31718476651863803,-0.7794676806083649,0.11111111111111072,-1.0,1.5688421773061372
2010-12-31,-0.10112359550561223,-0.6337386018237079,-0.2060287982774862,-0.29277566539923927,-0.2592592592592595,-1.0,1.0915356613101208
2011-01-31,-0.05617977528089568,-0.6914893617021272,-0.42134302247342215,0.209125475285171,-0.5555555555555554,-1.0,0.5378760322804573
2011-02-28,-0.3932584269662698,0.21732522796352605,-0.3960436011303998,-0.0570342205323191,-0.7037037037037037,-1.0,-0.35942691060192
2011-03-31,-0.6404494382022108,0.5410334346504566,-0.3220293365630469,-0.1939163498098857,-0.8518518518518521,-1.0,-1.1039874239494682
2011-04-30,-0.6853932584269558,0.609422492401217,-0.24128650248957073,0.08745247148288993,-0.925925925925926,-1.0,-1.4476307378021829
2011-05-31,-0.3033707865168367,0.29635258358662675,0.45014129995962837,0.049429657794676896,-0.925925925925926,-0.580669827190702,-1.1994559678421788
2011-06-30,0.07865168539325396,0.10942249240121704,0.5577984120575963,-0.18631178707224327,-0.8518518518518521,-0.580669827190702,-0.9512811978821748
2011-07-31,0.16853932584271547,-0.12158054711246091,0.7478132149105097,-0.482889733840304,-0.7037037037037037,3.058571647041042e-05,-0.3594269106019202
2011-08-31,0.21348314606743202,-0.29179331306990797,0.8923428879020321,-0.6730038022813687,-0.40740740740740744,0.4193607585257684,0.4806021466383384
2011-09-30,0.30337078651689353,-0.2112462006079019,0.828556048983986,-0.8022813688212926,-0.1111111111111116,-0.0967426211959016,1.0151825482764738
2011-10-31,-0.19101123595504532,-0.05927051671732464,0.5828286906203741,-0.7490494296577945,-0.185185185185186,-0.7419177244226947,1.1679249778113032
2011-11-30,-0.05617977528089568,-0.14741641337385936,-0.33548647557529276,-0.4524714828897338,-0.5555555555555554,-1.0,0.9197502078512996
2011-12-31,0.3258426966292234,-0.5972644376899692,-0.6937155160812811,0.11787072243346053,-0.7037037037037037,-1.0,0.6715754378912956
2012-01-31,0.2359550561797903,-0.41641337386018185,-0.7526577849549186,0.28517110266159706,-0.8518518518518521,-1.0,0.0797211506110409
2012-02-29,-0.41573033707862805,0.17021276595744705,-0.6802583770690351,0.07984790874524728,-0.925925925925926,-0.9677626548401896,-0.74122867923769
2012-03-31,-0.2808988764044784,0.39057750759878473,-0.8183286233346792,0.30798479087452524,-1.0000000000000004,-1.0,-1.2758090808758256
2012-04-30,-0.573033707865136,0.623100303951369,-0.0394294173058809,0.3916349809885933,-1.0000000000000004,-0.9354641382474385,-1.3903568521600638
2012-05-31,-0.07865168539322553,0.1443768996960495,0.5324989907145738,0.1482889733840307,-0.8518518518518521,-0.4193607585257685,-1.0467135383073491
2012-06-30,0.25842696629214856,-0.02127659574467966,0.6571120979679717,-0.33840304182509495,-0.7777777777777781,-0.22581434470102457,-0.5885224531703964
2012-07-31,0.2359550561797903,-0.26291793313069833,0.8673126093392542,-0.6653992395437263,-0.48148148148148184,0.22581434470102457,0.1369588327856239
2012-08-31,0.34831460674158166,-0.34650455927051604,0.946171443951016,-0.6730038022813687,-0.0370370370370372,0.6129071723505124,1.0724564339185931
2012-09-30,0.3932584269662982,-0.3191489361702122,0.9496703000942,-0.7642585551330798,0.48148148148148184,-0.1935158281082734,1.5497629499146095
2012-10-31,0.011235955056179137,-0.11854103343464928,0.7577714977795722,-0.8783269961977185,0.33333333333333304,-0.580669827190702,1.759743061624022
2012-11-30,-0.07865168539322553,-0.07294832826747655,0.23482707576369233,-0.7262357414448668,-0.1111111111111116,-1.0,1.4160997477713075
2012-12-31,0.1460674157303572,-0.5243161094224922,-0.22271565065267152,-0.14068441064638781,-0.48148148148148184,-1.0,0.9579086626343546
2013-01-31,0.28089887640450684,-0.3085106382978715,-0.5895572601264972,0.10266159695817523,-0.7037037037037037,-1.0,0.2324273766783344
2013-02-28,-0.25842696629212014,0.10030395136778125,-0.6232001076571122,-0.026615969581748722,-0.7777777777777781,-1.0,-0.7221494518461624
2013-03-31,-0.5505617977528061,0.7386018237082075,-0.1503162427667879,-0.01140684410646342,-0.8518518518518521,-1.0,-1.1994559678421788
2013-04-30,-0.37078651685393993,0.5303951367781163,0.19768537208989367,0.034220532319391594,-0.925925925925926,-0.7742162410154458,-1.314003739126417
2013-05-31,-0.10112359550561223,0.3829787234042561,0.34921275736778346,0.07224334600760485,-0.925925925925926,-0.6451445175103228,-1.1039874239494685
2013-06-30,0.1235955056179705,0.05927051671732553,0.626698963800296,-0.1558935361216729,-0.8518518518518521,-0.1935158281082734,-0.6266809079534519
2013-07-31,0.3932584269662982,-0.2173252279635256,0.8134840532902703,-0.6349809885931559,-0.5555555555555554,-0.25805168986083493,-0.1875690502080267
2013-08-31,0.19101123595504532,-0.3145896656534952,0.9009554568698692,-0.7718631178707223,-0.40740740740740744,0.1935769995412142,0.5188330083564658
2013-09-30,0.28089887640450684,-0.2112462006079019,0.8471269008208853,-0.9467680608365018,-0.185185185185186,-0.3225875516133966,0.9197502078512996
2013-10-31,0.1235955056179705,0.013677811550152796,0.266855066612838,-0.6958174904942964,-0.40740740740740744,-0.8386909313350666,0.8815917530682442
2013-11-30,-0.25842696629212014,0.13221884498480296,-0.40115731395505316,-0.46007604562737625,-0.6296296296296298,-1.0,0.6715754378912956
2013-12-31,0.16853932584271547,-0.20668693009118488,-0.6853720898936887,0.20152091254752857,-0.7777777777777781,-1.0,0.1942689218952792
2014-01-31,0.07865168539325396,-0.15805471124620052,-0.7610012111425112,0.20152091254752857,-0.8518518518518521,-1.0,-0.2448429358501458
2014-02-28,-0.14606741573032878,0.12006079027355732,-0.8990714574081551,0.6045627376425857,-0.925925925925926,-1.0,-0.9512449944146386
2014-03-31,-0.43820224719101475,0.5820668693009123,-0.6382721033508277,-0.07224334600760418,-1.0000000000000004,-1.0,-1.3521621939094723
2014-04-30,-0.43820224719101475,0.6914893617021294,-0.0006728569506124771,0.057034220532319546,-1.0000000000000004,-0.7419177244226947,-1.2948883082673532
2014-05-31,-0.25842696629212014,0.45440729483282727,0.2617413537881845,-0.1254752851711025,-0.925925925925926,-0.6451445175103228,-1.0848719930904045
2014-06-30,0.10112359550564065,0.2659574468085113,0.45014129995962837,-0.22433460076045608,-0.925925925925926,-0.3870622419330173,-0.7221132483786262
2014-07-31,0.460674157303373,0.08662613981762934,0.5392275602206968,-0.3992395437262355,-0.925925925925926,-0.35482489677320694,-0.3402752762753203
2014-08-31,0.3258426966292234,-0.26139817629179296,0.8740411788453772,-0.6653992395437263,-0.5555555555555554,0.387123413365958,0.4806745535734106
2014-09-30,0.34831460674158166,-0.2887537993920968,0.8942268873637462,-0.8250950570342204,-0.185185185185186,0.1935769995412142,1.1870766121379035
2014-10-31,0.1235955056179705,0.012158054711246535,0.5020858565468982,-0.6653992395437263,-0.2592592592592595,-0.8386909313350666,1.1298027264957846
2014-11-30,0.011235955056179137,0.05927051671732553,-0.1538150989099718,-0.49049429657794663,-0.5555555555555554,-1.0,0.9197864113188357
2014-12-31,0.34831460674158166,-0.3221884498480234,-0.6584578118691967,-0.01140684410646342,-0.7037037037037037,-1.0,0.5570276666070575
2015-01-31,0.6404494382022676,-0.6063829787234036,-0.8301709056654556,0.46768060836501935,-0.8518518518518521,-1.0,0.1751896945037514
2015-02-28,-0.14606741573032878,0.21732522796352605,-0.7174000807428342,0.011406844106464087,-0.925925925925926,-0.9677626548401896,-0.6266809079534519
2015-03-31,-0.32584269662919496,0.4939209726443776,-0.6501143856816042,0.11026615969581766,-1.0000000000000004,-1.0,-1.333082966517945
2015-04-30,-0.2134831460674036,0.6595744680851068,-0.6568429551877272,-0.07224334600760418,-1.0000000000000004,-1.0,-1.4285515104106552
2015-05-31,-0.2134831460674036,0.6458966565349549,0.04804198627371803,0.24714828897338448,-1.0000000000000004,-0.7096803792628843,-1.256729853484298
2015-06-30,0.19101123595504532,0.4300911854103351,0.2431705019512851,0.2243346007604563,-1.0000000000000004,-0.8064535861752562,-1.1421820822000597
2015-07-31,0.30337078651689353,0.010638297872341163,0.619970394294173,-0.42205323193916344,-0.925925925925926,-0.1935158281082734,-0.6648755662040432
2015-08-31,0.30337078651689353,-0.2948328267477196,0.9714708652940383,-0.8174904942965779,-0.48148148148148184,0.45159810368557896,0.1751534910362154
2015-09-30,0.28089887640450684,-0.19908814589665624,0.916027452563585,-0.9467680608365018,0.40740740740740744,0.6129071723505124,1.129730319560712
2015-10-31,0.16853932584271547,0.027355623100304705,0.6737989503431567,-0.9315589353612166,0.33333333333333304,-0.6774430341030739,1.320631203878597
2015-11-30,0.2359550561797903,-0.29331306990881423,-0.0074014264567354715,-0.3840304182509504,-0.185185185185186,-1.0,1.1488095469522397
2015-12-31,1.0,-0.9999999999999996,-0.3656304669627237,0.6045627376425857,-0.48148148148148184,-1.0,1.0342617756680017
2016-01-31,0.7078651685393424,-0.6914893617021272,-0.7090566545552416,0.6653992395437265,-0.7037037037037037,-1.0,0.5569552596719849
2016-02-29,0.16853932584271547,-0.15653495440729426,-0.8350154757098641,0.26235741444866933,-0.7777777777777781,-1.0,-0.3021530249598009
2016-03-31,-0.2808988764044784,0.7370820668693021,-0.5575292692773517,-0.2623574144486689,-0.8518518518518521,-0.9677626548401896,-1.2376506260927702
2016-04-30,-0.5056179775280611,0.7826747720364748,0.038083703404656166,0.1482889733840307,-0.925925925925926,-0.8064535861752562,-1.314003739126417
2016-05-31,-0.05617977528089568,0.6428571428571432,0.1707710940654017,0.368821292775666,-1.0000000000000004,-0.7419177244226947,-1.1612613095915874
2016-06-30,0.34831460674158166,0.24468085106383075,0.4164984524290134,-0.10266159695817456,-0.925925925925926,-0.45159810368557884,-0.8366972231304005
2016-07-31,0.30337078651689353,-0.15653495440729426,0.8099851971470864,-0.5741444866920151,-0.7037037037037037,0.16127848294846303,-0.1494105954249713
2016-08-31,0.3258426966292234,-0.22796352583586588,0.8788857488897861,-0.7718631178707223,-0.2592592592592595,0.2903502064535861,0.6142653487816403
2016-09-30,0.37078651685393993,-0.22796352583586588,0.88238460503297,-0.9999999999999999,0.11111111111111072,-0.03226793087628088,1.1679249778113037
2016-10-31,-0.05617977528089568,0.07142857142857206,0.41138473960435995,-0.7870722433460076,-0.1111111111111116,-0.9032267930876281,1.1106510921691843
2016-11-30,-0.03370786516853741,0.08206686930091234,-0.1368591037545419,-0.5741444866920151,-0.48148148148148184,-1.0,0.9579086626343546
2016-12-31,0.10112359550564065,-0.10182370820668663,-0.48674471807293784,-0.0570342205323191,-0.7037037037037037,-1.0,0.6333445761731679
2017-01-31,0.10112359550564065,-0.13373860182370745,-0.7645000672856952,0.17110266159695842,-0.7777777777777781,-1.0,-0.053942051532261
2017-02-28,0.056179775280924105,0.004559270516717895,-0.9628582963262011,0.657794676806084,-0.925925925925926,-1.0,-0.817617995738873
2017-03-31,-0.4831460674157313,0.5577507598784202,-0.8788857488897861,-0.01140684410646342,-1.0000000000000004,-1.0,-1.3903568521600638
2017-04-30,-0.5505617977528061,0.8100303951367787,-0.2563584981832865,0.011406844106464087,-1.0000000000000004,-0.7742162410154458,-1.314003739126417
2017-05-31,-0.16853932584268705,0.48328267477203735,0.2867716323509619,0.2547528517110269,-1.0000000000000004,-0.6774430341030739,-1.123102854808532
2017-06-30,0.1235955056179705,0.07598784194528907,0.6452698156371952,-0.36882129277566533,-0.7777777777777781,-0.12904113778865278,-0.6076378840294603
2017-07-31,0.460674157303373,-0.1823708206686927,0.8269411923025163,-0.5969581749049429,-0.48148148148148184,0.09680379262884231,0.0414902888929133
2017-08-31,0.25842696629214856,-0.2705167173252274,0.9176423092450543,-0.6730038022813687,-0.185185185185186,0.5806698271907018,0.9769878900258822
2017-09-30,0.28089887640450684,-0.2173252279635256,0.8974566007266853,-0.8707224334600758,0.18518518518518512,-0.35482489677320694,1.3588258621291882
2017-10-31,0.1460674157303572,-0.1778115501519748,0.4517561566410979,-0.7794676806083649,0.03703703703703631,-0.7096803792628843,1.39702052037978
2017-11-30,0.056179775280924105,-0.20516717325227907,-0.08491454716727231,-0.5513307984790874,-0.3333333333333339,-1.0,1.2061196360618949
2017-12-31,0.21348314606743202,-0.3723404255319145,-0.3675144664244382,-0.09505703422053213,-0.6296296296296298,-1.0,0.6906546652828232
2018-01-31,0.3932584269662982,-0.6869300911854102,-0.7241286502489572,0.30798479087452524,-0.7037037037037037,-1.0,0.0415264923604494
2018-02-28,-0.37078651685393993,0.19300911854103475,-0.6013995424572737,-0.01140684410646342,-0.8518518518518521,-1.0,-0.8939711087725195
2018-03-31,-0.41573033707862805,0.6291793313069913,-0.4582155833669763,-0.019011406844106293,-0.925925925925926,-0.9032267930876281,-1.2185351952337065
2018-04-30,-0.573033707865136,0.8981762917933143,-0.24801507199569373,0.19391634980988615,-1.0000000000000004,-1.0,-1.3903568521600638
2018-05-31,-0.25842696629212014,0.5227963525835877,0.23132821962050865,0.44486692015209117,-1.0000000000000004,-0.7419177244226947,-1.237614422625234
2018-06-30,0.21348314606743202,0.03039513677811634,0.6587269546494412,-0.13307984790874494,-0.8518518518518521,-0.45159810368557884,-0.9130503361640472
2018-07-31,0.3932584269662982,-0.19908814589665624,0.8269411923025163,-0.5893536121673002,-0.5555555555555554,0.16127848294846303,-0.2257637084586182
2018-08-31,0.34831460674158166,-0.3297872340425525,0.959628582963262,-0.6349809885931559,0.03703703703703631,0.8064535861752562,0.8433608913501169
2018-09-30,0.07865168539325396,-0.25683890577507507,0.9345983044004842,-0.9163498098859314,0.48148148148148184,-0.0967426211959016,1.320667407346133
2018-10-31,0.07865168539325396,-0.13981762917933072,0.7478132149105097,-0.8783269961977185,0.40740740740740744,-0.6451445175103228,1.5306837225230816
2018-11-30,0.011235955056179137,-0.2841945288753793,0.15919795451487007,-0.5665399239543725,-0.0370370370370372,-1.0,1.3779412929882524
2018-12-31,0.5056179775280896,-0.650455927051671,-0.26497106715112384,0.08745247148288993,-0.40740740740740744,-1.0,1.0533772065270657
2019-01-31,0.3258426966292234,-0.36018237082066795,-0.6315435338447047,-0.07224334600760418,-0.6296296296296298,-1.0,0.3660905788216364
2019-02-28,0.10112359550564065,-0.048632218844984365,-0.7930292019916567,0.11026615969581766,-0.7777777777777781,-1.0,-0.7030340209870987
2019-03-31,-0.23595505617976187,0.6018237082066875,-0.6046292558202128,-0.16349809885931532,-0.8518518518518521,-0.9677626548401896,-1.2185351952337065
2019-04-30,-0.5056179775280611,0.755319148936171,-0.13201453371013327,-0.03422053231939137,-0.925925925925926,-0.7419177244226947,-1.2758090808758256
2019-05-31,-0.2134831460674036,0.250759878419454,0.49374243035930543,0.07224334600760485,-0.8518518518518521,-0.580669827190702,-1.0276343109158217
2019-06-30,0.28089887640450684,0.14741641337386113,0.5828286906203741,-0.1254752851711025,-0.7777777777777781,-0.2902890350206454,-0.6076016805619242
2019-07-31,0.28089887640450684,-0.1823708206686927,0.8385143318530481,-0.6121673003802279,-0.48148148148148184,0.2903502064535861,0.1560742636446878
2019-08-31,0.43820224719101475,-0.3085106382978715,0.942941730588077,-0.5665399239543725,-0.185185185185186,0.2903502064535861,0.9197502078512996
2019-09-30,0.28089887640450684,-0.19452887537993835,0.9127977392006454,-0.9391634980988592,0.18518518518518512,-0.06450527603609113,1.4543306094894353
2019-10-31,-0.03370786516853741,-0.21428571428571397,0.8705423227021933,-0.8022813688212926,0.11111111111111072,-0.7419177244226947,1.4543306094894348
2019-11-30,-0.10112359550561223,-0.04559270516717273,0.11694253801641774,-0.6730038022813687,-0.185185185185186,-1.0,1.206155839529431
2019-12-31,0.28089887640450684,-0.5714285714285707,-0.39442874444893017,0.06463878326996197,-0.5555555555555554,-1.0,0.7861232091755337
2020-01-31,0.5280898876404763,-0.5364741641337378,-0.5744852644327817,0.48288973384030465,-0.7037037037037037,-1.0,0.022447264968922
2020-02-29,0.30337078651689353,-0.20516717325227907,-0.8417440452159871,0.6806083650190118,-0.8518518518518521,-1.0,-0.7412286792376899
2020-03-31,-0.37078651685393993,0.5653495440729497,-0.34894361458753875,-0.18631178707224327,-0.8518518518518521,-0.7419177244226947,-1.1421458787325236
2020-04-30,-0.2808988764044784,0.6200607902735573,0.06499798142914814,0.3612167300380231,-0.925925925925926,-0.8709894479278177,-1.2185351952337062
2020-05-31,-0.03370786516853741,0.623100303951369,0.1540842416902164,0.3307984790874525,-1.0000000000000004,-0.7419177244226947,-1.0657927656988768
2020-06-30,0.19101123595504532,0.18541033434650522,0.5341138473960434,-0.07224334600760418,-0.925925925925926,-0.6129071723505123,-0.8366972231304004
2020-07-31,0.07865168539325396,-0.1261398176291788,0.7577714977795722,-0.39163498098859306,-0.7777777777777781,-0.06450527603609113,-0.2830375941007371
2020-08-31,0.1235955056179705,-0.3024316109422487,0.9211411653882382,-0.28517110266159684,-0.40740740740740744,0.1935769995412142,0.4233644644637557
2020-09-30,0.16853932584271547,-0.27811550151975606,0.929484591575831,-0.7262357414448668,0.03703703703703631,0.12904113778865267,0.9388294352428276
2020-10-31,0.19101123595504532,-0.20060790273556162,0.6148566814695196,-0.6958174904942964,0.03703703703703631,-0.580669827190702,1.1106510921691843
2020-11-30,0.2359550561797903,-0.2112462006079019,0.04804198627371803,-0.11026615969581743,-0.40740740740740744,-1.0,0.957908662634355
2020-12-31,0.1235955056179705,-0.17173252279635243,-0.27331449333871616,-0.1558935361216729,-0.6296296296296298,-1.0,0.7288131200658784
2021-01-31,0.10112359550564065,-0.2735562310030386,-0.6113578253263358,0.3384030418250954,-0.7777777777777781,-1.0,0.1751534910362154
2021-02-28,0.056179775280924105,-0.10638297872340363,-0.8148297671914951,0.46768060836501935,-0.8518518518518521,-1.0,-0.5312485675282774
2021-03-31,-0.4606741573033446,0.47416413373860244,-0.4060018839994618,0.26235741444866933,-0.925925925925926,-0.9032267930876281,-1.1421820822000597
2021-04-30,-0.5955056179775227,0.7765957446808516,-0.3053424841878618,0.31558935361216767,-1.0000000000000004,-0.9413977672426976,-1.3556739302604743
2021-05-31,-0.3033707865168367,0.7492401215805478,0.041313416767595035,0.3612167300380231,-1.0000000000000004,-0.7866340419024316,-1.229396235494538
2021-06-30,0.1235955056179705,0.19756838905775176,0.4719418651594669,0.011406844106464087,-0.925925925925926,-0.3664474690319621,-0.8544369222230922
2021-07-31,0.3932584269662982,-0.11094224924012064,0.7478132149105097,-0.1939163498098857,-0.7777777777777781,0.14604679614619975,-0.1761649579341533
2021-08-31,0.30337078651689353,-0.31155015197568314,0.9615125824249762,-0.7338403041825095,-0.185185185185186,0.6808074629148186,0.8185977195554206
2021-09-30,0.25842696629214856,-0.2522796352583585,0.9109137397389313,-0.8555133079847907,0.33333333333333304,0.06542284753020322,1.3918796279896526
2021-10-31,0.011235955056179137,-0.018237082066868027,0.5946709729511506,-0.9087452471482889,0.11111111111111072,-0.8309833307845236,1.4572268868923235
2021-11-30,-0.07865168539322553,-0.015197568389057281,0.07334140761674046,-0.5361216730038021,-0.3333333333333339,-0.9988377427741245,1.331637058009573
2021-12-31,0.2359550561797903,-0.4817629179331302,-0.3338716188938232,0.4220532319391639,-0.6296296296296298,-1.0,0.9566777447381272
